plant_density_ha,temperature_c,rainfall_irrigation_mm,humidity_perc,wind_speed_m_s,sunlight_exposure_h_day,soil_ph,soil_texture_level,severity_level,yield_kg_ha
135000,31.04,1420,69,1.06,8.20,0.20,9,0,6000
134500,30.54,1410,70,0.67,8.50,0.20,9,0,5999
134500,30.54,1410,70,0.67,8.50,0.20,9,1,5999
134500,30.54,1410,70,0.67,8.50,0.20,9,2,5999
135500,31.24,1410,68,1.54,7.85,5.50,9,3,5999
135500,31.24,1410,68,1.54,7.85,5.50,9,4,5999
135500,31.24,1410,68,1.54,7.85,5.50,9,5,5999
135500,31.24,1410,68,1.54,7.85,5.50,9,6,5999
134500,30.54,1410,70,0.67,8.50,0.20,9,0,5999
135500,31.24,1410,68,1.54,7.85,5.50,9,0,5999
135000,30.34,1400,68,0.75,7.90,5.50,10,0,5999
135000,30.60,1380,69,0.80,7.95,5.50,10,0,5999
135000,30.89,1400,70,0.81,8.05,0.10,10,0,5999
135000,31.38,1390,68,0.75,7.85,5.50,9,0,5998
135000,30.48,1410,68,0.76,7.95,5.60,8,0,5998
135000,30.57,1370,69,0.79,7.90,5.50,9,0,5996
135000,30.94,1410,70,0.81,8.10,0.20,9,0,5996
135000,31.04,1420,69,1.71,8.50,0.20,9,0,5996
135000,31.30,1380,68,0.74,7.80,5.50,8,0,5996
135000,30.51,1420,68,0.76,8.00,0.10,10,0,5996
134000,31.04,1420,69,1.71,8.50,0.20,9,0,5996
136000,31.04,1420,69,1.06,8.20,0.20,9,0,5996
134000,31.04,1420,69,1.71,8.50,0.20,9,0,5996
134000,31.04,1420,69,1.71,8.50,0.20,9,6,5996
134000,31.04,1420,69,1.71,8.50,0.20,9,7,5996
136000,31.04,1420,69,1.06,8.20,0.20,9,7,5996
136000,31.04,1420,69,1.06,8.20,0.20,9,7,5996
135000,31.10,1430,69,1.72,7.50,5.50,8,0,5994
135000,31.24,1370,68,0.74,7.75,0.20,9,0,5993
135000,30.54,1430,68,0.77,8.05,0.20,9,0,5993
135000,30.48,1380,69,1.69,7.95,0.20,9,0,5993
135000,30.51,1390,69,1.69,8.00,5.30,9,0,5993
133500,31.16,1410,68,1.74,7.55,0.10,10,0,5992
136500,31.38,1360,68,1.68,7.85,0.10,10,0,5992
133500,31.16,1410,68,1.74,7.55,0.10,10,2,5992
133500,31.16,1410,68,1.74,7.55,0.10,10,8,5992
136500,31.38,1360,68,1.68,7.85,0.10,10,7,5992
136500,31.38,1360,68,1.68,7.85,0.10,10,8,5992
136500,31.38,1360,68,1.68,7.85,0.10,10,9,5992
136500,31.38,1360,68,1.68,7.85,0.10,10,9,5992
135000,30.57,1360,68,0.79,7.85,5.50,8,0,5992
135000,31.04,1420,70,0.82,8.15,5.50,8,0,5992
135000,31.16,1440,70,1.72,7.55,5.50,9,0,5990
135000,31.10,1400,68,1.74,7.50,5.60,8,0,5989
135000,31.16,1410,68,1.74,7.55,0.10,10,0,5989
135000,31.19,1420,68,1.65,7.60,0.20,9,0,5989
135000,31.20,1430,68,1.66,7.65,5.50,8,0,5989
135000,31.24,1440,68,1.66,7.70,5.50,9,0,5989
135000,31.24,1450,68,1.67,7.75,5.50,10,0,5989
135000,31.30,1350,68,1.67,7.80,5.60,8,0,5989
135000,31.38,1360,68,1.68,7.85,0.10,10,0,5989
135000,30.34,1370,68,1.68,7.90,0.20,9,0,5989
135000,31.24,1360,68,0.73,7.70,0.10,10,0,5987
135000,30.57,1440,68,0.77,8.10,5.50,8,0,5987
135000,30.54,1350,68,0.78,7.80,0.20,9,0,5986
135000,31.04,1430,70,0.82,8.20,5.50,9,0,5986
135000,31.19,1450,70,1.73,7.60,5.50,10,0,5986
133000,30.34,1370,68,1.68,7.90,0.20,9,10,5986
137000,31.04,1420,69,1.71,8.50,0.20,9,2,5986
137000,31.04,1420,69,1.71,8.50,0.20,9,8,5986
137000,31.04,1420,69,1.71,8.50,0.20,9,9,5986
133000,30.34,1370,68,1.68,7.90,0.20,9,0,5986
137000,31.04,1420,69,1.71,8.50,0.20,9,0,5986
135000,30.54,1400,69,1.70,8.05,5.70,10,0,5984
135000,30.73,1390,69,0.80,8.00,5.20,8,0,5984
135000,31.20,1350,70,0.73,7.65,5.60,8,0,5981
135000,30.57,1450,69,0.78,8.15,5.50,9,0,5981
135000,31.20,1350,70,1.73,7.65,5.60,8,0,5981
135000,30.51,1450,68,0.78,7.75,0.10,10,0,5978
135000,31.10,1440,68,0.83,8.25,5.50,10,0,5978
132500,31.24,1440,69,0.74,8.15,5.50,9,0,5978
137500,30.48,1370,70,0.76,8.35,0.20,9,0,5978
132500,31.24,1440,69,0.74,8.15,5.50,9,7,5978
132500,31.24,1440,69,0.74,8.15,5.50,9,7,5978
132500,31.24,1440,69,0.74,8.15,5.50,9,8,5978
137500,30.48,1370,70,0.76,8.35,0.20,9,10,5978
137500,30.48,1370,70,0.76,8.35,0.20,9,6,5978
137500,30.48,1370,70,0.76,8.35,0.20,9,6,5978
137500,30.48,1370,70,0.76,8.35,0.20,9,7,5978
135000,31.24,1360,70,1.74,7.70,0.10,10,0,5975
135000,31.19,1340,70,0.72,7.60,5.50,10,0,5973
135000,30.60,1460,69,0.78,8.20,5.50,10,0,5973
135000,30.73,1360,68,1.10,8.30,5.80,8,0,5971
135000,30.89,1370,68,1.11,8.35,5.10,10,0,5971
135000,30.57,1410,70,1.70,8.10,5.60,8,0,5969
135000,30.57,1420,70,1.71,8.15,0.10,10,0,5969
135000,30.60,1430,70,1.71,8.20,0.20,9,0,5969
135000,30.73,1440,70,1.72,8.25,5.50,8,0,5969
135000,30.48,1440,68,0.77,7.70,5.60,8,0,5968
135000,31.16,1450,68,0.83,8.30,5.60,8,0,5968
135000,31.24,1370,68,1.74,7.75,0.20,9,0,5968
132000,30.60,1380,68,1.04,8.00,5.50,9,0,5968
138000,31.04,1430,68,1.61,8.50,5.50,10,0,5968
132000,30.60,1380,68,1.04,8.00,5.50,9,0,5968
132000,30.60,1380,68,1.04,8.00,5.50,9,3,5968
132000,30.60,1380,68,1.04,8.00,5.50,9,5,5968
132000,30.60,1380,68,1.04,8.00,5.50,9,6,5968
135000,31.16,1330,70,0.72,7.55,5.50,9,0,5963
135000,30.73,1470,69,0.79,8.25,5.60,8,0,5963
135000,31.30,1380,68,1.75,7.80,5.50,8,0,5961
135000,30.34,1430,68,0.77,7.65,5.50,10,0,5957
135000,31.19,1350,68,0.84,8.35,0.10,10,0,5957
131500,31.24,1430,68,1.44,7.90,0.20,9,0,5957
138500,30.94,1370,68,1.30,7.55,5.50,9,0,5957
135000,30.94,1380,68,1.11,8.40,5.90,9,0,5955
135000,31.04,1390,68,1.12,8.45,5.00,9,0,5955
135000,31.10,1320,70,0.71,7.50,5.50,8,0,5952
135000,30.89,1480,70,0.79,8.30,0.10,10,0,5952
135000,31.38,1390,68,1.75,7.85,5.50,9,0,5952
135000,30.34,1400,70,1.07,7.95,5.60,8,0,5946
135000,30.48,1410,70,1.07,8.00,0.10,10,0,5946
135000,30.51,1420,70,1.08,8.05,0.20,9,0,5946
135000,30.54,1430,68,1.08,8.10,5.50,8,0,5946
135000,30.57,1440,68,1.09,8.15,5.50,9,0,5946
135000,30.57,1450,68,1.09,8.20,5.50,10,0,5946
135000,30.60,1350,68,1.10,8.25,5.60,8,0,5946
135000,31.10,1410,69,1.13,7.50,5.60,8,0,5946
135000,31.16,1420,69,1.13,7.55,0.10,10,0,5946
135000,31.19,1430,69,1.14,7.60,0.20,9,0,5946
135000,31.20,1440,70,1.14,7.65,5.50,8,0,5946
135000,31.24,1450,70,1.15,7.70,5.50,9,0,5946
135000,31.24,1350,70,1.15,7.75,5.50,10,0,5946
135000,31.30,1360,70,1.16,7.80,5.60,8,0,5946
135000,31.38,1370,68,1.16,7.85,0.10,10,0,5946
135000,31.38,1420,68,0.76,7.60,5.50,9,0,5944
135000,31.20,1360,68,0.84,8.40,0.20,9,0,5944
135000,30.94,1400,68,1.76,7.90,5.50,10,0,5943
131000,31.16,1410,68,1.74,7.55,0.10,10,0,5943
139000,31.04,1360,68,0.86,8.35,5.50,10,0,5943
135000,31.04,1310,69,0.71,8.50,0.20,9,0,5940
135000,30.94,1490,70,0.80,8.35,0.20,9,0,5940
135000,30.89,1360,67,1.72,8.35,0.20,9,0,5937
135000,30.94,1370,67,1.72,8.40,5.50,8,0,5937
135000,31.04,1380,67,1.73,8.45,5.50,9,0,5937
135000,31.04,1390,67,1.73,8.50,5.50,10,0,5937
135000,31.04,1400,68,1.12,8.50,6.00,10,0,5935
135000,31.04,1390,68,0.60,7.85,4.90,8,0,5935
135000,31.04,1410,68,1.76,7.95,5.60,8,0,5933
135000,31.30,1410,68,0.76,7.55,5.50,8,0,5929
135000,31.24,1370,68,0.85,8.45,5.50,8,0,5929
130500,31.24,1380,68,1.09,7.50,5.50,8,0,5929
139500,31.04,1380,68,0.71,7.85,5.50,9,0,5929
135000,31.04,1300,69,0.70,8.45,0.10,10,0,5926
135000,31.04,1500,70,0.80,8.40,5.50,8,0,5926
135000,31.04,1420,68,1.77,8.00,0.10,10,0,5923
135000,31.24,1400,68,0.75,7.50,0.20,9,0,5912
135000,31.24,1380,68,0.85,8.50,5.50,9,0,5912
135000,31.10,1430,68,1.77,8.05,0.20,9,0,5912
130000,31.16,1410,68,1.74,7.55,0.10,10,0,5912
140000,30.51,1360,70,0.92,7.85,5.50,9,0,5912
135000,31.04,1400,68,0.61,7.90,6.10,8,0,5911
135000,31.10,1410,68,0.61,7.95,4.80,10,0,5911
135000,30.94,1290,69,0.70,8.40,5.60,8,0,5911
135000,31.04,1510,70,0.81,8.45,5.50,9,0,5911
135000,31.16,1440,68,1.78,8.10,5.50,8,0,5899
135000,30.89,1450,71,1.72,8.30,5.50,9,0,5897
135000,30.94,1350,71,1.73,8.35,5.50,10,0,5897
135000,31.04,1360,71,1.73,8.40,5.60,8,0,5897
135000,31.04,1370,71,1.74,8.45,0.10,10,0,5897
135000,31.10,1380,71,1.74,8.50,0.20,9,0,5897
135000,31.16,1390,71,1.65,7.50,5.50,8,0,5897
135000,31.19,1400,71,1.66,7.55,5.50,9,0,5897
135000,31.20,1410,71,1.66,7.60,5.50,10,0,5897
135000,30.89,1280,68,0.69,8.35,5.50,10,0,5894
135000,31.10,1520,68,0.81,8.50,5.50,10,0,5894
135000,31.24,1390,68,0.75,7.45,0.10,10,0,5894
135000,31.30,1390,68,0.86,8.55,5.50,10,0,5894
129500,31.04,1420,69,1.06,8.20,0.20,9,0,5894
140500,30.34,1380,69,0.65,8.35,5.50,10,0,5894
135000,30.14,1360,69,1.05,7.75,0.20,9,0,5892
135000,30.21,1370,69,1.05,7.80,5.50,8,0,5892
135000,30.24,1380,69,1.06,7.85,5.50,9,0,5892
135000,30.24,1390,70,1.06,7.90,5.50,10,0,5892
135000,31.19,1450,68,1.78,8.15,5.50,9,0,5887
135000,31.16,1420,68,0.62,8.00,6.20,9,0,5884
135000,31.19,1430,68,0.62,8.05,4.70,9,0,5884
135000,30.73,1270,68,0.69,8.30,5.50,9,0,5877
135000,31.16,1530,68,0.82,7.50,5.60,8,0,5877
135000,31.20,1380,70,0.74,7.40,5.60,8,0,5874
135000,31.38,1400,68,0.86,8.60,5.60,8,0,5874
129000,31.20,1450,68,1.18,8.40,5.50,8,0,5874
141000,31.20,1400,70,0.83,8.00,5.50,9,0,5874
135000,31.20,1350,68,1.79,8.20,5.50,10,0,5873
135000,31.24,1360,68,1.79,8.25,5.60,8,0,5859
135000,30.60,1260,68,0.68,8.25,5.50,8,0,5857
135000,31.19,1540,68,0.82,7.55,0.10,10,0,5857
135000,31.20,1440,68,0.63,8.10,6.30,10,0,5854
135000,31.24,1450,68,0.63,8.15,4.60,8,0,5854
128500,30.51,1400,70,0.66,8.45,0.10,10,0,5852
141500,30.94,1380,68,1.11,8.40,5.50,8,0,5852
135000,31.19,1370,70,0.74,7.35,5.50,10,0,5852
135000,30.34,1410,68,0.87,8.65,0.10,10,0,5852
135000,30.51,1410,66,1.69,8.05,0.20,9,0,5845
135000,30.54,1420,66,1.69,8.10,5.50,8,0,5845
135000,30.57,1430,66,1.70,8.15,5.50,9,0,5845
135000,30.57,1440,66,1.70,8.20,5.50,10,0,5845
135000,30.60,1450,66,1.71,8.25,5.60,8,0,5845
135000,30.73,1350,66,1.71,8.30,0.10,10,0,5845
135000,31.24,1370,68,1.80,8.30,0.10,10,0,5844
135000,30.11,1350,68,1.04,7.70,0.10,10,0,5838
135000,31.72,1380,68,1.17,7.90,0.20,9,0,5838
135000,30.57,1250,68,0.68,8.20,0.20,9,0,5836
135000,31.20,1550,68,0.83,7.60,0.20,9,0,5836
135000,31.16,1360,70,0.73,7.30,5.50,9,0,5829
135000,30.48,1420,68,0.87,8.70,0.20,9,0,5829
128000,30.34,1360,70,0.75,8.30,0.10,10,0,5829
142000,30.54,1370,68,0.92,7.90,5.50,10,0,5829
135000,31.30,1380,68,1.80,8.35,0.20,9,0,5828
135000,31.24,1350,68,0.64,8.20,6.40,8,0,5820
135000,31.30,1360,68,0.64,8.25,4.50,10,0,5820
135000,30.57,1240,68,0.67,8.15,0.10,10,0,5814
135000,31.24,1560,68,0.83,7.65,5.50,8,0,5814
135000,31.38,1390,68,1.81,8.45,5.50,8,0,5811
135000,31.10,1350,70,0.73,7.25,5.50,8,0,5804
135000,30.51,1430,68,0.88,8.75,5.50,8,0,5804
127500,30.54,1400,69,1.70,8.05,5.50,10,0,5804
142500,31.30,1350,68,1.29,8.50,0.20,9,0,5804
135000,30.34,1400,69,1.81,8.50,5.50,9,0,5794
135000,30.54,1230,68,0.67,8.10,5.60,8,0,5791
135000,31.24,1570,68,0.84,7.70,5.50,9,0,5791
135000,31.24,1420,72,1.67,7.65,5.60,8,0,5786
135000,31.24,1430,72,1.67,7.70,0.10,10,0,5786
135000,31.30,1440,72,1.68,7.75,0.20,9,0,5786
135000,31.38,1450,72,1.68,7.80,5.50,8,0,5786
135000,30.34,1350,72,1.69,7.85,5.50,9,0,5786
135000,30.48,1360,72,1.69,7.90,5.50,10,0,5786
135000,29.89,1450,68,1.04,7.65,5.60,8,0,5784
135000,31.85,1390,68,1.17,7.95,5.50,8,0,5784
135000,31.38,1370,69,0.65,8.30,6.50,9,0,5783
135000,30.34,1380,69,0.65,8.35,4.40,9,0,5783
127000,31.30,1430,68,0.84,8.15,0.10,10,0,5777
143000,30.73,1350,69,1.24,7.95,5.50,8,0,5777
135000,31.04,1450,69,0.72,7.20,0.20,9,0,5777
135000,30.54,1440,68,0.88,8.80,5.50,9,0,5777
135000,30.48,1410,69,1.82,7.50,5.50,10,0,5776
135000,30.51,1220,68,0.66,8.05,5.50,10,0,5766
135000,31.30,1580,68,0.84,7.75,5.50,10,0,5766
135000,30.51,1420,69,1.82,7.55,5.60,8,0,5758
135000,31.04,1440,69,0.72,7.15,0.10,10,0,5749
135000,30.57,1450,68,0.89,8.85,5.50,10,0,5749
126500,30.54,1350,68,0.78,7.80,0.20,9,0,5749
143500,31.24,1360,68,1.19,8.50,5.50,10,0,5749
135000,30.48,1390,69,0.66,8.40,6.60,10,0,5743
135000,30.51,1400,70,0.66,8.45,4.30,8,0,5743
135000,30.48,1210,68,0.66,8.00,5.50,9,0,5740
135000,31.38,1590,68,0.85,7.80,5.60,8,0,5740
135000,30.54,1430,70,1.83,7.60,0.10,10,0,5738
135000,30.57,1420,70,0.67,7.50,5.50,8,1,5733
135000,29.75,1440,68,1.03,7.60,5.50,10,0,5730
135000,31.89,1400,68,1.18,8.00,5.50,9,0,5730
135000,31.96,1410,68,1.18,8.05,5.50,10,0,5730
135000,30.94,1430,69,0.71,7.10,5.60,8,0,5720
135000,30.57,1350,68,0.89,8.90,5.60,8,0,5720
126000,30.94,1410,70,0.81,8.10,0.20,9,0,5719
144000,30.57,1370,69,0.79,7.90,5.50,9,0,5719
135000,30.57,1440,70,1.83,7.65,0.20,9,0,5718
135000,31.30,1370,65,1.67,7.85,5.50,9,0,5715
135000,31.38,1380,65,1.67,7.90,5.50,10,0,5715
135000,30.34,1390,65,1.68,7.95,5.60,8,0,5715
135000,30.48,1400,65,1.68,8.00,0.10,10,0,5715
135000,30.34,1200,68,0.65,7.95,5.50,8,0,5713
135000,30.34,1600,68,0.85,7.85,0.10,10,0,5713
135000,30.54,1410,70,0.67,8.50,6.70,8,0,5700
135000,30.57,1420,70,0.67,7.50,4.20,10,0,5700
135000,30.57,1450,70,1.84,7.70,5.50,8,0,5697
135000,31.38,1420,68,0.71,7.05,5.50,10,0,5688
135000,30.60,1360,69,0.90,8.95,0.10,10,0,5688
125500,31.10,1390,68,0.71,7.90,5.50,10,0,5688
144500,30.34,1430,68,1.01,7.70,5.50,9,0,5688
135000,31.38,1190,70,0.65,7.90,0.20,9,0,5684
135000,30.48,1610,69,0.86,7.90,0.20,9,0,5684
135000,30.60,1350,70,1.84,7.75,5.50,9,0,5676
135000,29.68,1420,68,1.02,7.50,5.50,8,0,5676
135000,29.73,1430,68,1.03,7.55,5.50,9,0,5676
135000,32.04,1420,68,1.19,8.10,5.60,8,0,5676
135000,31.30,1410,68,0.70,7.00,5.50,9,0,5656
135000,30.73,1370,69,0.90,9.00,0.20,9,0,5656
125000,30.89,1400,69,1.05,8.10,5.60,8,0,5656
145000,30.94,1450,68,0.85,8.25,5.50,8,0,5656
135000,31.30,1180,70,0.64,7.85,0.10,10,0,5654
135000,30.51,1620,69,0.86,7.95,5.50,8,0,5654
135000,30.73,1360,68,1.85,7.80,5.50,10,0,5654
135000,30.57,1430,70,0.68,7.55,6.80,9,0,5653
135000,30.60,1440,68,0.68,7.60,4.10,9,0,5653
135000,30.51,1370,73,1.70,7.95,5.60,8,0,5638
135000,30.54,1380,73,1.70,8.00,0.10,10,0,5638
135000,30.57,1390,73,1.71,8.05,0.20,9,0,5638
135000,30.89,1370,68,1.85,7.85,5.60,8,0,5631
135000,31.24,1170,70,0.64,7.80,5.60,8,0,5623
135000,30.54,1630,69,0.87,8.00,5.50,9,0,5623
135000,29.57,1410,68,1.02,8.50,0.20,9,0,5622
135000,32.14,1430,68,1.19,8.15,0.10,10,0,5622
135000,31.24,1400,68,0.70,6.95,5.50,8,0,5621
135000,30.89,1380,69,0.91,9.05,5.50,8,0,5621
124500,30.48,1370,70,0.76,8.35,0.20,9,0,5621
145500,30.73,1390,69,0.80,8.00,5.60,8,0,5621
135000,30.94,1380,68,1.86,7.90,0.10,10,0,5608
135000,30.73,1450,68,0.69,7.65,6.90,10,0,5603
135000,30.89,1350,68,0.69,7.70,4.00,8,0,5603
135000,31.24,1160,70,0.63,7.75,5.50,10,0,5591
135000,30.57,1640,70,0.87,8.05,5.50,10,0,5591
135000,31.24,1390,68,0.69,6.90,0.20,9,0,5586
135000,30.94,1390,70,0.91,9.10,5.50,9,0,5586
124000,31.16,1400,68,0.72,7.95,5.60,8,0,5586
146000,31.24,1420,70,0.84,8.10,5.60,8,0,5586
135000,31.04,1390,68,1.86,7.95,0.20,9,0,5584
135000,29.47,1390,68,1.01,8.40,5.60,8,0,5568
135000,29.47,1400,68,1.01,8.45,0.10,10,0,5568
135000,32.26,1440,68,1.20,8.20,0.20,9,0,5568
135000,31.04,1400,68,1.87,8.00,5.50,8,0,5559
135000,31.20,1150,69,0.63,7.70,5.50,9,0,5558
135000,30.57,1650,70,0.88,8.10,5.60,8,0,5558
135000,30.94,1360,68,0.70,7.75,7.00,8,0,5551
135000,31.04,1370,68,0.70,7.80,3.90,10,0,5551
123500,31.04,1430,68,1.61,8.50,5.50,10,0,5549
146500,31.10,1390,68,0.71,7.90,5.50,10,0,5549
135000,31.20,1380,68,0.69,6.85,0.10,10,0,5549
135000,31.04,1400,70,0.92,9.15,5.50,10,0,5549
135000,31.16,1430,64,1.74,7.60,5.50,10,0,5548
135000,31.19,1440,64,1.74,7.65,5.60,8,0,5548
135000,31.20,1450,64,1.65,7.70,0.10,10,0,5548
135000,31.24,1350,64,1.66,7.75,0.20,9,0,5548
135000,31.24,1360,64,1.66,7.80,5.50,8,0,5548
135000,31.10,1410,68,1.87,8.05,5.50,9,0,5534
135000,31.19,1140,69,0.62,7.65,5.50,8,0,5523
135000,30.60,1660,70,0.88,8.15,0.10,10,0,5523
135000,29.36,1450,70,0.98,8.15,0.10,10,0,5514
135000,29.38,1350,70,0.99,8.20,0.20,9,0,5514
135000,29.39,1360,70,0.99,8.25,5.50,8,0,5514
135000,29.39,1370,70,1.00,8.30,5.50,9,0,5514
135000,29.41,1380,68,1.00,8.35,5.50,10,0,5514
135000,32.29,1450,68,1.20,8.25,5.50,8,0,5514
135000,31.19,1370,68,0.68,6.80,5.60,8,0,5510
135000,31.04,1410,70,0.92,9.20,5.60,8,0,5510
123000,31.10,1370,69,0.81,7.85,0.10,10,0,5510
147000,31.04,1390,70,1.26,8.15,0.10,10,0,5510
135000,31.16,1420,68,1.88,8.10,5.50,10,0,5508
135000,31.04,1380,68,0.71,7.85,7.10,9,0,5500
135000,31.10,1390,68,0.71,7.90,5.50,7,0,5500
135000,31.16,1400,68,0.72,7.95,5.50,11,0,5495
135000,31.19,1410,68,0.72,8.00,3.80,9,0,5495
135000,31.16,1130,69,0.62,7.60,0.20,9,0,5488
135000,30.73,1670,70,0.89,8.20,0.20,9,0,5488
135000,31.19,1430,68,1.88,8.15,5.60,8,0,5482
135000,31.16,1360,68,0.68,6.75,5.50,10,0,5471
135000,31.10,1420,70,0.93,9.25,0.10,10,0,5471
122500,31.04,1450,68,0.96,8.30,0.10,10,0,5471
147500,30.73,1350,69,1.24,7.95,5.50,8,0,5471
135000,29.29,1430,69,0.97,8.05,5.50,10,0,5459
135000,29.33,1440,69,0.98,8.10,5.60,8,0,5459
135000,32.36,1350,69,1.21,8.30,5.50,9,0,5459
135000,32.36,1360,69,1.21,8.35,5.50,10,0,5459
135000,32.40,1370,69,1.22,8.40,5.60,8,0,5459
135000,32.41,1380,70,1.22,8.45,0.10,10,0,5459
135000,32.42,1390,70,1.23,8.50,0.20,9,0,5459
135000,30.57,1400,74,1.71,8.10,5.50,8,0,5455
135000,30.60,1410,74,1.72,8.15,5.50,9,0,5455
135000,30.73,1420,74,1.72,8.20,5.50,10,0,5455
135000,30.89,1430,74,1.73,8.25,5.60,8,0,5455
135000,30.94,1440,74,1.73,8.30,0.10,10,0,5455
135000,31.20,1440,68,1.89,8.20,0.10,10,0,5455
135000,31.10,1120,68,0.61,7.55,0.10,10,0,5451
135000,30.89,1680,70,0.89,8.25,5.50,8,0,5451
135000,31.20,1420,69,0.73,8.05,7.20,10,0,5437
135000,31.24,1430,69,0.73,8.10,3.70,8,0,5437
122000,30.73,1350,69,1.24,7.95,5.50,8,0,5430
148000,31.19,1410,68,0.72,8.00,0.10,10,0,5430
135000,31.10,1350,68,0.67,6.70,5.50,9,0,5430
135000,31.16,1430,68,0.93,9.30,0.20,9,0,5430
135000,31.24,1450,69,1.89,8.25,0.20,9,0,5427
135000,31.04,1110,68,0.61,7.50,5.60,8,0,5413
135000,30.94,1690,70,0.90,8.30,5.50,9,0,5413
135000,29.20,1400,68,0.96,7.90,0.20,9,0,5405
135000,29.22,1410,68,0.96,7.95,5.50,8,0,5405
135000,29.24,1420,69,0.97,8.00,5.50,9,0,5405
135000,32.49,1400,70,1.23,7.50,5.50,8,0,5405
135000,31.24,1350,69,1.90,8.30,5.50,8,0,5399
135000,31.04,1450,68,0.67,6.65,5.50,8,0,5387
135000,31.19,1440,68,0.94,9.35,5.50,8,0,5387
121500,31.24,1410,70,0.83,8.05,5.50,10,0,5387
148500,30.57,1410,68,1.38,8.30,0.10,10,0,5387
135000,31.24,1440,69,0.74,8.15,7.30,8,0,5376
135000,31.30,1450,70,0.74,8.20,3.60,10,0,5376
135000,31.04,1100,68,0.60,8.50,5.50,10,0,5374
135000,31.04,1700,70,0.90,8.35,5.50,10,0,5374
135000,31.30,1360,69,1.90,8.35,5.50,9,0,5370
135000,31.04,1400,63,1.72,8.50,0.20,9,0,5349
135000,31.04,1410,63,1.73,7.50,5.50,8,0,5349
135000,31.10,1420,63,1.73,7.55,5.50,9,0,5349
135000,31.04,1440,70,0.66,6.60,0.20,9,0,5344
135000,31.20,1450,68,0.94,9.40,5.50,9,0,5344
121000,30.57,1390,69,1.48,8.25,5.50,8,0,5344
149000,30.48,1360,68,1.46,8.10,5.60,8,0,5344
135000,31.38,1370,70,1.91,8.40,5.50,10,0,5341
135000,30.94,1090,68,1.74,8.45,5.50,9,0,5334
135000,31.04,1710,68,0.91,8.40,5.60,8,0,5334
135000,31.38,1350,70,0.75,8.25,7.40,9,0,5313
135000,30.34,1360,70,0.75,8.30,3.50,9,0,5313
135000,30.34,1380,70,1.91,8.45,5.60,8,0,5311
135000,30.94,1430,70,0.66,6.55,0.10,10,0,5299
135000,31.24,1350,68,0.95,9.45,5.50,10,0,5299
120500,30.73,1450,68,0.69,7.65,5.60,8,0,5299
149500,30.54,1400,69,1.70,8.05,5.50,10,0,5299
135000,32.62,1410,70,1.24,7.55,5.50,9,0,5297
135000,30.89,1080,68,1.74,8.40,5.50,8,0,5293
135000,31.10,1720,68,0.91,8.45,0.10,10,0,5293
135000,30.48,1390,70,1.92,8.50,0.10,10,0,5280
135000,30.89,1420,70,0.65,6.50,5.60,8,0,5253
135000,31.24,1360,68,0.95,9.50,5.60,8,0,5253
120000,30.94,1410,70,0.81,8.10,0.20,9,0,5253
150000,31.04,1380,70,1.25,8.10,5.60,8,0,5253
135000,30.73,1070,68,1.73,8.35,0.20,9,0,5251
135000,31.16,1730,68,0.92,8.50,0.20,9,0,5251
135000,30.51,1400,70,1.92,7.50,0.20,9,0,5249
135000,30.48,1370,70,0.76,8.35,7.50,10,0,5247
135000,30.51,1380,68,0.76,8.40,3.40,8,0,5247
135000,28.98,1380,68,0.95,7.80,5.60,8,0,5243
135000,29.01,1390,68,0.95,7.85,0.10,10,0,5243
135000,32.67,1420,68,1.24,7.60,5.50,10,0,5243
135000,31.04,1450,75,1.74,8.35,0.20,9,0,5242
135000,31.04,1350,75,1.74,8.40,5.50,8,0,5242
135000,31.10,1360,75,1.65,8.45,5.50,9,0,5242
135000,30.54,1410,68,1.93,7.55,5.50,8,0,5218
135000,30.60,1060,68,1.73,8.30,0.10,10,0,5208
135000,31.19,1740,68,0.92,7.50,5.50,8,0,5208
135000,30.73,1410,70,0.65,6.45,5.50,10,0,5206
135000,31.30,1370,68,0.96,9.55,0.10,10,0,5206
119500,31.04,1380,68,0.71,7.85,5.50,9,0,5206
150500,31.20,1440,68,0.63,8.10,5.60,8,0,5206
135000,28.94,1370,68,0.94,7.75,5.50,10,0,5189
135000,30.57,1420,68,1.93,7.60,5.50,9,0,5186
135000,30.54,1390,68,0.77,8.45,7.60,8,0,5179
135000,30.57,1400,68,0.77,8.50,3.30,10,0,5179
135000,30.57,1050,68,1.72,8.25,5.60,8,0,5165
135000,31.20,1750,68,0.93,7.55,5.50,9,0,5165
135000,30.60,1400,69,0.64,6.40,5.50,9,0,5157
135000,31.38,1380,68,0.96,9.60,0.20,9,0,5157
119000,30.89,1400,69,1.05,8.10,5.60,8,0,5157
151000,30.51,1430,68,1.12,7.75,0.20,9,0,5157
135000,30.57,1430,68,1.94,7.65,5.50,10,0,5154
135000,28.85,1360,68,0.94,7.70,5.50,9,0,5135
135000,31.16,1430,62,1.68,8.10,5.60,8,0,5122
135000,31.19,1440,62,1.69,8.15,0.10,10,0,5122
135000,31.20,1450,62,1.69,8.20,0.20,9,0,5122
135000,31.24,1350,62,1.70,8.25,5.50,8,0,5122
135000,31.24,1360,62,1.70,8.30,5.50,9,0,5122
135000,31.30,1370,62,1.71,8.35,5.50,10,0,5122
135000,31.38,1380,62,1.71,8.40,5.60,8,0,5122
135000,30.94,1390,62,1.72,8.45,0.10,10,0,5122
135000,30.60,1440,68,1.94,7.70,5.60,8,0,5121
135000,30.57,1040,68,1.72,8.20,5.50,10,0,5120
135000,31.24,1760,68,0.93,7.60,5.50,10,0,5120
135000,30.57,1410,68,0.78,7.50,7.70,9,0,5109
135000,30.60,1420,68,0.78,7.55,3.20,9,0,5109
118500,31.24,1420,69,0.89,7.60,5.50,10,0,5108
151500,31.10,1360,68,1.52,7.60,5.50,10,0,5108
135000,30.57,1390,69,0.64,6.35,5.50,8,0,5108
135000,30.34,1390,68,0.97,9.65,5.50,8,0,5108
135000,30.73,1450,68,1.95,7.75,0.10,10,0,5087
135000,28.77,1440,68,0.92,7.55,0.10,10,0,5081
135000,28.78,1450,68,0.93,7.60,0.20,9,0,5081
135000,28.79,1350,68,0.93,7.65,5.50,8,0,5081
135000,30.54,1030,70,1.71,8.15,5.50,9,0,5074
135000,31.24,1770,68,0.94,7.65,5.60,8,0,5074
135000,30.57,1380,69,0.63,6.30,0.20,9,0,5058
135000,30.48,1400,68,0.97,9.70,5.50,9,0,5058
118000,31.30,1380,68,0.74,7.80,5.50,8,0,5058
152000,31.20,1420,69,0.73,8.05,0.20,9,0,5058
135000,30.89,1350,68,1.95,7.80,0.20,9,0,5053
135000,30.73,1430,68,0.79,7.60,7.80,10,0,5036
135000,30.89,1440,68,0.79,7.65,3.10,8,0,5036
135000,30.51,1020,70,1.71,8.10,5.50,8,0,5028
135000,31.30,1780,68,0.94,7.70,0.10,10,0,5028
135000,28.70,1420,70,0.91,8.50,5.50,10,0,5027
135000,28.73,1430,70,0.92,7.50,5.60,8,0,5027
135000,32.97,1430,68,1.24,7.65,5.60,8,0,5027
135000,32.97,1440,68,1.25,7.70,0.10,10,0,5027
135000,30.94,1360,68,1.96,7.85,5.50,8,0,5019
135000,30.54,1370,68,0.63,6.25,0.10,10,0,5006
135000,30.51,1410,69,0.98,9.75,5.50,10,0,5006
117500,30.57,1400,68,0.77,8.50,5.50,10,0,5006
152500,31.24,1420,69,0.89,7.60,5.50,10,0,5006
135000,31.38,1360,68,1.35,8.05,0.20,9,2,5003
135000,31.16,1370,76,1.66,8.50,5.50,10,0,5002
135000,31.19,1380,76,1.66,7.50,5.60,8,0,5002
135000,30.94,1450,68,0.80,7.70,7.90,8,0,5000
135000,31.04,1370,68,1.96,7.90,5.50,9,0,4985
135000,30.48,1010,70,1.70,8.05,0.20,9,0,4981
135000,31.38,1790,68,0.95,7.75,0.20,9,0,4981
135000,33.03,1450,68,1.25,7.75,0.20,9,0,4973
135000,33.05,1440,68,1.26,7.80,5.50,8,0,4973
135000,31.04,1350,68,0.80,7.75,5.50,12,0,4962
135000,31.04,1360,69,0.81,7.80,3.00,10,0,4962
117000,30.60,1430,69,1.39,8.40,5.50,8,0,4954
153000,31.10,1370,68,0.87,8.40,5.60,8,0,4954
135000,30.51,1360,68,0.62,6.20,5.60,8,0,4954
135000,30.54,1420,69,0.98,9.80,5.60,8,0,4954
135000,31.04,1380,68,1.97,7.95,5.50,10,0,4950
135000,30.34,1000,70,1.70,8.00,0.10,10,0,4933
135000,30.34,1800,69,0.95,7.80,5.50,8,0,4933
135000,31.10,1390,69,1.97,8.00,5.60,8,0,4914
135000,30.48,1350,68,0.62,6.15,5.50,10,0,4901
135000,30.57,1430,69,0.99,9.85,0.10,10,0,4901
116500,31.24,1440,68,1.28,8.40,5.60,8,0,4901
153500,31.04,1410,68,1.16,8.20,5.50,10,0,4901
135000,31.10,1370,69,0.81,7.85,8.00,9,0,4886
135000,31.16,1380,69,0.82,7.90,2.90,9,0,4886
135000,31.38,990,69,1.69,7.95,5.60,8,0,4884
135000,30.48,1810,69,0.96,7.85,5.50,9,0,4884
135000,31.16,1400,69,1.98,8.05,0.10,10,0,4878
135000,30.89,1380,61,1.66,7.85,0.10,10,0,4870
135000,30.94,1390,61,1.66,7.90,0.20,9,0,4870
135000,31.04,1400,61,1.67,7.95,5.50,8,0,4870
135000,31.04,1410,61,1.67,8.00,5.50,9,0,4870
135000,31.10,1420,61,1.68,8.05,5.50,10,0,4870
135000,28.51,1390,69,0.90,8.35,0.20,9,0,4865
135000,28.52,1400,70,0.90,8.40,5.50,8,0,4865
135000,28.52,1410,70,0.91,8.45,5.50,9,0,4865
135000,33.18,1450,68,1.26,7.85,5.50,9,0,4865
135000,33.19,1350,68,1.27,7.90,5.50,10,0,4865
135000,33.19,1360,68,1.27,7.95,5.60,8,0,4865
135000,30.34,1450,68,0.61,6.10,5.50,9,0,4847
135000,30.57,1440,70,0.99,9.90,0.20,9,0,4847
116000,31.10,1360,68,1.52,7.60,5.50,10,0,4847
154000,31.20,1440,68,0.63,8.10,5.60,8,0,4847
135000,31.19,1410,69,1.98,7.80,0.20,9,0,4842
135000,31.30,980,69,1.69,7.90,5.50,10,0,4835
135000,30.51,1820,69,0.96,7.90,5.50,10,0,4835
135000,28.48,1380,69,0.89,8.30,0.10,10,0,4811
135000,33.22,1370,68,1.28,8.00,0.10,10,0,4811
135000,31.19,1390,70,0.82,7.95,8.10,10,0,4808
135000,31.20,1400,70,0.83,8.00,2.80,8,0,4808
135000,31.20,1420,70,1.99,7.85,5.50,8,0,4805
135000,31.38,1440,68,0.61,6.05,5.50,8,0,4792
135000,30.60,1450,70,1.00,9.95,5.50,8,0,4792
115500,30.48,1450,70,1.56,8.05,0.20,9,0,4792
154500,31.24,1430,69,0.73,8.10,5.50,8,0,4792
135000,31.24,970,69,1.68,7.85,5.50,9,0,4785
135000,30.54,1830,70,0.97,7.95,5.60,8,0,4785
135000,31.24,1430,70,1.99,7.90,5.50,9,0,4768
135000,28.38,1350,68,0.88,8.15,5.50,9,0,4757
135000,28.41,1360,68,0.88,8.20,5.50,10,0,4757
135000,28.42,1370,69,0.89,8.25,5.60,8,0,4757
135000,31.20,1390,77,1.67,7.55,0.10,10,0,4740
135000,31.24,1400,77,1.67,7.60,0.20,9,0,4740
135000,31.24,1410,77,1.68,7.65,5.50,8,0,4740
135000,31.30,1430,68,0.60,6.00,0.20,9,0,4737
135000,30.73,1350,70,1.00,10.00,5.50,9,0,4737
115000,30.94,1450,68,0.85,8.25,5.50,8,0,4737
155000,30.57,1410,68,0.78,7.50,5.60,8,0,4737
135000,31.24,960,68,1.68,7.80,5.50,8,0,4734
135000,30.57,1840,70,0.97,8.00,0.10,10,0,4734
135000,31.24,1440,70,2.00,7.95,5.50,10,0,4731
135000,31.24,1410,70,0.83,8.05,8.20,8,0,4728
135000,31.24,1420,70,0.84,8.10,2.70,10,0,4728
135000,33.34,1380,69,1.28,8.05,0.20,9,0,4703
135000,33.38,1390,69,1.29,8.10,5.50,8,0,4703
135000,31.30,1450,70,2.00,8.00,5.60,8,0,4693
135000,31.20,950,68,1.67,7.75,0.20,9,0,4683
135000,30.57,1850,70,0.98,8.05,0.20,9,0,4683
135000,30.89,1360,70,1.01,10.05,5.50,10,0,4680
114500,31.20,1400,70,0.83,8.00,5.50,9,0,4680
155500,31.04,1390,68,1.12,8.45,5.50,9,0,4680
135000,31.38,1350,68,2.01,8.05,0.10,10,0,4655
135000,31.30,1430,68,0.84,8.15,8.30,9,0,4647
135000,31.38,1440,68,0.85,8.20,2.60,9,0,4647
135000,31.19,940,68,1.67,7.70,0.10,10,0,4631
135000,30.60,1860,70,0.98,8.10,5.50,8,0,4631
135000,30.94,1370,68,1.01,10.10,5.60,8,0,4623
114000,30.94,1450,68,0.80,7.70,5.50,9,0,4623
156000,31.04,1380,70,1.25,8.10,5.60,8,0,4623
135000,30.34,1360,68,2.01,8.10,0.20,9,0,4617
135000,31.19,1350,60,1.68,8.20,5.50,10,0,4599
135000,31.20,1360,60,1.69,8.25,5.60,8,0,4599
135000,31.24,1370,60,1.69,8.30,0.10,10,0,4599
135000,31.24,1380,60,1.70,8.35,0.20,9,0,4599
135000,31.30,1390,60,1.70,8.40,5.50,8,0,4599
135000,31.38,1400,60,1.71,8.45,5.50,9,0,4599
135000,30.34,1410,60,1.71,8.50,5.50,10,0,4599
135000,30.48,1420,60,1.72,7.50,5.60,8,0,4599
135000,30.51,1430,60,1.72,7.55,0.10,10,0,4599
135000,30.54,1440,60,1.73,7.60,0.20,9,0,4599
135000,30.57,1450,60,1.73,7.65,5.50,8,0,4599
135000,30.57,1350,60,1.74,7.70,5.50,9,0,4599
135000,30.60,1360,60,1.74,7.75,5.50,10,0,4599
135000,30.73,1370,60,1.65,7.80,5.60,8,0,4599
135000,28.22,1450,68,0.87,8.10,5.50,8,0,4595
135000,33.45,1400,69,1.29,8.15,5.50,9,0,4595
135000,31.16,930,68,1.66,7.65,5.60,8,0,4579
135000,30.73,1870,68,0.99,8.15,5.50,9,0,4579
135000,30.48,1370,68,2.02,8.15,5.50,8,0,4579
135000,31.04,1380,68,1.02,10.15,0.10,10,0,4565
113500,30.34,1430,68,1.01,7.70,5.50,9,0,4565
156500,30.51,1440,68,1.67,8.05,5.50,10,0,4565
135000,30.94,1450,68,0.85,8.25,8.40,10,0,4564
135000,31.04,1350,68,0.86,8.30,2.50,8,0,4564
135000,28.20,1440,68,0.87,8.05,0.20,9,0,4541
135000,30.51,1380,68,2.02,8.20,5.50,9,0,4540
135000,31.10,920,68,1.66,7.60,5.50,10,0,4526
135000,30.89,1880,68,0.99,8.20,5.50,10,0,4526
135000,31.04,1390,68,1.02,10.20,0.20,9,0,4507
113000,31.16,1370,68,1.52,7.65,5.60,8,0,4507
157000,30.89,1400,69,1.05,8.10,5.60,8,0,4507
135000,30.54,1390,68,2.03,8.25,5.50,10,0,4501
135000,31.04,1360,68,0.86,8.35,8.50,8,0,4500
135000,33.56,1410,70,1.30,8.20,5.50,10,0,4486
135000,31.10,1370,68,0.87,8.40,5.50,6,0,4480
135000,31.16,1380,68,0.87,8.45,2.40,10,0,4480
135000,31.04,910,68,1.65,7.55,5.50,9,0,4473
135000,30.94,1890,70,1.00,8.25,5.60,8,0,4473
135000,30.57,1400,68,2.03,8.30,5.60,8,0,4461
135000,31.30,1420,78,1.68,7.70,5.50,9,0,4461
135000,31.38,1430,78,1.69,7.75,5.50,10,0,4461
135000,30.34,1440,78,1.69,7.80,5.60,8,0,4461
135000,30.48,1450,78,1.70,7.85,0.10,10,0,4461
135000,30.51,1350,78,1.70,7.90,0.20,9,0,4461
135000,31.10,1400,68,1.03,10.25,5.50,8,0,4448
112500,31.30,1350,68,1.35,8.00,0.10,10,0,4448
157500,31.04,1370,68,0.70,7.80,5.50,8,0,4448
135000,28.08,1420,68,0.86,7.95,5.60,8,0,4432
135000,28.09,1430,68,0.86,8.00,0.10,10,0,4432
135000,33.64,1420,70,1.30,8.25,5.60,8,0,4432
135000,30.57,1410,68,2.04,7.80,0.10,10,0,4422
135000,31.04,900,68,1.65,7.50,5.50,8,0,4419
135000,31.04,1900,70,1.00,8.30,0.10,10,0,4419
135000,31.19,1390,68,0.88,8.50,8.60,9,0,4395
135000,31.20,1400,68,0.88,7.50,2.30,9,0,4395
112000,31.30,1350,68,1.29,8.50,0.20,9,0,4389
158000,30.73,1360,68,1.10,8.30,0.10,10,0,4389
135000,31.16,1410,68,1.03,10.30,5.50,9,0,4389
135000,30.60,1420,68,2.04,7.85,0.20,9,0,4382
135000,33.69,1430,70,1.31,8.30,0.10,10,0,4378
135000,33.71,1440,70,1.31,8.35,0.20,9,0,4378
135000,30.94,890,68,1.64,8.50,0.20,9,0,4365
135000,31.04,1910,70,1.01,8.35,0.20,9,0,4365
135000,30.73,1430,68,2.05,7.90,5.50,8,0,4342
135000,31.19,1420,68,1.04,10.35,5.50,10,0,4329
111500,31.30,1350,68,1.67,7.80,5.60,8,0,4329
158500,31.19,1400,68,1.43,7.75,5.50,10,0,4329
135000,27.96,1410,68,0.85,7.90,5.50,10,0,4324
135000,31.04,1430,59,1.67,8.05,0.20,9,0,4313
135000,31.10,1440,59,1.67,8.10,5.50,8,0,4313
135000,31.16,1450,59,1.68,8.15,5.50,9,0,4313
135000,30.89,880,68,1.64,8.45,0.10,10,0,4310
135000,31.10,1920,68,1.01,8.40,5.50,8,0,4310
135000,31.24,1410,69,0.89,7.55,8.70,10,0,4309
135000,31.24,1420,69,0.89,7.60,2.20,8,0,4309
135000,30.89,1440,69,2.05,7.95,5.50,9,0,4302
135000,33.79,1450,68,1.32,8.40,5.50,8,0,4270
135000,33.79,1440,68,1.32,8.45,5.50,9,0,4270
135000,31.20,1430,68,1.04,10.40,5.60,8,0,4269
111000,31.24,1420,69,0.89,7.60,5.50,10,0,4269
159000,30.54,1350,68,1.02,7.85,0.10,10,0,4269
135000,30.94,1450,69,2.06,8.00,5.50,10,0,4261
135000,30.73,870,70,1.63,8.40,5.60,8,0,4255
135000,31.16,1930,68,1.02,8.45,5.50,9,0,4255
135000,31.30,1430,69,0.90,7.65,8.80,8,0,4222
135000,31.38,1440,70,0.90,7.70,2.10,10,0,4222
135000,31.04,1350,69,2.06,8.05,5.60,8,0,4221
135000,33.86,1450,68,1.33,8.50,5.50,10,0,4216
135000,33.88,1350,68,1.33,7.50,5.60,8,0,4216
135000,31.24,1440,68,1.05,10.45,0.10,10,0,4208
110500,31.24,1420,68,1.44,7.85,0.10,10,0,4208
159500,30.89,1400,69,1.05,8.10,5.60,8,0,4208
135000,30.60,860,70,1.63,8.35,5.50,10,0,4200
135000,31.19,1940,68,1.02,8.50,5.50,10,0,4200
135000,31.04,1360,70,2.07,8.10,0.10,10,0,4180
135000,30.54,1360,79,1.71,7.95,5.50,8,0,4169
135000,30.57,1370,79,1.71,8.00,5.50,9,0,4169
135000,30.57,1380,79,1.72,8.05,5.50,10,0,4169
135000,30.60,1390,79,1.72,8.10,5.60,8,0,4169
135000,30.73,1400,79,1.73,8.15,0.10,10,0,4169
135000,30.89,1410,79,1.73,8.20,0.20,9,0,4169
135000,27.80,1400,68,0.85,7.85,5.50,9,0,4162
135000,31.24,1450,68,1.05,10.50,0.20,9,0,4147
110000,31.20,1440,68,0.63,8.10,5.60,8,0,4147
160000,31.19,1370,69,0.98,8.45,5.50,9,0,4147
135000,30.57,850,70,1.62,8.30,5.50,9,0,4144
135000,31.20,1950,68,1.03,7.50,5.60,8,0,4144
135000,31.10,1370,70,2.07,8.15,0.20,9,0,4139
135000,30.34,1450,70,0.91,7.75,8.90,9,0,4135
135000,30.48,1350,70,0.91,7.80,2.00,9,0,4135
135000,33.96,1360,68,1.34,7.55,0.10,10,0,4108
135000,33.99,1370,68,1.34,7.60,0.20,9,0,4108
135000,31.16,1380,70,2.08,8.20,5.50,8,0,4098
135000,30.57,840,70,1.62,8.25,5.50,8,0,4088
135000,31.24,1960,68,1.03,7.55,0.10,10,0,4088
135000,31.30,1350,69,1.06,10.55,5.50,8,0,4085
109500,30.94,1350,70,1.40,7.50,5.60,8,0,4085
160500,30.34,1370,68,1.36,8.10,5.50,8,0,4085
135000,31.19,1390,70,2.08,8.25,5.50,9,0,4057
135000,27.65,1390,68,0.84,7.80,5.50,8,0,4054
135000,34.04,1380,68,1.35,7.65,5.50,8,0,4054
135000,30.51,1360,70,0.92,7.85,9.00,10,0,4046
135000,30.54,1370,68,0.92,7.90,1.90,8,0,4046
135000,30.54,830,69,1.61,8.20,0.20,9,0,4032
135000,31.24,1970,68,1.04,7.60,0.20,9,0,4032
135000,31.38,1360,69,1.06,10.60,5.50,9,0,4024
109000,30.51,1400,70,0.66,8.45,0.10,10,0,4024
161000,30.94,1390,70,1.15,8.10,5.50,8,0,4024
135000,30.89,1400,58,1.65,7.90,5.50,10,0,4017
135000,30.94,1410,58,1.66,7.95,5.60,8,0,4017
135000,31.04,1420,58,1.66,8.00,0.10,10,0,4017
135000,31.20,1400,68,2.09,8.30,5.50,10,0,4016
135000,27.62,1380,70,0.84,7.75,0.20,9,0,4000
135000,34.08,1390,68,1.35,7.70,5.50,9,0,4000
135000,34.09,1400,68,1.36,7.75,5.50,10,0,4000
135000,30.57,1380,68,0.93,7.95,9.10,8,0,4000
135000,30.57,1410,68,1.38,8.30,0.10,10,3,3986
135000,30.51,820,69,1.61,8.15,0.10,10,0,3976
135000,31.30,1980,68,1.04,7.65,5.50,8,0,3976
135000,31.24,1410,68,2.09,8.00,5.60,8,0,3974
135000,30.34,1370,69,1.07,10.65,5.50,10,0,3962
108500,31.04,1350,68,0.80,7.75,5.50,10,0,3962
161500,30.94,1430,68,0.95,8.20,5.50,10,0,3962
135000,30.57,1390,68,0.93,8.00,5.50,5,0,3958
135000,30.60,1400,68,0.94,8.05,1.80,10,0,3958
135000,34.14,1410,69,1.36,7.80,5.60,8,0,3946
135000,31.24,1420,68,2.10,8.05,0.10,10,0,3933
135000,30.48,810,69,1.60,8.10,5.60,8,0,3919
135000,31.38,1990,68,1.05,7.70,5.50,9,0,3919
135000,30.48,1380,70,1.07,10.70,5.60,8,0,3899
108000,30.60,1380,68,1.04,8.00,5.50,9,0,3899
162000,31.30,1430,68,0.84,8.15,0.10,10,0,3899
135000,27.53,1370,70,0.83,7.70,0.10,10,0,3892
135000,30.94,1420,80,1.74,8.25,5.50,8,0,3870
135000,31.04,1430,80,1.74,8.30,5.50,9,0,3870
135000,31.04,1440,80,1.65,8.35,5.50,10,0,3870
135000,31.10,1450,80,1.66,8.40,5.60,8,0,3870
135000,31.16,1350,80,1.66,8.45,0.10,10,0,3870
135000,30.73,1410,68,0.94,8.10,9.20,9,0,3868
135000,30.89,1420,68,0.95,8.15,1.70,9,0,3868
135000,30.34,800,68,1.60,8.05,5.50,10,0,3863
135000,30.94,2000,68,1.05,7.75,5.50,10,0,3863
135000,30.51,1390,70,1.08,10.75,0.10,10,0,3837
107500,30.57,1360,68,1.68,8.20,0.20,9,0,3837
162500,31.16,1410,70,1.32,7.75,0.20,9,0,3837
135000,31.04,2010,69,1.06,7.80,5.60,8,0,3806
135000,30.94,1430,68,0.95,8.20,9.30,10,0,3800
135000,27.39,1360,70,0.83,7.65,5.60,8,0,3784
135000,34.28,1420,69,1.37,7.85,0.10,10,0,3784
135000,31.04,1440,68,0.96,8.25,5.50,4,0,3779
135000,31.04,1450,68,0.96,8.30,1.60,8,0,3779
107000,30.51,1380,68,0.76,8.40,5.50,8,0,3775
163000,30.60,1410,70,1.49,8.35,5.50,10,0,3775
135000,30.54,1400,70,1.08,10.80,0.20,9,0,3775
135000,31.04,2020,69,1.06,7.85,0.10,10,0,3749
135000,27.33,1440,69,0.81,7.50,5.50,8,0,3730
135000,27.34,1450,69,0.82,7.55,5.50,9,0,3730
135000,27.34,1350,70,0.82,7.60,5.50,10,0,3730
135000,30.57,1360,57,1.63,7.70,0.10,10,0,3715
135000,30.57,1370,57,1.64,7.75,0.20,9,0,3715
135000,30.60,1380,57,1.64,7.80,5.50,8,0,3715
135000,30.73,1390,57,1.65,7.85,5.50,9,0,3715
135000,30.57,1410,70,1.09,10.85,5.50,8,0,3712
106500,30.34,1350,68,1.46,8.05,5.50,10,0,3712
163500,31.04,1370,70,1.41,7.60,0.20,9,0,3712
135000,31.10,2030,69,1.07,7.90,0.20,9,0,3692
135000,31.10,1350,69,0.97,8.35,9.40,8,0,3689
135000,31.16,1360,69,0.97,8.40,1.50,10,0,3689
135000,27.27,1420,68,0.80,8.45,0.10,10,0,3676
135000,27.31,1430,69,0.81,8.50,0.20,9,0,3676
135000,30.57,1420,68,1.09,10.90,5.50,9,0,3650
106000,31.24,1430,68,1.44,7.90,0.20,9,0,3650
164000,30.57,1400,68,0.77,8.50,5.50,10,0,3650
135000,31.16,2040,70,1.07,7.95,5.50,8,0,3635
135000,27.24,1410,68,0.80,8.40,5.60,8,0,3622
135000,31.19,1370,69,0.98,8.45,9.50,9,0,3600
135000,31.20,1380,70,0.98,8.50,5.50,3,0,3600
135000,31.24,1390,70,0.99,7.50,1.40,9,0,3600
105500,31.04,1360,68,0.86,8.35,5.50,10,0,3587
164500,31.19,1390,70,0.82,7.95,5.50,8,0,3587
135000,30.60,1430,68,1.10,10.95,5.50,10,0,3587
135000,31.19,2050,70,1.08,8.00,5.50,9,0,3578
135000,34.52,1430,69,1.37,7.90,0.20,9,0,3568
135000,31.19,1360,81,1.67,8.50,0.20,9,0,3567
135000,31.20,1370,81,1.67,7.50,5.50,8,0,3567
135000,31.24,1380,81,1.68,7.55,5.50,9,0,3567
135000,30.73,1440,68,1.10,11.00,5.60,8,0,3525
105000,30.34,1370,68,1.36,8.10,5.50,8,0,3525
165000,31.10,1440,70,1.07,8.30,5.50,9,0,3525
135000,31.20,2060,70,1.08,8.05,5.50,10,0,3522
135000,27.11,1380,68,0.78,8.25,5.50,8,0,3514
135000,27.14,1390,68,0.79,8.30,5.50,9,0,3514
135000,27.15,1400,68,0.79,8.35,5.50,10,0,3514
135000,34.57,1440,70,1.38,7.95,5.50,8,0,3514
135000,31.24,1400,70,0.99,7.55,9.60,10,0,3510
135000,31.30,1410,70,1.00,7.60,1.30,8,0,3510
135000,31.24,2070,70,1.09,8.10,5.60,8,0,3465
135000,30.89,1450,68,1.11,11.05,0.10,10,0,3462
104500,30.73,1370,70,1.14,8.00,0.10,10,0,3462
165500,31.20,1410,68,1.43,7.80,5.60,8,0,3462
135000,27.05,1370,68,0.78,8.20,0.20,9,0,3459
135000,34.63,1450,70,1.38,8.00,5.50,9,0,3459
135000,31.38,1420,68,1.00,7.65,9.70,8,0,3420
135000,30.34,1430,68,1.01,7.70,1.20,10,0,3420
135000,31.24,1390,56,1.74,8.35,5.50,10,0,3412
135000,31.24,1400,56,1.74,8.40,5.60,8,0,3412
135000,31.30,1410,56,1.60,8.45,0.10,10,0,3412
135000,31.38,1420,56,1.61,8.50,0.20,9,0,3412
135000,30.34,1430,56,1.61,7.50,5.50,8,0,3412
135000,30.48,1440,56,1.62,7.55,5.50,9,0,3412
135000,30.51,1450,56,1.62,7.60,5.50,10,0,3412
135000,30.54,1350,56,1.63,7.65,5.60,8,0,3412
135000,31.24,2080,68,1.09,8.15,0.10,10,0,3408
135000,34.66,1440,70,1.39,8.05,5.50,10,0,3405
135000,34.70,1450,70,1.39,8.10,5.60,8,0,3405
135000,30.94,1350,68,1.11,11.10,0.20,9,0,3400
135000,30.48,1440,68,1.01,7.75,9.80,9,0,3400
104000,31.20,1410,68,1.43,7.80,5.60,8,0,3400
166000,31.24,1380,68,1.09,7.50,5.50,8,0,3400
135000,31.30,2090,68,1.10,8.20,0.20,9,0,3351
135000,34.72,1350,68,1.40,8.15,0.10,10,0,3351
135000,31.04,1360,68,1.12,11.15,5.50,8,0,3338
103500,30.34,1350,68,1.46,8.05,5.50,10,0,3338
166500,30.57,1350,68,1.68,8.15,0.10,10,0,3338
135000,30.51,1450,68,1.02,7.80,5.50,2,0,3331
135000,30.54,1350,68,1.02,7.85,1.10,9,0,3331
135000,26.93,1360,68,0.77,8.15,0.10,10,0,3297
135000,31.38,2100,70,1.10,8.25,5.50,8,0,3295
135000,31.04,1370,68,1.12,11.20,5.50,9,0,3276
103000,30.94,1450,68,0.80,7.70,5.50,9,0,3275
167000,30.48,1390,69,0.66,8.40,5.60,8,0,3275
135000,31.24,1390,82,1.68,7.60,5.50,10,0,3265
135000,31.30,1400,82,1.69,7.65,5.60,8,0,3265
135000,31.38,1410,82,1.69,7.70,0.10,10,0,3265
135000,30.57,1360,68,1.03,7.90,9.90,10,0,3242
135000,30.57,1370,68,1.03,7.95,1.00,8,0,3242
135000,30.34,2110,70,1.11,8.30,5.50,9,0,3239
135000,31.10,1380,68,1.13,11.25,5.50,10,0,3214
102500,30.54,1400,69,1.70,8.05,5.50,10,0,3214
167500,30.48,1430,68,1.66,8.00,5.50,9,0,3214
135000,26.79,1440,70,0.76,8.00,5.50,9,0,3189
135000,26.80,1450,68,0.76,8.05,5.50,10,0,3189
135000,26.81,1350,68,0.77,8.10,5.60,8,0,3189
135000,34.91,1360,68,1.40,8.20,0.20,9,0,3189
135000,34.92,1370,68,1.41,8.25,5.50,8,0,3189
135000,30.48,2120,70,1.11,8.35,5.50,10,0,3182
135000,30.60,1380,68,1.04,8.00,10.00,8,0,3154
135000,30.73,1390,68,1.04,8.05,0.90,10,0,3154
102000,31.24,1430,68,1.44,7.90,0.20,9,0,3152
168000,30.94,1390,70,1.15,8.10,5.50,8,0,3152
135000,31.16,1390,68,1.13,11.30,5.60,8,0,3152
135000,30.94,1420,68,1.60,8.45,5.50,9,4,3150
135000,26.74,1420,70,0.75,7.90,0.20,9,0,3135
135000,26.76,1430,70,0.75,7.95,5.50,8,0,3135
135000,30.51,2130,68,1.12,8.40,5.60,8,0,3127
135000,30.60,1400,55,1.69,7.85,0.10,10,0,3112
135000,30.73,1410,55,1.69,7.90,0.20,9,0,3112
135000,30.89,1420,55,1.70,7.95,5.50,8,0,3112
135000,30.94,1430,55,1.70,8.00,5.50,9,0,3112
135000,31.04,1440,55,1.71,8.05,5.50,10,0,3112
135000,31.04,1450,55,1.71,8.10,5.60,8,0,3112
135000,31.10,1350,55,1.72,8.15,0.10,10,0,3112
135000,31.16,1360,55,1.72,8.20,0.20,9,0,3112
135000,31.19,1370,55,1.73,8.25,5.50,8,0,3112
135000,31.20,1380,55,1.73,8.30,5.50,9,0,3112
135000,31.19,1400,69,1.14,11.35,0.10,10,0,3091
101500,30.34,1430,68,1.01,7.70,5.50,9,0,3091
168500,31.30,1420,69,1.55,7.90,5.50,10,0,3091
135000,26.72,1410,70,0.74,7.85,0.10,10,0,3081
135000,30.54,2140,68,1.12,8.45,0.10,10,0,3071
135000,30.89,1400,69,1.05,8.10,10.10,9,0,3066
135000,30.94,1410,69,1.05,8.15,0.80,9,0,3066
101000,31.16,1420,68,0.62,8.00,5.50,9,0,3030
169000,31.38,1430,69,1.55,7.95,5.60,8,0,3030
135000,31.20,1410,69,1.14,11.40,0.20,9,0,3030
135000,35.04,1380,68,1.41,8.30,5.50,9,0,3027
135000,35.05,1390,68,1.42,8.35,5.50,10,0,3027
135000,35.06,1400,68,1.42,8.40,5.60,8,0,3027
135000,35.06,1410,68,1.43,8.45,0.10,10,0,3027
135000,35.07,1420,68,1.43,8.50,0.20,9,0,3027
135000,35.07,1430,68,1.44,7.50,5.50,8,0,3027
135000,30.57,2150,68,1.13,8.50,0.20,9,0,3015
135000,31.24,1420,69,1.15,11.45,5.50,8,0,3000
135000,31.24,1430,70,1.15,11.50,5.50,9,0,3000
135000,31.30,1440,70,1.16,11.55,5.50,10,0,3000
135000,31.38,1450,70,1.16,11.60,5.60,8,0,3000
135000,30.94,1350,70,1.17,11.65,0.10,10,0,3000
135000,31.04,1360,68,1.17,11.70,0.20,9,0,3000
135000,31.04,1370,68,1.18,11.75,5.50,8,0,3000
135000,31.10,1380,68,1.18,11.80,5.50,9,0,3000
135000,31.16,1390,68,1.19,11.85,5.50,10,0,3000
135000,31.19,1400,68,1.19,11.90,5.60,8,0,3000
135000,31.20,1410,68,1.20,11.95,0.10,10,0,3000
135000,31.24,1420,68,1.20,12.00,0.20,9,0,3000
135000,31.24,1430,68,1.21,12.05,5.50,8,0,3000
135000,31.30,1440,68,1.21,12.10,5.50,9,0,3000
135000,31.38,1450,69,1.22,12.15,5.50,10,0,3000
135000,30.34,1350,69,1.22,12.20,5.60,8,0,3000
135000,30.48,1360,69,1.23,12.25,0.10,10,0,3000
135000,30.51,1370,70,1.23,12.30,0.20,9,0,3000
135000,30.54,1380,70,1.24,12.35,5.50,8,0,3000
135000,30.57,1390,70,1.24,12.40,5.50,9,0,3000
135000,30.57,1400,70,1.24,12.45,5.50,10,0,3000
135000,30.60,1410,68,1.25,12.50,5.60,8,0,3000
135000,30.73,1420,68,1.25,12.55,0.10,10,0,3000
135000,30.89,1430,68,1.26,12.60,0.20,9,0,3000
135000,30.94,1440,68,1.26,12.65,5.50,8,0,3000
135000,31.04,1450,68,1.27,12.70,5.50,9,0,3000
135000,31.04,1350,68,1.27,12.75,5.50,10,0,3000
135000,31.10,1360,68,1.28,12.80,5.60,8,0,3000
135000,31.16,1370,68,1.28,12.85,0.10,10,0,3000
135000,31.19,1380,68,1.29,12.90,0.20,9,0,3000
135000,31.20,1390,69,1.29,12.95,5.50,8,0,3000
135000,31.24,1400,69,1.30,13.00,5.50,9,0,3000
135000,31.24,1410,69,1.30,13.05,5.50,10,0,3000
135000,31.30,1420,70,1.31,13.10,5.60,8,0,3000
135000,31.38,1430,70,1.31,13.15,0.10,10,0,3000
135000,30.34,1440,70,1.32,13.20,0.20,9,0,3000
135000,30.48,1450,70,1.32,13.25,5.50,8,0,3000
135000,30.51,1350,68,1.33,13.30,5.50,9,0,3000
135000,30.54,1360,68,1.33,13.35,5.50,10,0,3000
135000,30.57,1370,68,1.34,13.40,5.60,8,0,3000
135000,30.57,1380,68,1.34,13.45,0.10,10,0,3000
135000,30.60,1390,68,1.35,13.50,0.20,9,0,3000
135000,30.73,1400,68,1.35,13.55,5.50,8,0,3000
135000,30.89,1410,68,1.36,13.60,5.50,9,0,3000
135000,30.94,1420,68,1.36,13.65,5.50,10,0,3000
135000,31.04,1430,68,1.37,13.70,5.60,8,0,3000
135000,31.04,1440,69,1.37,13.75,0.10,10,0,3000
135000,31.10,1450,69,1.38,13.80,0.20,9,0,3000
135000,31.16,1350,69,1.38,13.85,5.50,8,0,3000
135000,31.19,1360,70,1.39,13.90,5.50,9,0,3000
135000,31.20,1370,70,1.39,13.95,5.50,10,0,3000
135000,31.24,1380,70,1.40,14.00,5.60,8,0,3000
135000,31.24,1390,70,1.40,14.05,0.10,10,0,3000
135000,31.30,1400,68,1.41,14.10,0.20,9,0,3000
135000,31.38,1410,68,1.41,14.15,5.50,8,0,3000
135000,30.34,1420,68,1.42,14.20,5.50,9,0,3000
135000,30.48,1430,68,1.42,14.25,5.50,10,0,3000
135000,30.51,1440,68,1.43,14.30,5.60,8,0,3000
135000,30.54,1450,68,1.43,14.35,0.10,10,0,3000
135000,30.57,1350,68,1.44,14.40,0.20,9,0,3000
135000,30.57,1360,68,1.44,14.45,5.50,8,0,3000
135000,30.60,1370,68,1.45,14.50,5.50,9,0,3000
135000,30.73,1380,68,1.45,14.55,5.50,10,0,3000
135000,30.89,1390,68,1.46,14.60,5.60,8,0,3000
135000,30.94,1400,68,1.46,14.65,0.10,10,0,3000
135000,31.04,1410,68,1.47,14.70,0.20,9,0,3000
135000,31.04,1420,68,1.47,14.75,5.50,8,0,3000
135000,31.10,1430,69,1.48,14.80,5.50,9,0,3000
135000,31.16,1440,69,1.48,14.85,5.50,10,0,3000
135000,31.19,1450,69,1.49,14.90,5.60,8,0,3000
135000,31.20,1350,70,1.49,14.95,0.10,10,0,3000
135000,31.24,1360,70,1.50,15.00,0.20,9,0,3000
135000,31.24,1370,70,1.50,15.05,5.50,8,0,3000
135000,31.30,1380,70,1.51,15.10,5.50,9,0,3000
135000,31.38,1390,68,1.51,15.15,5.50,10,0,3000
135000,30.34,1400,68,1.52,15.20,5.60,8,0,3000
135000,30.48,1410,68,1.52,15.25,0.10,10,0,3000
135000,30.51,1420,68,1.53,15.30,0.20,9,0,3000
135000,30.54,1430,68,1.53,15.35,5.50,8,0,3000
135000,30.57,1440,68,1.54,15.40,5.50,9,0,3000
135000,30.57,1450,68,1.54,15.45,5.50,10,0,3000
135000,30.60,1350,68,1.55,15.50,5.60,8,0,3000
135000,30.73,1360,68,1.55,15.55,0.10,10,0,3000
135000,30.89,1370,69,1.56,15.60,0.20,9,0,3000
135000,30.94,1380,69,1.56,15.65,5.50,8,0,3000
135000,31.04,1390,69,1.57,15.70,5.50,9,0,3000
135000,31.04,1400,70,1.57,15.75,5.50,10,0,3000
135000,31.10,1410,70,1.58,15.80,5.60,8,0,3000
135000,31.16,1420,70,1.58,15.85,0.10,10,0,3000
135000,31.19,1430,70,1.59,15.90,0.20,9,0,3000
135000,31.20,1440,68,1.59,15.95,5.50,8,0,3000
135000,31.24,1450,68,1.60,16.00,5.50,9,0,3000
135000,31.04,1420,69,1.06,8.20,10.20,10,0,3000
135000,31.04,1430,70,1.06,8.25,5.50,1,0,2979
135000,31.10,1440,70,1.07,8.30,0.70,8,0,2979
135000,26.59,1400,69,0.74,7.80,5.60,8,0,2973
135000,35.12,1440,69,1.44,7.55,5.50,9,0,2973
100500,30.89,1370,68,1.11,8.35,0.20,9,0,2969
169500,31.30,1400,70,1.65,7.85,0.10,10,0,2969
135000,30.94,1420,83,1.70,7.75,0.20,9,0,2968
135000,31.04,1430,83,1.70,7.80,5.50,8,0,2968
135000,30.57,2160,68,1.13,7.50,5.50,8,0,2960
135000,26.55,1390,69,0.73,7.75,5.50,10,0,2919
135000,35.19,1450,69,1.45,7.60,5.50,10,0,2919
100000,31.20,1360,68,1.08,8.45,0.10,10,0,2909
170000,31.30,1350,68,1.29,8.50,0.20,9,0,2909
135000,30.60,2170,68,1.14,7.55,5.50,9,0,2905
135000,31.16,1450,70,1.07,8.35,10.30,8,0,2892
135000,31.19,1350,70,1.08,8.40,0.60,10,0,2892
135000,35.21,1440,69,1.45,7.65,5.60,8,0,2865
135000,35.22,1450,70,1.46,7.70,0.10,10,0,2865
135000,30.73,2180,68,1.14,7.60,5.50,10,0,2851
170500,31.24,1410,68,1.54,7.85,5.50,9,0,2849
135000,30.54,1370,54,1.67,7.70,5.50,9,0,2819
135000,30.57,1380,54,1.68,7.75,5.50,10,0,2819
135000,30.57,1390,54,1.68,7.80,5.60,8,0,2819
135000,26.40,1380,69,0.73,7.70,5.50,9,0,2811
135000,31.20,1360,68,1.08,8.45,10.40,9,0,2806
135000,31.24,1370,68,1.09,8.50,0.50,9,0,2806
135000,30.89,2190,68,1.15,7.65,5.60,8,0,2797
171000,31.04,1370,70,1.41,7.60,0.20,9,0,2789
135000,26.35,1370,68,0.72,7.65,5.50,8,0,2757
135000,35.35,1350,70,1.46,7.75,0.20,9,0,2757
135000,30.94,2200,68,1.15,7.70,0.10,10,0,2743
171500,31.16,1390,68,1.42,7.70,5.50,9,0,2730
135000,31.24,1380,68,1.09,7.50,10.50,10,0,2721
135000,31.30,1390,68,1.10,7.55,0.40,8,0,2721
135000,26.30,1360,68,0.72,7.60,0.20,9,0,2703
135000,31.04,2210,68,1.16,7.75,0.20,9,0,2689
135000,31.24,1420,68,1.44,7.85,0.10,10,5,2689
135000,31.04,1440,84,1.71,7.85,5.50,9,0,2679
135000,31.10,1450,84,1.71,7.90,5.50,10,0,2679
135000,31.16,1350,84,1.72,7.95,5.60,8,0,2679
135000,31.19,1360,84,1.72,8.00,0.10,10,0,2679
135000,31.20,1370,84,1.73,8.05,0.20,9,0,2679
135000,31.24,1380,84,1.73,8.10,5.50,8,0,2679
135000,31.24,1390,84,1.74,8.15,5.50,9,0,2679
172000,31.24,1360,68,0.73,7.70,0.10,10,0,2671
135000,26.25,1350,68,0.71,7.55,0.10,10,0,2649
135000,35.46,1360,70,1.47,7.80,5.50,8,0,2649
135000,31.38,1400,68,1.10,7.60,10.60,8,0,2638
135000,30.34,1410,68,1.11,7.65,0.30,10,0,2638
135000,31.04,2220,69,1.16,7.80,5.50,8,0,2636
172500,30.89,1420,68,0.95,8.15,5.50,9,0,2613
135000,35.52,1370,70,1.47,7.85,5.50,9,0,2595
135000,31.10,2230,69,1.17,7.85,5.50,9,0,2583
173000,31.24,1400,70,0.99,7.55,0.10,10,0,2555
135000,30.48,1420,68,1.11,7.70,10.70,9,0,2555
135000,30.51,1430,68,1.12,7.75,0.20,9,0,2555
135000,26.14,1450,68,0.71,7.50,5.60,8,0,2541
135000,35.59,1380,68,1.48,7.90,5.50,10,0,2541
135000,31.24,1420,53,1.64,8.45,5.50,9,0,2535
135000,31.30,1430,53,1.65,8.50,5.50,10,0,2535
135000,31.38,1440,53,1.65,7.50,5.60,8,0,2535
135000,30.34,1450,53,1.66,7.55,0.10,10,0,2535
135000,30.48,1350,53,1.66,7.60,0.20,9,0,2535
135000,30.51,1360,53,1.67,7.65,5.50,8,0,2535
135000,31.16,2240,69,1.17,7.90,5.50,10,0,2531
135000,30.34,1380,69,0.65,8.35,5.50,10,6,2520
135000,31.24,1420,68,1.44,7.85,0.10,10,6,2520
173500,31.24,1360,68,0.73,7.70,0.10,10,0,2498
135000,26.07,1440,68,0.70,8.50,5.50,10,0,2486
135000,35.64,1390,68,1.48,7.95,5.60,8,0,2486
135000,31.19,2250,70,1.18,7.95,5.60,8,0,2479
135000,30.54,1440,68,1.12,7.80,10.80,10,0,2473
135000,30.57,1450,69,1.13,7.85,0.10,8,0,2473
174000,30.94,1440,68,1.50,8.50,0.20,9,0,2442
135000,35.70,1400,68,1.49,8.00,0.10,10,0,2432
135000,35.72,1410,68,1.49,8.05,0.20,9,0,2432
135000,31.20,2260,70,1.18,8.00,0.10,10,0,2428
135000,31.30,1400,85,1.74,8.20,5.50,10,0,2402
135000,31.38,1410,85,1.69,8.25,5.60,8,0,2402
135000,30.34,1420,85,1.65,8.30,0.10,10,0,2402
135000,30.48,1430,85,1.66,8.35,0.20,9,0,2402
135000,30.51,1440,85,1.66,8.40,5.50,8,0,2402
135000,30.54,1450,85,1.67,8.45,5.50,9,0,2402
135000,30.57,1350,85,1.67,8.50,5.50,10,0,2402
135000,30.57,1350,69,1.13,7.90,10.90,8,0,2392
174500,30.34,1450,70,0.91,7.75,0.20,9,0,2386
135000,25.95,1410,68,0.69,8.35,0.20,9,0,2378
135000,25.96,1420,68,0.69,8.40,5.50,8,0,2378
135000,25.96,1430,68,0.70,8.45,5.50,9,0,2378
135000,31.24,2270,70,1.19,8.05,0.20,9,0,2377
135000,31.19,1390,70,0.82,7.95,5.50,8,7,2340
135000,31.16,1450,70,1.07,8.35,5.50,10,7,2340
135000,31.24,1420,69,0.89,7.60,5.50,10,7,2340
175000,30.73,1450,68,0.69,7.65,5.60,8,0,2330
135000,31.24,2280,70,1.19,8.10,5.50,8,0,2327
135000,25.90,1400,68,0.68,8.30,0.10,10,0,2324
135000,35.82,1420,68,1.50,8.10,5.50,8,0,2324
135000,35.83,1430,68,1.50,8.15,5.50,9,0,2324
135000,30.60,1360,69,1.14,7.95,11.00,9,0,2313
135000,31.30,2290,68,1.20,8.15,5.50,9,0,2277
175500,31.16,1410,68,1.27,8.25,5.50,8,0,2275
135000,35.86,1440,68,1.51,8.20,5.50,10,0,2270
135000,35.87,1450,68,1.51,8.25,5.60,8,0,2270
135000,30.94,1450,52,1.60,8.05,0.20,9,0,2265
135000,31.04,1350,52,1.61,8.10,5.50,8,0,2265
135000,31.04,1360,52,1.61,8.15,5.50,9,0,2265
135000,31.10,1370,52,1.62,8.20,5.50,10,0,2265
135000,31.16,1380,52,1.62,8.25,5.60,8,0,2265
135000,31.19,1390,52,1.63,8.30,0.10,10,0,2265
135000,31.20,1400,52,1.63,8.35,0.20,9,0,2265
135000,31.24,1410,52,1.64,8.40,5.50,8,0,2265
135000,30.73,1370,70,1.14,8.00,11.10,10,0,2235
135000,31.38,2300,68,1.20,8.20,5.50,10,0,2228
176000,30.73,1380,68,1.69,8.30,5.50,9,0,2221
135000,35.91,1440,68,1.52,8.30,0.10,10,0,2216
135000,35.91,1450,69,1.52,8.35,0.20,9,0,2216
135000,30.34,2310,70,1.21,8.25,5.60,8,0,2179
176500,31.30,1430,68,0.84,8.15,0.10,10,0,2168
135000,25.74,1390,70,0.68,8.25,5.60,8,0,2162
135000,30.89,1380,70,1.15,8.05,11.20,8,0,2158
135000,30.54,1370,68,0.92,7.90,5.50,10,8,2150
135000,30.57,1420,68,1.38,8.35,0.20,9,8,2150
135000,30.57,1360,86,1.68,7.50,5.60,8,0,2138
135000,30.48,2320,70,1.21,8.30,0.10,10,0,2131
177000,30.60,1430,69,1.39,8.40,5.50,8,0,2115
135000,36.06,1350,69,1.53,8.40,5.50,8,0,2108
135000,30.51,2330,70,1.22,8.35,0.20,9,0,2083
135000,30.94,1390,70,1.15,8.10,11.30,9,0,2083
177500,31.16,1360,69,0.97,8.40,5.50,8,0,2063
135000,25.57,1370,70,0.67,8.15,5.50,9,0,2054
135000,25.61,1380,70,0.67,8.20,5.50,10,0,2054
135000,30.54,2340,68,1.22,8.40,5.50,8,0,2036
178000,30.57,1370,70,1.58,8.20,5.50,10,0,2011
135000,31.04,1400,70,1.16,8.15,11.40,10,0,2009
135000,30.57,1400,51,1.58,7.80,5.50,8,0,2009
135000,30.57,1410,51,1.58,7.85,5.50,9,0,2009
135000,30.60,1420,51,1.59,7.90,5.50,10,0,2009
135000,30.73,1430,51,1.59,7.95,5.60,8,0,2009
135000,30.89,1440,51,1.60,8.00,0.10,10,0,2009
135000,36.16,1360,69,1.53,8.45,5.50,9,0,2000
135000,36.20,1370,70,1.54,8.50,5.50,10,0,2000
135000,36.20,1380,70,1.54,7.50,5.60,8,0,2000
135000,31.16,1380,68,0.87,8.45,0.10,10,9,2000
135000,31.19,1430,68,0.62,8.05,5.50,10,9,2000
135000,30.57,2350,68,1.23,8.45,5.50,9,0,1990
178500,31.24,1400,70,0.99,7.55,0.10,10,0,1961
135000,30.57,2360,68,1.23,8.50,5.50,10,0,1944
135000,31.04,1410,68,1.16,8.20,11.50,8,0,1936
179000,30.73,1420,70,1.49,8.40,5.60,8,0,1911
135000,30.60,2370,68,1.24,7.50,5.60,8,0,1898
135000,36.29,1390,70,1.55,7.55,0.10,10,0,1892
135000,36.34,1400,70,1.55,7.60,0.20,9,0,1892
135000,30.60,1370,87,1.68,7.55,0.10,10,0,1890
135000,30.73,1380,87,1.69,7.60,0.20,9,0,1890
135000,30.89,1390,87,1.69,7.65,5.50,8,0,1890
135000,30.94,1400,87,1.70,7.70,5.50,9,0,1890
135000,31.04,1410,87,1.70,7.75,5.50,10,0,1890
135000,31.04,1420,87,1.71,7.80,5.60,8,0,1890
135000,31.10,1430,87,1.71,7.85,0.10,10,0,1890
135000,31.16,1440,87,1.72,7.90,0.20,9,0,1890
135000,31.19,1450,87,1.72,7.95,5.50,8,0,1890
135000,31.20,1350,87,1.73,8.00,5.50,9,0,1890
135000,31.24,1360,87,1.73,8.05,5.50,10,0,1890
135000,31.24,1370,87,1.74,8.10,5.60,8,0,1890
135000,31.10,1420,68,1.17,8.25,11.60,9,0,1865
179500,31.04,1390,69,1.31,7.65,5.60,8,0,1861
135000,30.73,2380,68,1.24,7.55,0.10,10,0,1854
135000,36.36,1410,68,1.56,7.65,5.50,8,0,1838
135000,36.36,1420,68,1.56,7.70,5.50,9,0,1838
180000,30.34,1380,69,0.65,8.35,5.50,10,0,1813
135000,30.89,2390,68,1.24,7.60,0.20,9,0,1809
135000,30.57,1420,68,1.38,8.35,0.20,9,10,1800
135000,31.16,1430,68,1.17,8.30,11.70,10,0,1796
135000,25.23,1360,70,0.66,8.10,5.50,8,0,1784
135000,31.38,1350,50,1.55,7.55,5.50,9,0,1770
135000,30.34,1360,50,1.56,7.60,5.50,10,0,1770
135000,30.48,1370,50,1.56,7.65,5.60,8,0,1770
135000,30.51,1380,50,1.57,7.70,0.10,10,0,1770
135000,30.54,1390,50,1.57,7.75,0.20,9,0,1770
135000,30.94,2400,68,1.25,7.65,5.50,8,0,1766
180500,31.30,1360,68,0.64,8.25,5.50,8,0,1765
135000,36.56,1430,68,1.57,7.75,5.50,10,0,1730
135000,31.19,1440,68,1.18,8.35,11.80,8,0,1728
135000,31.04,2410,68,1.25,7.70,5.50,9,0,1723
181000,30.34,1440,69,1.56,8.00,0.10,10,0,1718
135000,31.04,2420,68,1.26,7.75,5.50,10,0,1681
181500,30.94,1410,69,1.05,8.15,0.10,10,0,1671
135000,31.20,1450,68,1.18,8.40,11.90,9,0,1661
135000,31.30,1380,88,1.74,8.15,0.10,10,0,1660
135000,31.38,1390,88,1.51,8.20,0.20,9,0,1660
135000,30.34,1400,88,1.52,8.25,5.50,8,0,1660
135000,30.48,1410,88,1.52,8.30,5.50,9,0,1660
135000,30.51,1420,88,1.53,8.35,5.50,10,0,1660
135000,31.10,2430,69,1.26,7.80,5.60,8,0,1639
182000,31.04,1420,69,1.71,8.50,0.20,9,0,1626
135000,31.16,2440,69,1.27,7.85,0.10,10,0,1598
135000,31.24,1350,68,1.19,8.45,12.00,10,0,1596
182500,30.73,1390,68,1.04,8.05,5.50,10,0,1581
135000,24.98,1350,69,0.66,8.05,0.20,9,0,1568
135000,36.71,1440,68,1.57,7.80,5.60,8,0,1568
135000,36.72,1450,68,1.58,7.85,0.10,10,0,1568
135000,36.73,1400,68,1.58,7.90,0.20,9,0,1568
135000,36.77,1410,68,1.59,7.95,5.50,8,0,1568
135000,31.19,2450,69,1.27,7.90,0.20,9,0,1558
183000,30.54,1350,68,0.78,7.80,0.20,9,0,1537
135000,31.24,1360,68,1.19,8.50,12.10,8,0,1533
135000,31.20,2460,70,1.28,7.95,5.50,8,0,1518
135000,24.90,1450,69,0.65,8.00,0.10,10,0,1514
135000,36.84,1420,68,1.59,8.00,5.50,9,0,1514
183500,31.04,1390,68,1.12,8.45,5.50,9,0,1494
135000,31.24,2470,70,1.28,8.00,5.50,9,0,1479
135000,31.30,1370,68,1.20,7.50,12.20,9,0,1472
135000,24.84,1440,69,0.65,7.95,5.60,8,0,1459
184000,30.89,1410,68,1.60,8.40,5.50,8,0,1451
135000,30.54,1430,89,1.53,7.50,5.60,8,0,1447
135000,30.57,1440,89,1.54,7.55,0.10,10,0,1447
135000,30.57,1450,89,1.54,7.60,0.20,9,0,1447
135000,30.60,1350,89,1.55,7.65,5.50,8,0,1447
135000,30.73,1360,89,1.55,7.70,5.50,9,0,1447
135000,31.24,2480,70,1.29,8.05,5.50,10,0,1441
135000,31.38,1380,68,1.20,7.55,12.30,10,0,1411
184500,30.51,1430,68,1.12,7.75,0.20,9,0,1410
135000,24.68,1430,68,0.64,7.90,5.50,10,0,1405
135000,31.30,2490,70,1.29,8.10,5.60,8,0,1403
185000,31.24,1370,68,0.74,7.75,0.20,9,0,1369
135000,31.38,2500,68,1.30,8.15,0.10,10,0,1366
135000,30.34,1390,68,1.21,7.60,12.40,8,0,1353
135000,24.62,1420,68,0.64,7.85,5.50,9,0,1351
135000,30.34,2510,68,1.30,8.20,0.20,9,0,1330
185500,31.30,1440,68,1.45,7.95,5.50,8,0,1329
135000,30.48,1400,68,1.21,7.65,12.50,9,0,1296
135000,30.48,2520,70,1.31,8.25,5.50,8,0,1294
186000,31.38,1360,68,1.68,7.85,0.10,10,0,1290
135000,30.51,2530,70,1.31,8.30,5.50,9,0,1259
135000,30.89,1370,90,1.56,7.75,5.50,10,0,1253
135000,30.94,1380,90,1.56,7.80,5.60,8,0,1253
186500,30.60,1420,68,0.78,7.55,0.10,10,0,1251
135000,24.43,1390,68,0.62,7.70,0.10,10,0,1243
135000,24.45,1400,68,0.63,7.75,0.20,9,0,1243
135000,24.47,1410,68,0.63,7.80,5.50,8,0,1243
135000,30.51,1410,68,1.22,7.70,12.60,10,0,1241
135000,30.54,2540,68,1.32,8.35,5.50,10,0,1224
187000,30.57,1370,69,0.79,7.90,5.50,9,0,1213
135000,30.57,2550,68,1.32,8.40,5.60,8,0,1190
135000,30.54,1420,68,1.22,7.75,12.70,8,0,1188
187500,30.73,1350,69,1.24,7.95,5.50,8,0,1176
135000,30.57,2560,70,1.33,8.45,0.10,10,0,1157
188000,30.73,1390,68,1.04,8.05,5.50,10,0,1140
135000,30.57,1430,68,1.23,7.80,12.80,9,0,1136
135000,24.31,1370,68,0.61,7.60,5.50,10,0,1135
135000,24.31,1380,68,0.62,7.65,5.60,8,0,1135
135000,30.60,2570,70,1.33,8.50,0.20,9,0,1125
188500,31.10,1430,69,1.72,7.50,5.50,8,0,1105
135000,30.73,2580,70,1.34,7.50,5.50,8,0,1093
135000,30.57,1440,69,1.23,7.85,12.90,10,0,1085
135000,24.21,1360,68,0.61,7.55,5.50,9,0,1081
189000,30.94,1410,70,0.81,8.10,0.20,9,0,1070
135000,30.89,2590,68,1.34,7.55,5.50,9,0,1062
189500,31.38,1370,69,0.65,8.30,5.50,9,0,1037
135000,30.60,1450,69,1.24,7.90,13.00,8,0,1037
135000,30.94,2600,68,1.35,7.60,5.50,10,0,1031
135000,24.13,1350,68,0.60,7.50,5.50,8,0,1027
190000,31.04,1410,69,1.71,8.45,0.10,10,0,1004
135000,31.04,2610,68,1.35,7.65,5.60,8,0,1001
135000,30.73,1350,69,1.24,7.95,13.10,9,0,990
135000,31.04,2620,68,1.36,7.70,0.10,10,0,972
190500,30.60,1380,68,1.04,8.00,5.50,9,0,971
135000,30.89,1360,70,1.24,8.00,13.20,10,0,944
135000,31.10,2630,68,1.36,7.75,0.20,9,0,943
191000,31.38,1440,70,0.90,7.70,0.10,10,0,940
135000,31.16,2640,68,1.37,7.80,5.50,8,0,915
191500,31.19,1410,68,0.72,8.00,0.10,10,0,909
135000,30.94,1370,70,1.25,8.05,13.30,8,0,900
135000,31.19,2650,68,1.37,7.85,5.50,9,0,888
192000,31.30,1430,69,0.90,7.65,5.60,8,0,879
135000,31.20,2660,68,1.38,7.90,5.50,10,0,861
135000,31.04,1380,70,1.25,8.10,13.40,9,0,858
192500,30.34,1370,68,1.68,7.90,0.20,9,0,850
135000,31.24,2670,68,1.38,7.95,5.60,8,0,835
193000,31.10,1450,68,1.62,7.55,0.10,10,0,821
135000,31.04,1390,70,1.26,8.15,13.50,10,0,817
135000,31.24,2680,69,1.39,8.00,0.10,10,0,809
193500,31.04,1440,68,1.61,7.50,5.60,8,0,794
135000,31.30,2690,69,1.39,8.05,0.20,9,0,784
135000,31.10,1400,68,1.26,8.20,13.60,8,0,777
194000,30.34,1350,68,1.46,8.05,5.50,10,0,767
135000,31.38,2700,69,1.40,8.10,5.50,8,0,759
194500,31.30,1350,68,1.29,8.50,0.20,9,0,740
135000,31.16,1410,68,1.27,8.25,13.70,9,0,739
135000,30.34,2710,70,1.40,8.15,5.50,9,0,736
195000,30.73,1370,70,1.14,8.00,0.10,10,0,714
135000,30.48,2720,70,1.41,8.20,5.50,10,0,712
135000,31.19,1420,68,1.27,8.30,13.80,10,0,703
135000,30.51,2730,70,1.41,8.25,5.60,8,0,690
195500,31.04,1390,68,0.60,7.85,0.10,10,0,689
135000,31.20,1430,68,1.28,8.35,13.90,8,0,667
135000,30.54,2740,70,1.42,8.30,0.10,10,0,667
196000,31.19,1380,68,1.53,7.70,0.10,10,0,665
135000,30.57,2750,68,1.42,8.35,0.20,9,0,646
196500,31.10,1400,69,1.32,7.70,0.10,10,0,641
135000,30.57,2760,68,1.43,8.40,5.50,8,0,625
197000,31.19,1420,68,1.27,8.30,5.50,9,0,619
135000,30.60,2770,68,1.43,8.45,5.50,9,0,604
197500,31.19,1370,69,0.98,8.45,5.50,9,0,596
135000,30.73,2780,68,1.44,8.50,5.50,10,0,584
198000,30.89,1360,70,1.24,8.00,5.50,9,0,574
135000,30.89,2790,68,1.44,7.50,5.60,8,0,565
198500,31.04,1360,68,0.86,8.35,5.50,10,0,553
135000,30.94,2800,68,1.45,7.55,0.10,10,0,546
199000,31.16,1420,68,0.62,8.00,5.50,9,0,533
135000,31.04,2810,69,1.45,7.60,0.20,9,0,527
199500,31.38,1360,68,1.68,7.85,0.10,10,0,513
135000,31.04,2820,69,1.46,7.65,5.50,8,0,510
200000,30.89,1440,68,0.79,7.65,5.50,8,0,494
135000,31.10,2830,69,1.46,7.70,5.50,9,0,492
135000,31.16,2840,70,1.47,7.75,5.50,10,0,475
135000,31.19,2850,70,1.47,7.80,5.60,8,0,459
135000,31.20,2860,68,1.48,7.85,0.10,10,0,443
135000,31.24,2870,68,1.48,7.90,0.20,9,0,427
135000,31.24,2880,68,1.49,7.95,5.50,8,0,412
135000,31.30,2890,68,1.49,8.00,5.50,9,0,397
135000,31.38,2900,69,1.50,8.05,5.50,10,0,383
135000,30.94,2910,69,1.50,8.10,5.60,8,0,369
135000,31.04,2920,69,1.51,8.15,0.10,10,0,356
135000,31.04,2930,70,1.51,8.20,0.20,9,0,343
135000,31.10,2940,70,1.52,8.25,5.50,8,0,330
135000,31.16,2950,68,1.52,8.30,5.50,9,0,318
135000,31.19,2960,68,1.53,8.35,5.50,10,0,306
135000,31.20,2970,68,1.53,8.40,5.60,8,0,294
135000,31.24,2980,68,1.54,8.45,0.10,10,0,283
135000,31.24,2990,68,1.54,8.50,0.20,9,0,273
135000,31.30,3000,68,1.55,7.50,5.50,8,0,262
