INSERT INTO user_data
(
    nic,
    email,
    first_name,
    last_name,
    phone_number,
    password_hashed,
    account_type
)
VALUES
('991520252v','yasas99@outlook.com', 'Yasas', 'Harshana', '0761916565', 0x5baa61e4c9b93f3f0682250b6cf8331b7ee68fd8, 'officer'),
('773843857v','stephan@gmail.com', 'Stephan', 'Fernando', '4321098765', 0x5baa61e4c9b93f3f0682250b6cf8331b7ee68fd8, 'officer'),
('449683857v','wimukthi@noob.com', 'Wimukthi', 'Dulaj', '5678901234', 0x5baa61e4c9b93f3f0682250b6cf8331b7ee68fd8, 'officer'),
('954538835v','amali@outlook.com', 'Amali', 'Jayawardena', '7890123456', 0x5baa61e4c9b93f3f0682250b6cf8331b7ee68fd8, 'officer'),
('984443857v','uditha@bi.com', 'Uditha', 'Sampath', '1234567890', 0x5baa61e4c9b93f3f0682250b6cf8331b7ee68fd8, 'cultivator'),
('884443857v','shaveen@gmail.com', 'Shaveen', 'Maleesha', '0987654321', 0x5baa61e4c9b93f3f0682250b6cf8331b7ee68fd8, 'cultivator'),
('204446657v','namidu@tiktok.com', 'Namindu', 'Hasalanka', '9876543210', 0x5baa61e4c9b93f3f0682250b6cf8331b7ee68fd8, 'cultivator' ),
('204534535v','ravindu@yahoo.com', 'Ravindu', 'Silva', '4567890123', 0x5baa61e4c9b93f3f0682250b6cf8331b7ee68fd8, 'cultivator'),
('944539935v','nadeesha@slt.lk', 'Nadeesha', 'Ratnayake', '2345678901', 0x5baa61e4c9b93f3f0682250b6cf8331b7ee68fd8, 'cultivator'),
('774534345v','tharindu@gmail.com', 'Tharindu', 'Gamage', '8901234567', 0x5baa61e4c9b93f3f0682250b6cf8331b7ee68fd8, 'cultivator');

INSERT INTO crop_data
(
    crop_name,
    genus,
    species,
    suitable_temperature_c,
    suitable_rainfall_irrigation_mm,
    suitable_humidity_percentage,
    suitable_wind_speed_m_s,
    suitable_sunlight_exposure_h_day,
    suitable_plant_density_ha,
    suitable_soil_ph,
    suitable_nitrogen_kg_ha,
    suitable_phosphorus_kg_ha,
    suitable_potassium_kg_ha,
    suitable_soil_texture,
    feasible_yield_kg_ha,
    demand_per_crop_cycle_kg,
    supply_per_crop_cycle_kg
)
VALUES
('Rice', 'Oryza', 'sativa', '20-35', '1000-2500', '70-90', '0.5-2.5', '6-8', '200-400', '5.5-7.0', 150, 60 , 150, '3-8', '4000-6000', 5000, 3000 );

INSERT INTO fertilizer_data
(
    fertilizer_name,
    fertilizer_nitrogen_kg_ha,
    fertilizer_phosphorus_kg_ha,
    fertilizer_potassium_kg_ha
)
VALUES
('Urea', 100, 0, 0),
('DAP', 18, 46, 0),
('Potassium chloride', 0, 0, 60),
('Ammonium sulfate', 21, 0, 0),
('Single superphosphate', 0, 18, 0),
('Triple superphosphate', 0, 46, 0),
('Ammonium nitrate', 33, 0, 0),
('Ammonium phosphate sulfate', 15, 15, 0),
('Calcium ammonium nitrate', 27, 0, 0),
('Urea ammonium nitrate', 32, 0, 0);

INSERT INTO soil_texture_data
(
    soil_texture_name,
    soil_texture_level
)
VALUES
('Clay Soil', 1),
('Silty Clay', 2),
('Silty Clay Loam', 3),
('Clayey Silt', 4),
('Sandy Clay Loam', 5),
('Sandy Clay', 6),
('Silty Loam', 7),
('Clay Loam', 8),
('Loam Soil', 9),
('Sandy Loam', 10),
('Silt Soil', 11),
('Sandy Soil', 12);

INSERT INTO pest_disease_data
(
    pest_disease_name,
    vulnerable_crops,
    severity_level
)
VALUES
('No Pests or Diseases', 'Rice', 0),
('No Diseases', 'Rice', 1),
('No Pests', 'Rice', 2),
('PD3', 'Rice', 3),
('PD4', 'Rice', 4),
('Rice Hispa', 'Rice', 5),
('Rice Whorl Maggot', 'Rice', 6),
('Rice Leaf Folder', 'Rice', 6),
('Brown Planthopper', 'Rice', 7),
('Rice Gall Midge', 'Rice', 7),
('Sheath Blight', 'Rice', 7),
('Rice Blast', 'Rice', 8),
('Bacterial Leaf Blight', 'Rice', 8),
('Rice Stem Borer', 'Rice', 9),
('Rice Tungro Virus', 'Rice', 9),
('PD5', 'Rice', 10);

INSERT field_data
(
    cultivator,
    size_ha,
    field_location,
    soil_nitrogen_kg_ha,
    soil_phosphorus_kg_ha,
    soil_potassium_kg_ha,
    soil_ph,
    soil_texture
)
VALUES
('449683857v', 73.00, 'Dampe', 43, 5, 181, 5.50, 1007),
('984443857v', 84.00, 'Diyagama', 18, 21, 76, 5.50, 1008),
('204446657v', 74.00, 'Habarakada', 145, 45, 19, 5.50, 1009),
('944539935v', 73.00, 'Panaluwa', 141, 21, 166, 5.60, 1007),
('954538835v', 85.00, 'Homagama', 74, 54, 179, 0.10, 1009),
('774534345v', 55.00, 'Pitipana', 196, 191, 142, 0.20, 1008),
('204534535v', 64.00, 'Palagama', 46, 170, 17, 5.30, 1008),
('449683857v', 56.00, 'Pitipana North', 103, 149, 68, 5.70, 1009),
('204446657v', 68.00, 'Ovitigama', 162, 45, 71, 5.20, 1007),
('984443857v', 95.00, 'Pitipana South', 183, 129, 118, 5.80, 1007),
('984443857v', 69.00, 'Niyandagala', 67, 47, 179, 5.10, 1009),
('204446657v', 70.00, 'Watereka', 48, 156, 173, 5.90, 1008),
('449683857v', 63.00, 'Muthuhenawatta', 38, 118, 111, 5.00, 1008),
('204534535v', 87.00, 'Walpita', 86, 85, 70, 6.00, 1009),
('774534345v', 50.00, 'Matteda', 115, 159, 194, 4.90, 1007),
('954538835v', 90.00, 'Wethara', 128, 3, 10, 6.10, 1007),
('944539935v', 78.00, 'Magammana', 189, 137, 109, 4.80, 1009),
('944539935v', 63.00, 'dagama', 44, 125, 180, 6.20, 1008),
('954538835v', 60.00, 'Madulawa', 79, 101, 187, 4.70, 1008),
('774534345v', 77.00, 'Arachchida', 29, 94, 109, 6.30, 1009),
('204534535v', 68.00, 'Liyanwala', 68, 164, 19, 4.60, 1007),
('449683857v', 56.00, 'Artigala', 23, 21, 156, 6.40, 1007),
('204446657v', 65.00, 'Kurugala', 15, 158, 63, 4.50, 1009),
('984443857v', 92.00, 'Dampe', 129, 109, 81, 6.50, 1008),
('984443857v', 53.00, 'Kiriwattuduwa', 166, 111, 191, 4.40, 1008),
('204446657v', 69.00, 'Diyagama', 11, 15, 82, 6.60, 1009),
('449683857v', 99.00, 'Kiriberiyakele', 39, 49, 184, 4.30, 1007),
('204534535v', 71.00, 'Habarakada', 88, 138, 33, 6.70, 1007),
('774534345v', 74.00, 'Kahathuduwa South', 132, 103, 124, 4.20, 1009),
('954538835v', 85.00, 'Homagama', 13, 8, 103, 6.80, 1008),
('944539935v', 71.00, 'Kahathuduwa North', 104, 126, 111, 4.10, 1008),
('944539935v', 90.00, 'Horagala East', 35, 25, 82, 6.90, 1009),
('954538835v', 66.00, 'Jaltara', 52, 133, 125, 4.00, 1007),
('774534345v', 98.00, 'Horakandawela West', 192, 116, 191, 7.00, 1007),
('204534535v', 58.00, 'Horakandawela West', 192, 180, 191, 3.90, 1009),
('449683857v', 50.00, 'Jaltara', 125, 157, 93, 7.10, 1008),
('774534345v', 80.00, 'Dampe', 42, 83, 61, 5.50, 1006),
('204534535v', 89.00, 'Diyagama', 4, 160, 97, 5.50, 1010),
('204446657v', 68.00, 'Horagala East', 86, 60, 186, 3.80, 1008),
('984443857v', 63.00, 'Kahathuduwa North', 81, 39, 103, 7.20, 1009),
('984443857v', 64.00, 'Homagama', 161, 197, 176, 3.70, 1007),
('204446657v', 78.00, 'Kahathuduwa South', 188, 122, 77, 7.30, 1007),
('449683857v', 67.00, 'Habarakada', 148, 68, 74, 3.60, 1009),
('204534535v', 81.00, 'Kiriberiyakele', 3, 1, 118, 7.40, 1008),
('774534345v', 74.00, 'Diyagama', 101, 178, 119, 3.50, 1008),
('954538835v', 67.00, 'Kiriwattuduwa', 122, 116, 9, 7.50, 1009),
('944539935v', 88.00, 'Dampe', 32, 58, 88, 3.40, 1007),
('944539935v', 88.00, 'Kurugala', 166, 84, 92, 7.60, 1007),
('954538835v', 76.00, 'Artigala', 180, 163, 96, 3.30, 1009),
('774534345v', 52.00, 'Liyanwala', 54, 130, 62, 7.70, 1008),
('204534535v', 63.00, 'Arachchida', 94, 180, 10, 3.20, 1008),
('449683857v', 99.00, 'Madulawa', 16, 5, 155, 7.80, 1009),
('204446657v', 52.00, 'dagama', 51, 106, 141, 3.10, 1007),
('984443857v', 53.00, 'Magammana', 153, 113, 146, 7.90, 1007),
('954538835v', 77.00, 'Habarakada', 127, 88, 46, 5.50, 1011),
('984443857v', 100.0, 'Wethara', 21, 151, 118, 3.00, 1009),
('204446657v', 61.00, 'Matteda', 35, 38, 188, 8.00, 1008),
('449683857v', 81.00, 'Walpita', 57, 52, 185, 2.90, 1008),
('204534535v', 55.00, 'Muthuhenawatta', 191, 120, 50, 8.10, 1009),
('774534345v', 83.00, 'Watereka', 160, 119, 127, 2.80, 1007),
('954538835v', 76.00, 'Niyandagala', 194, 140, 112, 8.20, 1007),
('944539935v', 73.00, 'Pitipana South', 79, 180, 139, 2.70, 1009),
('944539935v', 64.00, 'Ovitigama', 68, 169, 154, 8.30, 1008),
('954538835v', 60.00, 'Pitipana North', 84, 63, 81, 2.60, 1008),
('774534345v', 64.00, 'Palagama', 38, 185, 200, 8.40, 1009),
('204534535v', 88.00, 'Pitipana', 121, 118, 93, 2.50, 1007),
('449683857v', 75.00, 'Panaga East', 56, 140, 120, 8.50, 1007),
('944539935v', 70.00, 'Artigala', 117, 138, 148, 5.50, 1005),
('204446657v', 71.00, 'Panaluwa', 125, 8, 54, 2.40, 1009),
('984443857v', 90.00, 'Panaluwa', 121, 64, 192, 8.60, 1008),
('984443857v', 90.00, 'Panaga East', 115, 153, 66, 2.30, 1008),
('204446657v', 69.00, 'Pitipana', 31, 159, 10, 8.70, 1009),
('449683857v', 54.00, 'Palagama', 102, 157, 151, 2.20, 1007),
('204534535v', 98.00, 'Pitipana North', 43, 88, 75, 8.80, 1007),
('774534345v', 53.00, 'Ovitigama', 71, 92, 61, 2.10, 1009),
('954538835v', 74.00, 'Pitipana South', 26, 124, 159, 8.90, 1008),
('944539935v', 70.00, 'Niyandagala', 8, 122, 140, 2.00, 1008),
('944539935v', 70.00, 'Watereka', 160, 195, 20, 9.00, 1009),
('954538835v', 98.00, 'Muthuhenawatta', 117, 191, 118, 1.90, 1007),
('774534345v', 89.00, 'Walpita', 21, 184, 141, 9.10, 1007),
('954538835v', 60.00, 'Matteda', 75, 0, 60, 5.50, 1004),
('204534535v', 80.00, 'Matteda', 14, 180, 184, 1.80, 1009),
('449683857v', 94.00, 'Wethara', 33, 155, 70, 9.20, 1008),
('204446657v', 84.00, 'Magammana', 0, 63, 155, 1.70, 1008),
('984443857v', 96.00, 'dagama', 40, 181, 56, 9.30, 1009),
('204534535v', 94.00, 'Magammana', 134, 197, 169, 5.50, 1003),
('984443857v', 69.00, 'Madulawa', 58, 15, 17, 1.60, 1007),
('204446657v', 66.00, 'Arachchida', 178, 62, 67, 9.40, 1007),
('449683857v', 79.00, 'Liyanwala', 49, 94, 5, 1.50, 1009),
('204534535v', 95.00, 'Artigala', 74, 90, 76, 9.50, 1008),
('204446657v', 100.0, 'Madulawa', 142, 140, 160, 5.50, 1002),
('774534345v', 90.00, 'Kurugala', 44, 126, 87, 1.40, 1008),
('954538835v', 65.00, 'Dampe', 55, 112, 21, 9.60, 1009),
('944539935v', 62.00, 'Kiriwattuduwa', 131, 193, 141, 1.30, 1007),
('944539935v', 63.00, 'Diyagama', 71, 29, 182, 9.70, 1007),
('954538835v', 84.00, 'Kiriberiyakele', 22, 85, 141, 1.20, 1009),
('774534345v', 69.00, 'Habarakada', 84, 165, 76, 9.80, 1008),
('984443857v', 78.00, 'Liyanwala', 122, 2, 121, 5.50, 1001),
('204534535v', 63.00, 'Kahathuduwa South', 186, 142, 153, 1.10, 1008),
('449683857v', 59.00, 'Homagama', 120, 187, 42, 9.90, 1009),
('204446657v', 55.00, 'Kahathuduwa North', 111, 64, 84, 1.00, 1007),
('984443857v', 73.00, 'Horagala East', 111, 132, 117, 10.00, 1007),
('984443857v', 87.00, 'Jaltara', 174, 146, 139, 0.90, 1009),
('204446657v', 64.00, 'Horakandawela West', 190, 110, 114, 10.10, 1008),
('449683857v', 93.00, 'Horakandawela West', 86, 136, 129, 0.80, 1008),
('204534535v', 53.00, 'Jaltara', 193, 48, 119, 10.20, 1009),
('449683857v', 91.00, 'Kurugala', 105, 1, 24, 5.50, 1000),
('774534345v', 66.00, 'Horagala East', 156, 59, 37, 0.70, 1007),
('954538835v', 95.00, 'Kahathuduwa North', 143, 73, 166, 10.30, 1007),
('944539935v', 80.00, 'Homagama', 114, 58, 72, 0.60, 1009),
('944539935v', 62.00, 'Kahathuduwa South', 171, 170, 131, 10.40, 1008),
('954538835v', 57.00, 'Habarakada', 91, 25, 145, 0.50, 1008),
('774534345v', 78.00, 'Kiriberiyakele', 124, 130, 70, 10.50, 1009),
('204534535v', 73.00, 'Diyagama', 180, 81, 17, 0.40, 1007),
('449683857v', 69.00, 'Kiriwattuduwa', 115, 118, 67, 10.60, 1007),
('204446657v', 53.00, 'Dampe', 34, 91, 2, 0.30, 1009),
('984443857v', 65.00, 'Kurugala', 127, 178, 117, 10.70, 1008),
('984443857v', 81.00, 'Artigala', 152, 178, 89, 0.20, 1008),
('204446657v', 85.00, 'Liyanwala', 39, 155, 88, 10.80, 1009),
('449683857v', 88.00, 'Arachchida', 160, 62, 100, 0.10, 1007),
('204534535v', 69.00, 'Madulawa', 109, 143, 162, 10.90, 1007),
('954538835v', 95.00, 'Magammana', 124, 115, 74, 11.00, 1008),
('944539935v', 55.00, 'Matteda', 30, 34, 28, 11.10, 1009),
('774534345v', 74.00, 'Muthuhenawatta', 2, 87, 179, 11.20, 1007),
('449683857v', 81.00, 'Niyandagala', 12, 129, 125, 11.30, 1008),
('984443857v', 68.00, 'Ovitigama', 91, 194, 17, 11.40, 1009),
('204446657v', 82.00, 'Palagama', 106, 26, 22, 11.50, 1007),
('204534535v', 89.00, 'Panaga East', 90, 74, 174, 11.60, 1008),
('954538835v', 73.00, 'Panaluwa', 85, 149, 90, 11.70, 1009),
('944539935v', 87.00, 'Pitipana', 107, 52, 109, 11.80, 1007),
('774534345v', 66.00, 'Pitipana North', 180, 48, 178, 11.90, 1008),
('449683857v', 93.00, 'Pitipana South', 199, 166, 13, 12.00, 1009),
('984443857v', 79.00, 'Watereka', 108, 77, 97, 12.10, 1007),
('204446657v', 92.00, 'Walpita', 99, 186, 164, 12.20, 1008),
('204534535v', 92.00, 'Wethara', 173, 144, 100, 12.30, 1009),
('954538835v', 72.00, 'dagama', 79, 73, 39, 12.40, 1007),
('944539935v', 98.00, 'Arachchida', 152, 37, 82, 12.50, 1008),
('774534345v', 54.00, 'Artigala', 50, 46, 56, 12.60, 1009),
('449683857v', 82.00, 'Dampe', 9, 188, 99, 12.70, 1007),
('984443857v', 96.00, 'Diyagama', 39, 113, 122, 12.80, 1008),
('204446657v', 71.00, 'Habarakada', 164, 139, 126, 12.90, 1009),
('204534535v', 52.00, 'Homagama', 142, 85, 99, 13.00, 1007),
('954538835v', 84.00, 'Horagala East', 45, 133, 184, 13.10, 1008),
('944539935v', 74.00, 'Horakandawela West', 97, 27, 95, 13.20, 1009),
('774534345v', 50.00, 'Jaltara', 45, 20, 79, 13.30, 1007),
('449683857v', 51.00, 'Kahathuduwa North', 191, 52, 185, 13.40, 1008),
('984443857v', 82.00, 'Kahathuduwa South', 183, 192, 145, 13.50, 1009),
('204446657v', 56.00, 'Kiriberiyakele', 11, 165, 152, 13.60, 1007),
('204534535v', 62.00, 'Kiriwattuduwa', 67, 16, 39, 13.70, 1008),
('954538835v', 68.00, 'Kurugala', 35, 119, 10, 13.80, 1009),
('944539935v', 99.00, 'Liyanwala', 137, 154, 160, 13.90, 1007),
('774534345v', 81.00, 'Madulawa', 146, 74, 22, 14.00, 1008)

INSERT crop_cycle_data
(
    crop,
    field,
    plant_density_ha,
    human_hours_ha,
    fertilizer,
    fertilizer_kg_ha,
    predicted_yield_kg_ha,
    planted_date,
    harvest_date,
    yield_kg_ha
)
VALUES
(1000, 1090, 135000, 35.5, 1003, 199, 4747, '2024-05-03', '2024-09-25', 6000),
(1000, 1029, 135000, 23, 1004, 157, 4421, '2024-07-04', '2024-02-13', 5733),
(1000, 1060, 135000, 48, 1007, 121, 4171, '2024-01-28', '2024-12-11', 5003),
(1000, 1103, 135000, 22.5, 1001, 149, 3587, '2024-08-07', '2023-08-11', 3986),
(1000, 1120, 135000, 48.5, 1005, 174, 2708, '2023-08-06', '2024-01-04', 3150),
(1000, 1003, 135000, 22, 1002, 192, 3076, '2024-08-26', '2023-07-11', 2689),
(1000, 1074, 135000, 49, 1004, 171, 2789, '2024-04-10', '2024-11-03', 2520),
(1000, 1059, 135000, 21.5, 1008, 151, 2785, '2024-10-06', '2025-02-26', 2520),
(1000, 1110, 135000, 49.5, 1000, 136, 2597, '2023-10-21', '2024-06-24', 2340),
(1000, 1015, 135000, 21, 1006, 158, 2081, '2024-07-04', '2024-02-13', 2340),
(1000, 1134, 135000, 50, 1005, 154, 2447, '2024-01-28', '2024-12-11', 2340),
(1000, 1116, 135000, 20.5, 1001, 126, 2161, '2024-08-07', '2023-08-11', 2150),
(1000, 1079, 135000, 23, 1004, 135, 2153, '2023-08-06', '2024-01-04', 2150),
(1000, 1078, 135000, 48, 1007, 127, 2285, '2024-08-26', '2023-07-11', 2000),
(1000, 1043, 135000, 22.5, 1001, 128, 1959, '2024-04-10', '2024-11-03', 2000),
(1000, 1065, 135000, 48.5, 1005, 188, 1572, '2024-10-06', '2025-02-26', 1800),
(1000, 1067, 134500, 22, 1002, 189, 4957, '2024-04-18', '2024-06-23', 5999),
(1000, 1135, 135500, 49, 1004, 193, 4051, '2024-02-23', '2024-08-02', 5999),
(1000, 1033, 134000, 21.5, 1008, 156, 4275, '2024-10-08', '2024-12-26', 5996),
(1000, 1020, 136000, 49.5, 1000, 144, 4703, '2024-12-17', '2024-09-13', 5996),
(1000, 1040, 133500, 21, 1006, 120, 4459, '2023-12-17', '2024-05-07', 5992),
(1000, 1017, 136500, 50, 1005, 161, 4441, '2025-01-15', '2023-08-20', 5992),
(1000, 1137, 133000, 20.5, 1001, 177, 4542, '2024-06-09', '2023-07-04', 5986),
(1000, 1023, 137000, 37.5, 1002, 140, 4141, '2024-07-12', '2023-06-07', 5986),
(1000, 1076, 132500, 33, 1002, 155, 4603, '2024-06-06', '2024-02-18', 5978),
(1000, 1028, 137500, 38, 1000, 121, 4878, '2024-10-11', '2023-08-16', 5978),
(1000, 1031, 132000, 32.5, 1005, 167, 4554, '2024-12-06', '2023-08-05', 5968),
(1000, 1131, 138000, 38.5, 1004, 186, 3643, '2024-03-11', '2024-06-27', 5968),
(1000, 1023, 131500, 32, 1005, 149, 4702, '2023-10-26', '2023-08-05', 5957),
(1000, 1069, 138500, 39, 1004, 129, 4218, '2024-03-12', '2023-11-13', 5957),
(1000, 1121, 131000, 31.5, 1000, 136, 4570, '2024-07-12', '2024-09-07', 5943),
(1000, 1136, 139000, 39.5, 1002, 146, 4319, '2024-07-10', '2023-08-06', 5943),
(1000, 1003, 130500, 31, 1004, 171, 4789, '2024-09-01', '2024-04-05', 5929),
(1000, 1067, 139500, 40, 1007, 179, 4514, '2024-06-11', '2024-04-05', 5929),
(1000, 1005, 130000, 30.5, 1001, 141, 4615, '2023-12-25', '2024-04-26', 5912),
(1000, 1133, 140000, 40.5, 1005, 133, 4319, '2024-02-29', '2023-09-12', 5912),
(1000, 1122, 129500, 30, 1002, 138, 4991, '2024-07-04', '2023-11-19', 5894),
(1000, 1041, 140500, 41, 1004, 190, 4288, '2024-08-28', '2024-10-31', 5894),
(1000, 1008, 129000, 29.5, 1008, 189, 4451, '2024-05-17', '2023-06-10', 5874),
(1000, 1019, 141000, 41.5, 1000, 154, 4264, '2024-02-05', '2024-05-05', 5874),
(1000, 1029, 128500, 29, 1006, 175, 5209, '2024-12-09', '2024-05-24', 5852),
(1000, 1012, 141500, 42, 1005, 140, 4089, '2023-10-26', '2023-06-19', 5852),
(1000, 1036, 128000, 28.5, 1001, 191, 5278, '2024-01-30', '2025-02-15', 5829),
(1000, 1074, 142000, 42.5, 1002, 160, 4174, '2023-12-31', '2023-09-28', 5829),
(1000, 1037, 127500, 28, 1005, 192, 4151, '2024-11-07', '2024-06-25', 5804),
(1000, 1134, 142500, 43, 1001, 173, 4391, '2024-02-05', '2024-03-12', 5804),
(1000, 1071, 127000, 27.5, 1002, 159, 5228, '2024-03-21', '2024-06-16', 5777),
(1000, 1134, 143000, 43.5, 1003, 179, 4057, '2024-03-16', '2023-09-19', 5777),
(1000, 1069, 126500, 27, 1009, 172, 5545, '2025-01-10', '2024-05-05', 5749),
(1000, 1093, 143500, 44, 1003, 146, 3871, '2023-09-28', '2024-03-21', 5749),
(1000, 1001, 126000, 26.5, 1000, 186, 5341, '2023-08-22', '2023-09-21', 5719),
(1000, 1042, 144000, 44.5, 1001, 136, 4222, '2024-01-21', '2023-12-01', 5719),
(1000, 1115, 125500, 26, 1003, 171, 5047, '2024-06-15', '2024-05-19', 5688),
(1000, 1055, 144500, 45, 1001, 161, 3946, '2023-07-15', '2023-07-14', 5688),
(1000, 1083, 125000, 25.5, 1001, 123, 4847, '2023-06-15', '2024-02-22', 5656),
(1000, 1023, 145000, 45.5, 1007, 149, 3985, '2024-01-29', '2024-05-29', 5656),
(1000, 1098, 124500, 25, 1003, 174, 5455, '2023-11-25', '2024-04-20', 5621),
(1000, 1037, 145500, 46, 1009, 145, 4145, '2023-06-12', '2024-07-27', 5621),
(1000, 1113, 124000, 24.5, 1004, 200, 5189, '2024-05-16', '2025-01-10', 5586),
(1000, 1027, 146000, 46.5, 1002, 195, 4024, '2023-09-08', '2024-05-16', 5586),
(1000, 1148, 123500, 24, 1002, 177, 4286, '2023-08-25', '2025-01-20', 5549),
(1000, 1104, 146500, 47, 1006, 156, 4115, '2023-08-29', '2024-01-12', 5549),
(1000, 1024, 123000, 23.5, 1005, 141, 5593, '2024-07-04', '2024-02-13', 5510),
(1000, 1073, 147000, 47.5, 1003, 189, 4084, '2024-01-28', '2024-12-11', 5510),
(1000, 1059, 122500, 23, 1004, 122, 5249, '2024-08-07', '2023-08-11', 5471),
(1000, 1000, 147500, 48, 1003, 121, 3857, '2023-08-06', '2024-01-04', 5471),
(1000, 1117, 122000, 22.5, 1006, 197, 4988, '2024-08-26', '2023-07-11', 5430),
(1000, 1083, 148000, 48.5, 1006, 181, 4449, '2024-04-10', '2024-11-03', 5430),
(1000, 1056, 121500, 22, 1003, 130, 5039, '2024-10-06', '2025-02-26', 5387),
(1000, 1116, 148500, 49, 1001, 180, 3859, '2023-10-21', '2024-06-24', 5387),
(1000, 1117, 121000, 21.5, 1007, 126, 4701, '2024-01-28', '2025-03-23', 5344),
(1000, 1001, 149000, 49.5, 1007, 149, 3574, '2024-01-31', '2024-09-22', 5344),
(1000, 1142, 120500, 21, 1000, 180, 5279, '2024-08-10', '2023-09-29', 5299),
(1000, 1055, 149500, 50, 1003, 131, 3175, '2023-12-05', '2024-03-26', 5299),
(1000, 1050, 120000, 20.5, 1004, 194, 5608, '2024-11-05', '2024-07-06', 5253),
(1000, 1146, 150000, 50.5, 1007, 168, 3636, '2024-01-21', '2024-02-05', 5253),
(1000, 1142, 119500, 20, 1003, 127, 5402, '2024-09-19', '2024-04-16', 5206),
(1000, 1006, 150500, 51, 1004, 165, 3958, '2024-03-02', '2023-09-23', 5206),
(1000, 1024, 119000, 19.5, 1007, 193, 5113, '2024-10-28', '2023-11-05', 5157),
(1000, 1073, 151000, 51.5, 1001, 127, 4041, '2024-02-10', '2024-04-20', 5157),
(1000, 1047, 118500, 19, 1004, 168, 5212, '2024-02-18', '2023-12-30', 5108),
(1000, 1041, 151500, 52, 1004, 158, 3450, '2024-04-30', '2025-01-02', 5108),
(1000, 1140, 118000, 18.5, 1002, 164, 5535, '2024-04-03', '2024-05-16', 5058),
(1000, 1000, 152000, 52.5, 1009, 187, 4266, '2023-10-24', '2024-01-21', 5058),
(1000, 1002, 117500, 18, 1001, 137, 5181, '2024-02-18', '2024-04-27', 5006),
(1000, 1046, 152500, 53, 1007, 124, 3704, '2024-03-26', '2024-07-05', 5006),
(1000, 1015, 117000, 17.5, 1006, 187, 4822, '2024-10-29', '2024-04-10', 4954),
(1000, 1129, 153000, 53.5, 1008, 175, 3774, '2024-04-05', '2024-10-13', 4954),
(1000, 1101, 116500, 17, 1006, 171, 4952, '2024-06-03', '2023-11-12', 4901),
(1000, 1025, 153500, 54, 1005, 170, 3378, '2023-08-20', '2023-12-31', 4901),
(1000, 1092, 116000, 16.5, 1009, 149, 5025, '2024-07-17', '2024-05-14', 4847),
(1000, 1094, 154000, 54.5, 1004, 174, 3803, '2023-08-05', '2024-01-08', 4847),
(1000, 1091, 115500, 16, 1004, 127, 5164, '2024-03-07', '2023-10-15', 4792),
(1000, 1043, 154500, 55, 1000, 140, 3727, '2023-06-10', '2023-10-24', 4792),
(1000, 1019, 115000, 15.5, 1004, 181, 5316, '2024-07-29', '2024-01-27', 4737),
(1000, 1120, 155000, 55.5, 1003, 165, 3796, '2023-07-11', '2023-10-29', 4737),
(1000, 1005, 114500, 15, 1008, 166, 5440, '2024-03-04', '2023-10-18', 4680),
(1000, 1005, 155500, 56, 1005, 124, 3375, '2024-05-16', '2024-08-17', 4680),
(1000, 1096, 114000, 14.5, 1000, 197, 5443, '2024-06-12', '2024-01-04', 4623),
(1000, 1027, 156000, 56.5, 1003, 121, 3370, '2024-05-14', '2024-05-08', 4623),
(1000, 1074, 113500, 14, 1000, 126, 5321, '2023-11-12', '2023-12-28', 4565),
(1000, 1135, 156500, 57, 1004, 177, 2808, '2023-09-04', '2024-02-12', 4565),
(1000, 1041, 113000, 13.5, 1004, 127, 5241, '2024-11-28', '2023-11-26', 4507),
(1000, 1105, 157000, 57.5, 1004, 173, 3427, '2023-11-12', '2024-04-30', 4507),
(1000, 1018, 112500, 13, 1002, 172, 5726, '2025-02-10', '2024-01-29', 4448),
(1000, 1082, 157500, 58, 1005, 199, 3816, '2023-12-30', '2024-05-01', 4448),
(1000, 1118, 112000, 12.5, 1001, 139, 5744, '2024-02-15', '2024-03-26', 4389),
(1000, 1030, 158000, 58.5, 1005, 149, 3762, '2023-08-11', '2023-09-01', 4389),
(1000, 1009, 111500, 12, 1002, 179, 5229, '2024-03-29', '2023-11-03', 4329),
(1000, 1026, 158500, 59, 1000, 130, 3087, '2023-11-19', '2024-07-10', 4329),
(1000, 1068, 111000, 11.5, 1001, 191, 5545, '2024-06-11', '2024-03-31', 4269),
(1000, 1037, 159000, 59.5, 1004, 155, 3872, '2024-02-18', '2024-03-04', 4269),
(1000, 1062, 110500, 11, 1006, 195, 5615, '2023-12-06', '2024-04-15', 4208),
(1000, 1102, 159500, 60, 1007, 144, 3316, '2023-06-07', '2023-09-20', 4208),
(1000, 1057, 110000, 10.5, 1009, 194, 5755, '2023-06-07', '2024-04-02', 4147),
(1000, 1142, 160000, 60.5, 1005, 131, 3313, '2023-09-12', '2024-05-20', 4147),
(1000, 1123, 109500, 10, 1004, 192, 5507, '2024-01-20', '2023-09-17', 4085),
(1000, 1110, 160500, 61, 1000, 173, 3110, '2024-02-05', '2024-09-27', 4085),
(1000, 1123, 109000, 9.5, 1000, 187, 6074, '2024-06-06', '2024-04-26', 4024),
(1000, 1024, 161000, 61.5, 1004, 143, 3197, '2023-10-29', '2024-07-17', 4024),
(1000, 1073, 108500, 9, 1008, 168, 5855, '2024-06-16', '2024-01-31', 3962),
(1000, 1036, 161500, 62, 1004, 159, 3118, '2024-05-01', '2024-10-04', 3962),
(1000, 1124, 108000, 8.5, 1009, 195, 5619, '2023-11-30', '2023-07-05', 3899),
(1000, 1063, 162000, 62.5, 1009, 187, 3675, '2023-12-26', '2023-10-02', 3899),
(1000, 1126, 107500, 8, 1008, 149, 5654, '2025-01-01', '2023-05-31', 3837),
(1000, 1124, 162500, 63, 1002, 175, 3446, '2023-05-26', '2024-12-14', 3837),
(1000, 1050, 107000, 7.5, 1001, 137, 5836, '2024-08-13', '2023-06-14', 3775),
(1000, 1081, 163000, 63.5, 1007, 164, 2629, '2024-04-15', '2024-04-05', 3775),
(1000, 1112, 106500, 7, 1000, 188, 5371, '2024-04-01', '2023-07-13', 3712),
(1000, 1066, 163500, 64, 1008, 133, 3452, '2023-10-18', '2024-11-20', 3712),
(1000, 1079, 106000, 6.5, 1004, 151, 5833, '2025-01-17', '2024-03-08', 3650),
(1000, 1039, 164000, 64.5, 1008, 138, 3118, '2023-08-07', '2024-05-11', 3650),
(1000, 1032, 105500, 6, 1006, 185, 5805, '2025-03-15', '2023-10-06', 3587),
(1000, 1067, 164500, 65, 1001, 155, 3321, '2023-10-20', '2024-09-08', 3587),
(1000, 1020, 105000, 5.5, 1006, 121, 5572, '2024-06-10', '2023-07-30', 3525),
(1000, 1121, 165000, 65.5, 1007, 127, 2872, '2024-04-23', '2024-02-10', 3525),
(1000, 1052, 104500, 5, 1008, 136, 6108, '2024-09-27', '2023-12-25', 3462),
(1000, 1046, 165500, 66, 1001, 134, 2857, '2023-11-28', '2023-12-26', 3462),
(1000, 1059, 104000, 4.5, 1000, 182, 5585, '2024-06-17', '2023-07-25', 3400),
(1000, 1107, 166000, 66.5, 1004, 167, 3214, '2024-04-28', '2024-09-23', 3400),
(1000, 1081, 103500, 4, 1009, 128, 5504, '2025-01-22', '2023-09-12', 3338),
(1000, 1062, 166500, 67, 1008, 194, 3017, '2023-10-22', '2024-02-19', 3338),
(1000, 1057, 103000, 3.5, 1009, 131, 5931, '2024-12-03', '2024-01-07', 3275),
(1000, 1025, 167000, 67.5, 1007, 144, 3194, '2024-03-27', '2024-11-20', 3275),
(1000, 1147, 102500, 3, 1008, 160, 5260, '2024-11-02', '2023-11-18', 3214),
(1000, 1051, 167500, 68, 1008, 194, 2418, '2024-04-24', '2024-12-31', 3214),
(1000, 1010, 102000, 2.5, 1004, 180, 6011, '2023-08-14', '2023-07-04', 3152),
(1000, 1086, 168000, 68.5, 1009, 160, 2886, '2023-12-02', '2023-12-06', 3152),
(1000, 1052, 101500, 2, 1005, 156, 5854, '2023-09-04', '2023-11-29', 3091),
(1000, 1093, 168500, 69, 1004, 133, 2474, '2024-02-17', '2024-05-11', 3091),
(1000, 1000, 101000, 1.5, 1003, 173, 6172, '2024-09-24', '2023-12-18', 3030),
(1000, 1087, 169000, 69.5, 1000, 172, 2536, '2024-02-13', '2023-11-27', 3030),
(1000, 1129, 100500, 1, 1006, 122, 6336, '2023-10-15', '2023-05-29', 2969),
(1000, 1060, 169500, 70, 1006, 145, 2865, '2023-08-16', '2024-03-02', 2969),
(1000, 1042, 100000, 0.5, 1006, 141, 6353, '2024-03-17', '2023-11-16', 2909),
(1000, 1093, 170000, 0.5, 1008, 127, 3171, '2024-01-05', '2023-05-26', 2909),
(1000, 1084, 170500, 1, 1006, 178, 2498, '2023-09-24', '2023-07-10', 2849),
(1000, 1069, 171000, 1.5, 1000, 183, 3119, '2023-08-26', '2024-04-25', 2789),
(1000, 1126, 171500, 2, 1008, 157, 2609, '2023-12-21', '2023-08-20', 2730),
(1000, 1000, 172000, 2.5, 1000, 159, 3555, '2023-09-18', '2024-11-23', 2671),
(1000, 1053, 172500, 3, 1002, 171, 2719, '2024-03-28', '2024-01-21', 2613),
(1000, 1030, 173000, 3.5, 1001, 176, 3230, '2023-10-09', '2024-04-15', 2555),
(1000, 1093, 173500, 4, 1001, 140, 3489, '2023-06-29', '2024-05-06', 2498),
(1000, 1045, 174000, 4.5, 1008, 174, 2612, '2024-03-27', '2024-04-14', 2442),
(1000, 1148, 174500, 5, 1001, 164, 3053, '2023-12-07', '2024-03-26', 2386),
(1000, 1138, 175000, 5.5, 1005, 120, 2861, '2023-12-19', '2024-12-17', 2330),
(1000, 1124, 175500, 6, 1007, 143, 2443, '2023-12-02', '2024-10-20', 2275),
(1000, 1032, 176000, 6.5, 1009, 124, 2094, '2023-10-23', '2025-01-20', 2221),
(1000, 1077, 176500, 7, 1002, 189, 3032, '2023-09-08', '2024-02-22', 2168),
(1000, 1076, 177000, 7.5, 1002, 178, 2160, '2023-10-26', '2024-08-13', 2115),
(1000, 1002, 177500, 8, 1004, 196, 2635, '2023-07-25', '2024-04-10', 2063),
(1000, 1054, 178000, 8.5, 1003, 186, 2020, '2024-02-09', '2024-12-21', 2011),
(1000, 1013, 178500, 9, 1001, 167, 2986, '2023-07-15', '2024-12-20', 1961),
(1000, 1082, 179000, 9.5, 1003, 195, 2007, '2024-03-14', '2023-12-05', 1911),
(1000, 1086, 179500, 10, 1000, 174, 2367, '2024-03-20', '2023-10-18', 1861),
(1000, 1040, 180000, 10.5, 1000, 142, 2535, '2024-01-02', '2023-08-15', 1813),
(1000, 1123, 180500, 11, 1005, 182, 2791, '2024-01-11', '2023-12-15', 1765),
(1000, 1005, 181000, 11.5, 1001, 145, 2246, '2023-05-27', '2023-09-10', 1718),
(1000, 1032, 181500, 12, 1009, 170, 2666, '2024-02-14', '2024-01-13', 1671),
(1000, 1116, 182000, 12.5, 1009, 188, 2145, '2024-04-24', '2024-01-31', 1626),
(1000, 1078, 182500, 13, 1001, 148, 2230, '2024-04-30', '2023-08-07', 1581),
(1000, 1010, 183000, 13.5, 1002, 170, 3038, '2024-01-09', '2024-05-06', 1537),
(1000, 1039, 183500, 14, 1009, 131, 2132, '2023-10-21', '2024-07-28', 1494),
(1000, 1101, 184000, 14.5, 1003, 150, 1785, '2024-03-02', '2024-05-03', 1451),
(1000, 1113, 184500, 15, 1009, 174, 2554, '2023-10-16', '2024-02-01', 1410),
(1000, 1004, 185000, 15.5, 1002, 200, 2990, '2023-11-28', '2023-06-15', 1369),
(1000, 1045, 185500, 16, 1005, 180, 1872, '2024-03-28', '2024-02-29', 1329),
(1000, 1125, 186000, 16.5, 1006, 143, 2244, '2024-01-16', '2024-09-02', 1290),
(1000, 1072, 186500, 17, 1002, 142, 2723, '2023-11-15', '2024-10-13', 1251),
(1000, 1045, 187000, 17.5, 1000, 192, 2314, '2024-01-17', '2024-01-21', 1213),
(1000, 1101, 187500, 18, 1005, 121, 2082, '2024-01-29', '2024-10-17', 1176),
(1000, 1054, 188000, 18.5, 1008, 164, 1986, '2023-11-17', '2024-12-12', 1140),
(1000, 1059, 188500, 19, 1005, 136, 1629, '2024-01-01', '2023-10-21', 1105),
(1000, 1149, 189000, 19.5, 1001, 135, 2546, '2024-03-26', '2023-10-20', 1070),
(1000, 1110, 189500, 20, 1003, 134, 2280, '2023-08-08', '2023-05-28', 1037),
(1000, 1124, 190000, 20.5, 1003, 179, 1771, '2023-11-30', '2024-03-18', 1004),
(1000, 1008, 190500, 21, 1007, 133, 1959, '2023-09-08', '2024-05-06', 971),
(1000, 1093, 191000, 21.5, 1004, 160, 2382, '2024-01-15', '2023-12-26', 940),
(1000, 1042, 191500, 22, 1001, 145, 2519, '2023-07-13', '2024-04-10', 909),
(1000, 1040, 192000, 22.5, 1005, 161, 2027, '2023-06-03', '2024-04-23', 879),
(1000, 1084, 192500, 23, 1001, 121, 1902, '2023-08-25', '2024-11-11', 850),
(1000, 1115, 193000, 23.5, 1003, 178, 1807, '2023-07-27', '2024-04-14', 821),
(1000, 1127, 193500, 24, 1007, 161, 1466, '2024-03-11', '2023-07-24', 794),
(1000, 1102, 194000, 24.5, 1007, 189, 1489, '2024-02-27', '2024-01-21', 767),
(1000, 1037, 194500, 25, 1003, 126, 2084, '2024-03-05', '2024-06-24', 740),
(1000, 1091, 195000, 25.5, 1001, 198, 2093, '2023-07-26', '2023-11-17', 714),
(1000, 1112, 195500, 26, 1004, 120, 2491, '2024-03-16', '2023-08-06', 689),
(1000, 1147, 196000, 26.5, 1006, 130, 1876, '2023-09-22', '2023-11-28', 665),
(1000, 1006, 196500, 27, 1002, 179, 1932, '2023-11-25', '2023-06-24', 641),
(1000, 1086, 197000, 27.5, 1007, 192, 1398, '2024-04-20', '2024-11-23', 619),
(1000, 1024, 197500, 28, 1009, 152, 1649, '2023-06-14', '2024-12-20', 596),
(1000, 1083, 198000, 28.5, 1008, 142, 1517, '2023-12-06', '2023-09-10', 574),
(1000, 1037, 198500, 29, 1007, 185, 1679, '2023-08-01', '2024-05-03', 553),
(1000, 1029, 199000, 29.5, 1006, 133, 1825, '2024-01-19', '2023-08-27', 533),
(1000, 1093, 199500, 30, 1000, 199, 1645, '2023-12-16', '2024-03-26', 513),
(1000, 1010, 200000, 30.5, 1007, 190, 1724, '2023-12-18', '2023-06-02', 494),
(1000, 1013, 135000, 35.5, 1003, 199, 4521, '2024-05-03', '2024-09-25', 5999),
(1000, 1013, 135000, 22, 1002, 189, 4523, '2024-04-18', '2024-06-23', 5999),
(1000, 1036, 135000, 49, 1004, 193, 4920, '2024-02-23', '2024-08-02', 5999),
(1000, 1068, 135000, 21.5, 1008, 156, 4687, '2024-10-08', '2024-12-26', 5998),
(1000, 1053, 135000, 49.5, 1000, 144, 4602, '2024-12-17', '2024-09-13', 5998),
(1000, 1122, 135000, 21, 1006, 120, 4621, '2023-12-17', '2024-05-07', 5996),
(1000, 1058, 135000, 50, 1005, 161, 4942, '2025-01-15', '2023-08-20', 5996),
(1000, 1098, 135000, 20.5, 1001, 177, 4230, '2024-06-09', '2023-07-04', 5996),
(1000, 1062, 135000, 37.5, 1002, 140, 4781, '2024-07-12', '2023-06-07', 5996),
(1000, 1082, 135000, 33, 1002, 155, 4927, '2024-06-06', '2024-02-18', 5996),
(1000, 1076, 135000, 38, 1000, 121, 4002, '2024-10-11', '2023-08-16', 5994),
(1000, 1151, 135000, 32.5, 1005, 167, 5208, '2024-12-06', '2023-08-05', 5993),
(1000, 1140, 135000, 38.5, 1004, 186, 4941, '2024-03-11', '2024-06-27', 5993),
(1000, 1119, 135000, 32, 1005, 149, 4731, '2023-10-26', '2023-08-05', 5992),
(1000, 1031, 135000, 39, 1004, 129, 4511, '2024-03-12', '2023-11-13', 5992),
(1000, 1039, 135000, 31.5, 1000, 136, 3896, '2024-07-12', '2024-09-07', 5990),
(1000, 1072, 135000, 39.5, 1002, 146, 4066, '2024-07-10', '2023-08-06', 5989),
(1000, 1068, 135000, 31, 1004, 171, 4393, '2024-09-01', '2024-04-05', 5989),
(1000, 1092, 135000, 40, 1007, 179, 4477, '2024-06-11', '2024-04-05', 5989),
(1000, 1021, 135000, 30.5, 1001, 141, 4039, '2023-12-25', '2024-04-26', 5989),
(1000, 1036, 135000, 40.5, 1005, 133, 3949, '2024-02-29', '2023-09-12', 5989),
(1000, 1035, 135000, 30, 1002, 138, 3849, '2024-07-04', '2023-11-19', 5989),
(1000, 1050, 135000, 41, 1004, 190, 4186, '2024-08-28', '2024-10-31', 5989),
(1000, 1118, 135000, 29.5, 1008, 189, 4507, '2024-05-17', '2023-06-10', 5989),
(1000, 1045, 135000, 41.5, 1000, 154, 4453, '2024-02-05', '2024-05-05', 5989),
(1000, 1099, 135000, 29, 1006, 175, 5197, '2024-12-09', '2024-05-24', 5987),
(1000, 1108, 135000, 42, 1005, 140, 4511, '2023-10-26', '2023-06-19', 5987),
(1000, 1122, 135000, 28.5, 1001, 191, 5168, '2024-01-30', '2025-02-15', 5986),
(1000, 1098, 135000, 42.5, 1002, 160, 4418, '2023-12-31', '2023-09-28', 5986),
(1000, 1145, 135000, 28, 1005, 192, 3798, '2024-11-07', '2024-06-25', 5986),
(1000, 1121, 135000, 43, 1001, 173, 4837, '2024-02-05', '2024-03-12', 5981),
(1000, 1122, 135000, 27.5, 1002, 159, 4394, '2024-03-21', '2024-06-16', 5981),
(1000, 1039, 135000, 43.5, 1003, 179, 4132, '2024-03-16', '2023-09-19', 5981),
(1000, 1121, 135000, 27, 1009, 172, 4892, '2025-01-10', '2024-05-05', 5978),
(1000, 1135, 135000, 44, 1003, 146, 4356, '2023-09-28', '2024-03-21', 5978),
(1000, 1080, 135000, 23, 1004, 157, 4450, '2024-07-04', '2024-02-13', 5975),
(1000, 1092, 135000, 26.5, 1000, 186, 4764, '2023-08-22', '2023-09-21', 5973),
(1000, 1015, 135000, 44.5, 1001, 136, 4303, '2024-01-21', '2023-12-01', 5973),
(1000, 1058, 135000, 26, 1003, 171, 3882, '2024-06-15', '2024-05-19', 5969),
(1000, 1119, 135000, 45, 1001, 161, 4197, '2023-07-15', '2023-07-14', 5969),
(1000, 1017, 135000, 25.5, 1001, 123, 4218, '2023-06-15', '2024-02-22', 5969),
(1000, 1086, 135000, 45.5, 1007, 149, 3789, '2024-01-29', '2024-05-29', 5969),
(1000, 1067, 135000, 25, 1003, 174, 4575, '2023-11-25', '2024-04-20', 5968),
(1000, 1006, 135000, 46, 1009, 145, 4439, '2023-06-12', '2024-07-27', 5968),
(1000, 1147, 135000, 24.5, 1004, 200, 4503, '2024-05-16', '2025-01-10', 5968),
(1000, 1005, 135000, 46.5, 1002, 195, 4855, '2023-09-08', '2024-05-16', 5963),
(1000, 1052, 135000, 24, 1002, 177, 4384, '2023-08-25', '2025-01-20', 5963),
(1000, 1126, 135000, 47, 1006, 156, 4069, '2023-08-29', '2024-01-12', 5961),
(1000, 1115, 135000, 23.5, 1005, 141, 4486, '2024-07-04', '2024-02-13', 5957),
(1000, 1066, 135000, 47.5, 1003, 189, 5011, '2024-01-28', '2024-12-11', 5957),
(1000, 1046, 135000, 23, 1004, 122, 4951, '2024-08-07', '2023-08-11', 5952),
(1000, 1048, 135000, 48, 1003, 121, 4700, '2023-08-06', '2024-01-04', 5952),
(1000, 1142, 135000, 22.5, 1006, 197, 3981, '2024-08-26', '2023-07-11', 5952),
(1000, 1049, 135000, 48.5, 1006, 181, 4363, '2024-04-10', '2024-11-03', 5946),
(1000, 1071, 135000, 22, 1003, 130, 4695, '2024-10-06', '2025-02-26', 5946),
(1000, 1085, 135000, 49, 1001, 180, 4708, '2023-10-21', '2024-06-24', 5946),
(1000, 1149, 135000, 21.5, 1007, 126, 4314, '2024-01-28', '2025-03-23', 5946),
(1000, 1121, 135000, 49.5, 1007, 149, 4216, '2024-01-31', '2024-09-22', 5946),
(1000, 1034, 135000, 21, 1000, 180, 4123, '2024-08-10', '2023-09-29', 5946),
(1000, 1103, 135000, 50, 1003, 131, 4451, '2023-12-05', '2024-03-26', 5946),
(1000, 1121, 135000, 20.5, 1004, 194, 4456, '2024-11-05', '2024-07-06', 5946),
(1000, 1036, 135000, 50.5, 1007, 168, 4782, '2024-01-21', '2024-02-05', 5946),
(1000, 1114, 135000, 20, 1003, 127, 4796, '2024-09-19', '2024-04-16', 5946),
(1000, 1112, 135000, 51, 1004, 165, 4348, '2024-03-02', '2023-09-23', 5946),
(1000, 1005, 135000, 19.5, 1007, 193, 4251, '2024-10-28', '2023-11-05', 5946),
(1000, 1096, 135000, 51.5, 1001, 127, 4412, '2024-02-10', '2024-04-20', 5946),
(1000, 1065, 135000, 19, 1004, 168, 4488, '2024-02-18', '2023-12-30', 5946),
(1000, 1136, 135000, 52, 1004, 158, 4851, '2024-04-30', '2025-01-02', 5946),
(1000, 1088, 135000, 18.5, 1002, 164, 4659, '2024-04-03', '2024-05-16', 5944),
(1000, 1122, 135000, 52.5, 1009, 187, 5030, '2023-10-24', '2024-01-21', 5944),
(1000, 1097, 135000, 18, 1001, 137, 3850, '2024-02-18', '2024-04-27', 5943),
(1000, 1133, 135000, 53, 1007, 124, 5190, '2024-03-26', '2024-07-05', 5940),
(1000, 1110, 135000, 48, 1007, 121, 4715, '2024-01-28', '2024-12-11', 5940),
(1000, 1045, 135000, 17.5, 1006, 187, 4415, '2024-10-29', '2024-04-10', 5937),
(1000, 1093, 135000, 53.5, 1008, 175, 3988, '2024-04-05', '2024-10-13', 5937),
(1000, 1033, 135000, 17, 1006, 171, 3894, '2024-06-03', '2023-11-12', 5937),
(1000, 1125, 135000, 54, 1005, 170, 3801, '2023-08-20', '2023-12-31', 5937),
(1000, 1026, 135000, 16.5, 1009, 149, 3936, '2024-07-17', '2024-05-14', 5933),
(1000, 1087, 135000, 54.5, 1004, 174, 4747, '2023-08-05', '2024-01-08', 5929),
(1000, 1092, 135000, 16, 1004, 127, 4595, '2024-03-07', '2023-10-15', 5929),
(1000, 1018, 135000, 55, 1000, 140, 5178, '2023-06-10', '2023-10-24', 5926),
(1000, 1082, 135000, 15.5, 1004, 181, 4291, '2024-07-29', '2024-01-27', 5926),
(1000, 1135, 135000, 55.5, 1003, 165, 4252, '2023-07-11', '2023-10-29', 5923),
(1000, 1090, 135000, 15, 1008, 166, 5181, '2024-03-04', '2023-10-18', 5912),
(1000, 1037, 135000, 56, 1005, 124, 4502, '2024-05-16', '2024-08-17', 5912),
(1000, 1052, 135000, 14.5, 1000, 197, 4275, '2024-06-12', '2024-01-04', 5912),
(1000, 1063, 135000, 56.5, 1003, 121, 4849, '2024-05-14', '2024-05-08', 5911),
(1000, 1024, 135000, 14, 1000, 126, 4191, '2023-11-12', '2023-12-28', 5911),
(1000, 1138, 135000, 57, 1004, 177, 3840, '2023-09-04', '2024-02-12', 5899),
(1000, 1014, 135000, 13.5, 1004, 127, 3689, '2024-11-28', '2023-11-26', 5897),
(1000, 1114, 135000, 57.5, 1004, 173, 3847, '2023-11-12', '2024-04-30', 5897),
(1000, 1080, 135000, 13, 1002, 172, 3933, '2025-02-10', '2024-01-29', 5897),
(1000, 1106, 135000, 58, 1005, 199, 4248, '2023-12-30', '2024-05-01', 5897),
(1000, 1053, 135000, 12.5, 1001, 139, 4271, '2024-02-15', '2024-03-26', 5897),
(1000, 1123, 135000, 58.5, 1005, 149, 4114, '2023-08-11', '2023-09-01', 5897),
(1000, 1016, 135000, 12, 1002, 179, 4015, '2024-03-29', '2023-11-03', 5897),
(1000, 1003, 135000, 59, 1000, 130, 3923, '2023-11-19', '2024-07-10', 5897),
(1000, 1126, 135000, 11.5, 1001, 191, 4791, '2024-06-11', '2024-03-31', 5894),
(1000, 1067, 135000, 59.5, 1004, 155, 4136, '2024-02-18', '2024-03-04', 5894),
(1000, 1007, 135000, 11, 1006, 195, 5162, '2023-12-06', '2024-04-15', 5894),
(1000, 1137, 135000, 60, 1007, 144, 4406, '2023-06-07', '2023-09-20', 5894),
(1000, 1130, 135000, 10.5, 1009, 194, 4919, '2023-06-07', '2024-04-02', 5892),
(1000, 1078, 135000, 60.5, 1005, 131, 4492, '2023-09-12', '2024-05-20', 5892),
(1000, 1095, 135000, 10, 1004, 192, 4394, '2024-01-20', '2023-09-17', 5892),
(1000, 1140, 135000, 61, 1000, 173, 4284, '2024-02-05', '2024-09-27', 5892),
(1000, 1085, 135000, 9.5, 1000, 187, 3749, '2024-06-06', '2024-04-26', 5887),
(1000, 1148, 135000, 61.5, 1004, 143, 4873, '2023-10-29', '2024-07-17', 5877),
(1000, 1091, 135000, 22.5, 1001, 149, 4418, '2024-08-07', '2023-08-11', 5877),
(1000, 1073, 135000, 9, 1008, 168, 4809, '2024-06-16', '2024-01-31', 5874),
(1000, 1044, 135000, 62, 1004, 159, 4490, '2024-05-01', '2024-10-04', 5874),
(1000, 1071, 135000, 8.5, 1009, 195, 3904, '2023-11-30', '2023-07-05', 5873),
(1000, 1142, 135000, 62.5, 1009, 187, 3986, '2023-12-26', '2023-10-02', 5859),
(1000, 1145, 135000, 8, 1008, 149, 4964, '2025-01-01', '2023-05-31', 5857),
(1000, 1098, 135000, 63, 1002, 175, 4743, '2023-05-26', '2024-12-14', 5857),
(1000, 1125, 135000, 7.5, 1001, 137, 4730, '2024-08-13', '2023-06-14', 5852),
(1000, 1098, 135000, 63.5, 1007, 164, 4733, '2024-04-15', '2024-04-05', 5852),
(1000, 1012, 135000, 7, 1000, 188, 4371, '2024-04-01', '2023-07-13', 5845),
(1000, 1066, 135000, 64, 1008, 133, 3942, '2023-10-18', '2024-11-20', 5845),
(1000, 1038, 135000, 6.5, 1004, 151, 3843, '2025-01-17', '2024-03-08', 5845),
(1000, 1114, 135000, 64.5, 1008, 138, 3750, '2023-08-07', '2024-05-11', 5845),
(1000, 1000, 135000, 6, 1006, 185, 3824, '2025-03-15', '2023-10-06', 5845),
(1000, 1132, 135000, 65, 1001, 155, 4410, '2023-10-20', '2024-09-08', 5845),
(1000, 1126, 135000, 5.5, 1006, 121, 4301, '2024-06-10', '2023-07-30', 5844),
(1000, 1084, 135000, 65.5, 1007, 127, 4922, '2024-04-23', '2024-02-10', 5838),
(1000, 1120, 135000, 5, 1008, 136, 4886, '2024-09-27', '2023-12-25', 5838),
(1000, 1101, 135000, 66, 1001, 134, 5393, '2023-11-28', '2023-12-26', 5836),
(1000, 1048, 135000, 4.5, 1000, 182, 4755, '2024-06-17', '2023-07-25', 5836),
(1000, 1076, 135000, 66.5, 1004, 167, 4828, '2024-04-28', '2024-09-23', 5829),
(1000, 1034, 135000, 4, 1009, 128, 4761, '2025-01-22', '2023-09-12', 5829),
(1000, 1060, 135000, 67, 1008, 194, 4324, '2023-10-22', '2024-02-19', 5828),
(1000, 1039, 135000, 3.5, 1009, 131, 5381, '2024-12-03', '2024-01-07', 5814),
(1000, 1137, 135000, 67.5, 1007, 144, 4327, '2024-03-27', '2024-11-20', 5814),
(1000, 1149, 135000, 3, 1008, 160, 3882, '2024-11-02', '2023-11-18', 5811),
(1000, 1073, 135000, 68, 1008, 194, 4917, '2024-04-24', '2024-12-31', 5804),
(1000, 1000, 135000, 2.5, 1004, 180, 4325, '2023-08-14', '2023-07-04', 5804),
(1000, 1031, 135000, 68.5, 1009, 160, 3699, '2023-12-02', '2023-12-06', 5794),
(1000, 1019, 135000, 48.5, 1005, 174, 5057, '2023-08-06', '2024-01-04', 5791),
(1000, 1109, 135000, 2, 1005, 156, 4226, '2023-09-04', '2023-11-29', 5791),
(1000, 1050, 135000, 69, 1004, 133, 3980, '2024-02-17', '2024-05-11', 5786),
(1000, 1006, 135000, 1.5, 1003, 173, 4303, '2024-09-24', '2023-12-18', 5786),
(1000, 1040, 135000, 69.5, 1000, 172, 4319, '2024-02-13', '2023-11-27', 5786),
(1000, 1143, 135000, 1, 1006, 122, 3893, '2023-10-15', '2023-05-29', 5786),
(1000, 1073, 135000, 70, 1006, 145, 3974, '2023-08-16', '2024-03-02', 5786),
(1000, 1035, 135000, 0.5, 1006, 141, 3891, '2024-03-17', '2023-11-16', 5786),
(1000, 1117, 135000, 0.5, 1008, 127, 4330, '2024-01-05', '2023-05-26', 5784),
(1000, 1031, 135000, 1, 1006, 178, 4464, '2023-09-24', '2023-07-10', 5784),
(1000, 1038, 135000, 1.5, 1000, 183, 5114, '2023-08-26', '2024-04-25', 5777),
(1000, 1078, 135000, 2, 1008, 157, 4234, '2023-12-21', '2023-08-20', 5777),
(1000, 1131, 135000, 22, 1002, 192, 3814, '2024-08-26', '2023-07-11', 5776),
(1000, 1040, 135000, 2.5, 1000, 159, 4983, '2023-09-18', '2024-11-23', 5766),
(1000, 1104, 135000, 3, 1002, 171, 4137, '2024-03-28', '2024-01-21', 5766),
(1000, 1082, 135000, 3.5, 1001, 176, 3895, '2023-10-09', '2024-04-15', 5758),
(1000, 1084, 135000, 49, 1004, 171, 5095, '2024-04-10', '2024-11-03', 5749),
(1000, 1041, 135000, 21.5, 1008, 151, 4136, '2024-10-06', '2025-02-26', 5749),
(1000, 1123, 135000, 4, 1001, 140, 5074, '2023-06-29', '2024-05-06', 5740),
(1000, 1130, 135000, 4.5, 1008, 174, 4215, '2024-03-27', '2024-04-14', 5740),
(1000, 1110, 135000, 5, 1001, 164, 4195, '2023-12-07', '2024-03-26', 5738),
(1000, 1025, 135000, 49.5, 1000, 136, 4248, '2023-10-21', '2024-06-24', 5730),
(1000, 1078, 135000, 21, 1006, 158, 4366, '2024-07-04', '2024-02-13', 5730),
(1000, 1060, 135000, 50, 1005, 154, 4278, '2024-01-28', '2024-12-11', 5730),
(1000, 1087, 135000, 5.5, 1005, 120, 4773, '2023-12-19', '2024-12-17', 5720),
(1000, 1119, 135000, 6, 1007, 143, 4469, '2023-12-02', '2024-10-20', 5720),
(1000, 1022, 135000, 6.5, 1009, 124, 4216, '2023-10-23', '2025-01-20', 5718),
(1000, 1135, 135000, 7, 1002, 189, 4130, '2023-09-08', '2024-02-22', 5715),
(1000, 1046, 135000, 20.5, 1001, 126, 4043, '2024-08-07', '2023-08-11', 5715),
(1000, 1117, 135000, 23, 1004, 135, 4042, '2023-08-06', '2024-01-04', 5715),
(1000, 1097, 135000, 7.5, 1002, 178, 4374, '2023-10-26', '2024-08-13', 5715),
(1000, 1123, 135000, 8, 1004, 196, 5164, '2023-07-25', '2024-04-10', 5713),
(1000, 1138, 135000, 8.5, 1003, 186, 4465, '2024-02-09', '2024-12-21', 5713),
(1000, 1065, 135000, 48, 1007, 127, 3778, '2024-08-26', '2023-07-11', 5697),
(1000, 1136, 135000, 22.5, 1001, 128, 4742, '2024-04-10', '2024-11-03', 5688),
(1000, 1044, 135000, 9, 1001, 167, 4769, '2023-07-15', '2024-12-20', 5688),
(1000, 1099, 135000, 9.5, 1003, 195, 5634, '2024-03-14', '2023-12-05', 5684),
(1000, 1020, 135000, 10, 1000, 174, 4469, '2024-03-20', '2023-10-18', 5684),
(1000, 1018, 135000, 10.5, 1000, 142, 3941, '2024-01-02', '2023-08-15', 5676),
(1000, 1112, 135000, 48.5, 1005, 188, 4437, '2024-10-06', '2025-02-26', 5676),
(1000, 1101, 135000, 11, 1005, 182, 4340, '2024-01-11', '2023-12-15', 5676),
(1000, 1123, 135000, 11.5, 1001, 145, 4356, '2023-05-27', '2023-09-10', 5676),
(1000, 1055, 135000, 12, 1009, 170, 4837, '2024-02-14', '2024-01-13', 5656),
(1000, 1140, 135000, 12.5, 1009, 188, 4797, '2024-04-24', '2024-01-31', 5656),
(1000, 1022, 135000, 13, 1001, 148, 5616, '2024-04-30', '2023-08-07', 5654),
(1000, 1114, 135000, 13.5, 1002, 170, 4040, '2024-01-09', '2024-05-06', 5654),
(1000, 1081, 135000, 14, 1009, 131, 3884, '2023-10-21', '2024-07-28', 5654),
(1000, 1082, 135000, 14.5, 1003, 150, 3948, '2024-03-02', '2024-05-03', 5638),
(1000, 1046, 135000, 15, 1009, 174, 4272, '2023-10-16', '2024-02-01', 5638),
(1000, 1061, 135000, 15.5, 1002, 200, 4286, '2023-11-28', '2023-06-15', 5638),
(1000, 1134, 135000, 16, 1005, 180, 3975, '2024-03-28', '2024-02-29', 5631),
(1000, 1052, 135000, 16.5, 1006, 143, 5290, '2024-01-16', '2024-09-02', 5623),
(1000, 1132, 135000, 17, 1002, 142, 3941, '2023-11-15', '2024-10-13', 5623),
(1000, 1136, 135000, 17.5, 1000, 192, 4655, '2024-01-17', '2024-01-21', 5622),
(1000, 1074, 135000, 18, 1005, 121, 4685, '2024-01-29', '2024-10-17', 5622),
(1000, 1108, 135000, 18.5, 1008, 164, 4926, '2023-11-17', '2024-12-12', 5621),
(1000, 1047, 135000, 19, 1005, 136, 4370, '2024-01-01', '2023-10-21', 5621),
(1000, 1148, 135000, 19.5, 1001, 135, 4293, '2024-03-26', '2023-10-20', 5608),
(1000, 1122, 135000, 20, 1003, 134, 5218, '2023-08-08', '2023-05-28', 5591),
(1000, 1054, 135000, 20.5, 1003, 179, 3833, '2023-11-30', '2024-03-18', 5591),
(1000, 1014, 135000, 21, 1007, 133, 5364, '2023-09-08', '2024-05-06', 5586),
(1000, 1076, 135000, 21.5, 1004, 160, 4263, '2024-01-15', '2023-12-26', 5586),
(1000, 1129, 135000, 22, 1001, 145, 4319, '2023-07-13', '2024-04-10', 5584),
(1000, 1009, 135000, 22.5, 1005, 161, 4314, '2023-06-03', '2024-04-23', 5568),
(1000, 1041, 135000, 23, 1001, 121, 4636, '2023-08-25', '2024-11-11', 5568),
(1000, 1016, 135000, 23.5, 1003, 178, 4705, '2023-07-27', '2024-04-14', 5568),
(1000, 1009, 135000, 24, 1007, 161, 3881, '2024-03-11', '2023-07-24', 5559),
(1000, 1002, 135000, 24.5, 1007, 189, 5326, '2024-02-27', '2024-01-21', 5558),
(1000, 1069, 135000, 25, 1003, 126, 3905, '2024-03-05', '2024-06-24', 5558),
(1000, 1073, 135000, 25.5, 1001, 198, 5343, '2023-07-26', '2023-11-17', 5549),
(1000, 1150, 135000, 26, 1004, 120, 4170, '2024-03-16', '2023-08-06', 5549),
(1000, 1114, 135000, 26.5, 1006, 130, 3939, '2023-09-22', '2023-11-28', 5548),
(1000, 1128, 135000, 27, 1002, 179, 4020, '2023-11-25', '2023-06-24', 5548),
(1000, 1098, 135000, 27.5, 1007, 192, 4406, '2024-04-20', '2024-11-23', 5548),
(1000, 1019, 135000, 28, 1009, 152, 4675, '2023-06-14', '2024-12-20', 5548),
(1000, 1077, 135000, 28.5, 1008, 142, 4244, '2023-12-06', '2023-09-10', 5548),
(1000, 1011, 135000, 29, 1007, 185, 3792, '2023-08-01', '2024-05-03', 5534),
(1000, 1034, 135000, 29.5, 1006, 133, 5425, '2024-01-19', '2023-08-27', 5523),
(1000, 1037, 135000, 30, 1000, 199, 4229, '2023-12-16', '2024-03-26', 5523),
(1000, 1147, 135000, 30.5, 1007, 190, 4558, '2023-12-18', '2023-06-02', 5514),
(1000, 1056, 135000, 35.5, 1003, 199, 4825, '2024-05-03', '2024-09-25', 5514),
(1000, 1080, 135000, 22, 1002, 189, 4395, '2024-04-18', '2024-06-23', 5514),
(1000, 1145, 135000, 49, 1004, 193, 4295, '2024-02-23', '2024-08-02', 5514),
(1000, 1145, 135000, 21.5, 1008, 156, 4237, '2024-10-08', '2024-12-26', 5514),
(1000, 1014, 135000, 49.5, 1000, 144, 4276, '2024-12-17', '2024-09-13', 5514),
(1000, 1123, 135000, 21, 1006, 120, 5027, '2023-12-17', '2024-05-07', 5510),
(1000, 1080, 135000, 50, 1005, 161, 4249, '2025-01-15', '2023-08-20', 5510),
(1000, 1056, 135000, 20.5, 1001, 177, 3696, '2024-06-09', '2023-07-04', 5508),
(1000, 1066, 135000, 37.5, 1002, 140, 5854, '2024-07-12', '2023-06-07', 5488),
(1000, 1001, 135000, 33, 1002, 155, 4250, '2024-06-06', '2024-02-18', 5488),
(1000, 1071, 135000, 38, 1000, 121, 3777, '2024-10-11', '2023-08-16', 5482),
(1000, 1036, 135000, 32.5, 1005, 167, 4946, '2024-12-06', '2023-08-05', 5471),
(1000, 1107, 135000, 38.5, 1004, 186, 4568, '2024-03-11', '2024-06-27', 5471),
(1000, 1042, 135000, 32, 1005, 149, 4176, '2023-10-26', '2023-08-05', 5459),
(1000, 1016, 135000, 39, 1004, 129, 4251, '2024-03-12', '2023-11-13', 5459),
(1000, 1019, 135000, 31.5, 1000, 136, 4417, '2024-07-12', '2024-09-07', 5459),
(1000, 1011, 135000, 39.5, 1002, 146, 4324, '2024-07-10', '2023-08-06', 5459),
(1000, 1037, 135000, 31, 1004, 171, 4399, '2024-09-01', '2024-04-05', 5459),
(1000, 1072, 135000, 40, 1007, 179, 4705, '2024-06-11', '2024-04-05', 5459),
(1000, 1033, 135000, 30.5, 1001, 141, 4717, '2023-12-25', '2024-04-26', 5459),
(1000, 1098, 135000, 40.5, 1005, 133, 3837, '2024-02-29', '2023-09-12', 5455),
(1000, 1014, 135000, 30, 1002, 138, 3739, '2024-07-04', '2023-11-19', 5455),
(1000, 1116, 135000, 41, 1004, 190, 3655, '2024-08-28', '2024-10-31', 5455),
(1000, 1035, 135000, 29.5, 1008, 189, 3738, '2024-05-17', '2023-06-10', 5455),
(1000, 1140, 135000, 41.5, 1000, 154, 4064, '2024-02-05', '2024-05-05', 5455),
(1000, 1035, 135000, 29, 1006, 175, 4093, '2024-12-09', '2024-05-24', 5455),
(1000, 1003, 135000, 42, 1005, 140, 5856, '2023-10-26', '2023-06-19', 5451),
(1000, 1083, 135000, 28.5, 1001, 191, 3830, '2024-01-30', '2025-02-15', 5451),
(1000, 1041, 135000, 42.5, 1002, 160, 5042, '2023-12-31', '2023-09-28', 5430),
(1000, 1066, 135000, 28, 1005, 192, 4626, '2024-11-07', '2024-06-25', 5430),
(1000, 1021, 135000, 43, 1001, 173, 4097, '2024-02-05', '2024-03-12', 5427),
(1000, 1011, 135000, 27.5, 1002, 159, 5529, '2024-03-21', '2024-06-16', 5413),
(1000, 1110, 135000, 43.5, 1003, 179, 3733, '2024-03-16', '2023-09-19', 5413),
(1000, 1117, 135000, 27, 1009, 172, 4812, '2025-01-10', '2024-05-05', 5405),
(1000, 1132, 135000, 44, 1003, 146, 4382, '2023-09-28', '2024-03-21', 5405),
(1000, 1088, 135000, 23, 1004, 157, 4266, '2024-07-04', '2024-02-13', 5405),
(1000, 1008, 135000, 26.5, 1000, 186, 4497, '2023-08-22', '2023-09-21', 5405),
(1000, 1105, 135000, 44.5, 1001, 136, 3913, '2024-01-21', '2023-12-01', 5399),
(1000, 1087, 135000, 26, 1003, 171, 4876, '2024-06-15', '2024-05-19', 5387),
(1000, 1036, 135000, 45, 1001, 161, 4190, '2023-07-15', '2023-07-14', 5387),
(1000, 1116, 135000, 25.5, 1001, 123, 5251, '2023-06-15', '2024-02-22', 5374),
(1000, 1121, 135000, 45.5, 1007, 149, 3647, '2024-01-29', '2024-05-29', 5374),
(1000, 1068, 135000, 25, 1003, 174, 3824, '2023-11-25', '2024-04-20', 5370),
(1000, 1067, 135000, 46, 1009, 145, 4373, '2023-06-12', '2024-07-27', 5349),
(1000, 1053, 135000, 24.5, 1004, 200, 4141, '2024-05-16', '2025-01-10', 5349),
(1000, 1006, 135000, 46.5, 1002, 195, 4052, '2023-09-08', '2024-05-16', 5349),
(1000, 1093, 135000, 24, 1002, 177, 5280, '2023-08-25', '2025-01-20', 5344),
(1000, 1116, 135000, 47, 1006, 156, 4097, '2023-08-29', '2024-01-12', 5344),
(1000, 1091, 135000, 23.5, 1005, 141, 3712, '2024-07-04', '2024-02-13', 5341),
(1000, 1132, 135000, 47.5, 1003, 189, 4534, '2024-01-28', '2024-12-11', 5334),
(1000, 1112, 135000, 23, 1004, 122, 3754, '2024-08-07', '2023-08-11', 5334),
(1000, 1060, 135000, 48, 1003, 121, 3718, '2023-08-06', '2024-01-04', 5311),
(1000, 1136, 135000, 22.5, 1006, 197, 5254, '2024-08-26', '2023-07-11', 5299),
(1000, 1086, 135000, 48.5, 1006, 181, 4254, '2024-04-10', '2024-11-03', 5299),
(1000, 1147, 135000, 22, 1003, 130, 4406, '2024-10-06', '2025-02-26', 5297),
(1000, 1150, 135000, 49, 1001, 180, 4624, '2023-10-21', '2024-06-24', 5293),
(1000, 1063, 135000, 21.5, 1007, 126, 4080, '2024-01-28', '2025-03-23', 5293),
(1000, 1000, 135000, 49.5, 1007, 149, 4043, '2024-01-31', '2024-09-22', 5280),
(1000, 1050, 135000, 21, 1000, 180, 4935, '2024-08-10', '2023-09-29', 5253),
(1000, 1074, 135000, 50, 1003, 131, 4333, '2023-12-05', '2024-03-26', 5253),
(1000, 1075, 135000, 20.5, 1004, 194, 5051, '2024-11-05', '2024-07-06', 5251),
(1000, 1005, 135000, 50.5, 1007, 168, 4096, '2024-01-21', '2024-02-05', 5251),
(1000, 1056, 135000, 20, 1003, 127, 4270, '2024-09-19', '2024-04-16', 5249),
(1000, 1093, 135000, 51, 1004, 165, 4463, '2024-03-02', '2023-09-23', 5243),
(1000, 1115, 135000, 19.5, 1007, 193, 4787, '2024-10-28', '2023-11-05', 5243),
(1000, 1130, 135000, 51.5, 1001, 127, 4351, '2024-02-10', '2024-04-20', 5243),
(1000, 1011, 135000, 19, 1004, 168, 4065, '2024-02-18', '2023-12-30', 5242),
(1000, 1112, 135000, 52, 1004, 158, 3888, '2024-04-30', '2025-01-02', 5242),
(1000, 1114, 135000, 18.5, 1002, 164, 3863, '2024-04-03', '2024-05-16', 5242),
(1000, 1137, 135000, 52.5, 1009, 187, 3869, '2023-10-24', '2024-01-21', 5218),
(1000, 1150, 135000, 18, 1001, 137, 5023, '2024-02-18', '2024-04-27', 5208),
(1000, 1042, 135000, 53, 1007, 124, 3873, '2024-03-26', '2024-07-05', 5208),
(1000, 1074, 135000, 48, 1007, 121, 4845, '2024-01-28', '2024-12-11', 5206),
(1000, 1136, 135000, 17.5, 1006, 187, 4652, '2024-10-29', '2024-04-10', 5206),
(1000, 1043, 135000, 53.5, 1008, 175, 4388, '2024-04-05', '2024-10-13', 5189),
(1000, 1057, 135000, 17, 1006, 171, 3778, '2024-06-03', '2023-11-12', 5186),
(1000, 1064, 135000, 54, 1005, 170, 4705, '2023-08-20', '2023-12-31', 5165),
(1000, 1086, 135000, 16.5, 1009, 149, 3773, '2024-07-17', '2024-05-14', 5165),
(1000, 1043, 135000, 54.5, 1004, 174, 4954, '2023-08-05', '2024-01-08', 5157),
(1000, 1035, 135000, 16, 1004, 127, 4677, '2024-03-07', '2023-10-15', 5157),
(1000, 1000, 135000, 55, 1000, 140, 3677, '2023-06-10', '2023-10-24', 5154),
(1000, 1068, 135000, 15.5, 1004, 181, 4475, '2024-07-29', '2024-01-27', 5135),
(1000, 1129, 135000, 55.5, 1003, 165, 4029, '2023-07-11', '2023-10-29', 5122),
(1000, 1114, 135000, 15, 1008, 166, 4347, '2024-03-04', '2023-10-18', 5122),
(1000, 1030, 135000, 56, 1005, 124, 4366, '2024-05-16', '2024-08-17', 5122),
(1000, 1128, 135000, 14.5, 1000, 197, 4185, '2024-06-12', '2024-01-04', 5122),
(1000, 1130, 135000, 56.5, 1003, 121, 4092, '2024-05-14', '2024-05-08', 5122),
(1000, 1035, 135000, 14, 1000, 126, 3996, '2023-11-12', '2023-12-28', 5122),
(1000, 1029, 135000, 57, 1004, 177, 4080, '2023-09-04', '2024-02-12', 5122),
(1000, 1061, 135000, 13.5, 1004, 127, 4365, '2024-11-28', '2023-11-26', 5122),
(1000, 1050, 135000, 57.5, 1004, 173, 3758, '2023-11-12', '2024-04-30', 5121),
(1000, 1027, 135000, 13, 1002, 172, 4626, '2025-02-10', '2024-01-29', 5120),
(1000, 1041, 135000, 58, 1005, 199, 3683, '2023-12-30', '2024-05-01', 5120),
(1000, 1018, 135000, 12.5, 1001, 139, 5045, '2024-02-15', '2024-03-26', 5108),
(1000, 1126, 135000, 58.5, 1005, 149, 4166, '2023-08-11', '2023-09-01', 5108),
(1000, 1001, 135000, 12, 1002, 179, 4083, '2024-03-29', '2023-11-03', 5087),
(1000, 1090, 135000, 59, 1000, 130, 4735, '2023-11-19', '2024-07-10', 5081),
(1000, 1137, 135000, 11.5, 1001, 191, 4747, '2024-06-11', '2024-03-31', 5081),
(1000, 1099, 135000, 59.5, 1004, 155, 4571, '2024-02-18', '2024-03-04', 5081),
(1000, 1150, 135000, 11, 1006, 195, 4690, '2023-12-06', '2024-04-15', 5074),
(1000, 1092, 135000, 60, 1007, 144, 3755, '2023-06-07', '2023-09-20', 5074),
(1000, 1006, 135000, 10.5, 1009, 194, 5483, '2023-06-07', '2024-04-02', 5058),
(1000, 1091, 135000, 60.5, 1005, 131, 4082, '2023-09-12', '2024-05-20', 5058),
(1000, 1062, 135000, 10, 1004, 192, 4367, '2024-01-20', '2023-09-17', 5053),
(1000, 1089, 135000, 61, 1000, 173, 4781, '2024-02-05', '2024-09-27', 5028),
(1000, 1051, 135000, 9.5, 1000, 187, 4081, '2024-06-06', '2024-04-26', 5028),
(1000, 1001, 135000, 61.5, 1004, 143, 4095, '2023-10-29', '2024-07-17', 5027),
(1000, 1020, 135000, 22.5, 1001, 149, 4375, '2024-08-07', '2023-08-11', 5027),
(1000, 1078, 135000, 9, 1008, 168, 4450, '2024-06-16', '2024-01-31', 5027),
(1000, 1099, 135000, 62, 1004, 159, 4766, '2024-05-01', '2024-10-04', 5027),
(1000, 1054, 135000, 8.5, 1009, 195, 3932, '2023-11-30', '2023-07-05', 5019),
(1000, 1126, 135000, 62.5, 1009, 187, 5480, '2023-12-26', '2023-10-02', 5006),
(1000, 1003, 135000, 8, 1008, 149, 3967, '2025-01-01', '2023-05-31', 5006),
(1000, 1051, 135000, 63, 1002, 175, 3749, '2023-05-26', '2024-12-14', 5002),
(1000, 1114, 135000, 7.5, 1001, 137, 4037, '2024-08-13', '2023-06-14', 5002),
(1000, 1045, 135000, 63.5, 1007, 164, 3846, '2024-04-15', '2024-04-05', 4985),
(1000, 1148, 135000, 7, 1000, 188, 5217, '2024-04-01', '2023-07-13', 4981),
(1000, 1003, 135000, 64, 1008, 133, 4099, '2023-10-18', '2024-11-20', 4981),
(1000, 1084, 135000, 6.5, 1004, 151, 4789, '2025-01-17', '2024-03-08', 4973),
(1000, 1044, 135000, 64.5, 1008, 138, 4398, '2023-08-07', '2024-05-11', 4973),
(1000, 1056, 135000, 6, 1006, 185, 5162, '2025-03-15', '2023-10-06', 4954),
(1000, 1029, 135000, 65, 1001, 155, 4048, '2023-10-20', '2024-09-08', 4954),
(1000, 1117, 135000, 5.5, 1006, 121, 3746, '2024-06-10', '2023-07-30', 4950),
(1000, 1078, 135000, 65.5, 1007, 127, 5189, '2024-04-23', '2024-02-10', 4933),
(1000, 1003, 135000, 5, 1008, 136, 3578, '2024-09-27', '2023-12-25', 4933),
(1000, 1114, 135000, 66, 1001, 134, 3812, '2023-11-28', '2023-12-26', 4914),
(1000, 1095, 135000, 4.5, 1000, 182, 5081, '2024-06-17', '2023-07-25', 4901),
(1000, 1117, 135000, 66.5, 1004, 167, 4365, '2024-04-28', '2024-09-23', 4901),
(1000, 1072, 135000, 4, 1009, 128, 4963, '2025-01-22', '2023-09-12', 4884),
(1000, 1024, 135000, 67, 1008, 194, 3487, '2023-10-22', '2024-02-19', 4884),
(1000, 1090, 135000, 3.5, 1009, 131, 4131, '2024-12-03', '2024-01-07', 4878),
(1000, 1040, 135000, 67.5, 1007, 144, 4562, '2024-03-27', '2024-11-20', 4870),
(1000, 1089, 135000, 3, 1008, 160, 4584, '2024-11-02', '2023-11-18', 4870),
(1000, 1089, 135000, 68, 1008, 194, 4153, '2024-04-24', '2024-12-31', 4870),
(1000, 1055, 135000, 2.5, 1004, 180, 4060, '2023-08-14', '2023-07-04', 4870),
(1000, 1021, 135000, 68.5, 1009, 160, 3964, '2023-12-02', '2023-12-06', 4870),
(1000, 1037, 135000, 48.5, 1005, 174, 4723, '2023-08-06', '2024-01-04', 4865),
(1000, 1065, 135000, 2, 1005, 156, 4276, '2023-09-04', '2023-11-29', 4865),
(1000, 1006, 135000, 69, 1004, 133, 4175, '2024-02-17', '2024-05-11', 4865),
(1000, 1095, 135000, 1.5, 1003, 173, 4314, '2024-09-24', '2023-12-18', 4865),
(1000, 1046, 135000, 69.5, 1000, 172, 4469, '2024-02-13', '2023-11-27', 4865),
(1000, 1045, 135000, 1, 1006, 122, 4548, '2023-10-15', '2023-05-29', 4865),
(1000, 1001, 135000, 70, 1006, 145, 4917, '2023-08-16', '2024-03-02', 4847),
(1000, 1103, 135000, 0.5, 1006, 141, 4367, '2024-03-17', '2023-11-16', 4847),
(1000, 1120, 135000, 0.5, 1008, 127, 4211, '2024-01-05', '2023-05-26', 4842),
(1000, 1024, 135000, 1, 1006, 178, 4879, '2023-09-24', '2023-07-10', 4835),
(1000, 1126, 135000, 1.5, 1000, 183, 3396, '2023-08-26', '2024-04-25', 4835),
(1000, 1039, 135000, 2, 1008, 157, 4710, '2023-12-21', '2023-08-20', 4811),
(1000, 1096, 135000, 22, 1002, 192, 4865, '2024-08-26', '2023-07-11', 4811),
(1000, 1018, 135000, 2.5, 1000, 159, 3756, '2023-09-18', '2024-11-23', 4805),
(1000, 1089, 135000, 3, 1002, 171, 5083, '2024-03-28', '2024-01-21', 4792),
(1000, 1051, 135000, 3.5, 1001, 176, 3931, '2023-10-09', '2024-04-15', 4792),
(1000, 1087, 135000, 49, 1004, 171, 4975, '2024-04-10', '2024-11-03', 4785),
(1000, 1077, 135000, 21.5, 1008, 151, 3453, '2024-10-06', '2025-02-26', 4785),
(1000, 1079, 135000, 4, 1001, 140, 3665, '2023-06-29', '2024-05-06', 4768),
(1000, 1059, 135000, 4.5, 1008, 174, 4419, '2024-03-27', '2024-04-14', 4757),
(1000, 1084, 135000, 5, 1001, 164, 4328, '2023-12-07', '2024-03-26', 4757),
(1000, 1110, 135000, 49.5, 1000, 136, 4383, '2023-10-21', '2024-06-24', 4757),
(1000, 1063, 135000, 21, 1006, 158, 4335, '2024-07-04', '2024-02-13', 4740),
(1000, 1062, 135000, 50, 1005, 154, 4357, '2024-01-28', '2024-12-11', 4740),
(1000, 1009, 135000, 5.5, 1005, 120, 3918, '2023-12-19', '2024-12-17', 4740),
(1000, 1043, 135000, 6, 1007, 143, 5516, '2023-12-02', '2024-10-20', 4737),
(1000, 1151, 135000, 6.5, 1009, 124, 4101, '2023-10-23', '2025-01-20', 4737),
(1000, 1121, 135000, 7, 1002, 189, 5086, '2023-09-08', '2024-02-22', 4734),
(1000, 1031, 135000, 20.5, 1001, 126, 3777, '2024-08-07', '2023-08-11', 4734),
(1000, 1016, 135000, 23, 1004, 135, 3565, '2023-08-06', '2024-01-04', 4731),
(1000, 1066, 135000, 7.5, 1002, 178, 4875, '2023-10-26', '2024-08-13', 4703),
(1000, 1035, 135000, 8, 1004, 196, 4439, '2023-07-25', '2024-04-10', 4703),
(1000, 1146, 135000, 8.5, 1003, 186, 3648, '2024-02-09', '2024-12-21', 4693),
(1000, 1125, 135000, 48, 1007, 127, 5521, '2024-08-26', '2023-07-11', 4683),
(1000, 1112, 135000, 22.5, 1001, 128, 3789, '2024-04-10', '2024-11-03', 4683),
(1000, 1025, 135000, 9, 1001, 167, 4012, '2023-07-15', '2024-12-20', 4680),
(1000, 1077, 135000, 9.5, 1003, 195, 4258, '2024-03-14', '2023-12-05', 4655),
(1000, 1092, 135000, 10, 1000, 174, 5502, '2024-03-20', '2023-10-18', 4631),
(1000, 1053, 135000, 10.5, 1000, 142, 3360, '2024-01-02', '2023-08-15', 4631),
(1000, 1022, 135000, 48.5, 1005, 188, 4129, '2024-10-06', '2025-02-26', 4623),
(1000, 1091, 135000, 11, 1005, 182, 4204, '2024-01-11', '2023-12-15', 4617),
(1000, 1114, 135000, 11.5, 1001, 145, 4120, '2023-05-27', '2023-09-10', 4599),
(1000, 1049, 135000, 12, 1009, 170, 4192, '2024-02-14', '2024-01-13', 4599),
(1000, 1070, 135000, 12.5, 1009, 188, 4517, '2024-04-24', '2024-01-31', 4599),
(1000, 1028, 135000, 13, 1001, 148, 4529, '2024-04-30', '2023-08-07', 4599),
(1000, 1027, 135000, 13.5, 1002, 170, 4102, '2024-01-09', '2024-05-06', 4599),
(1000, 1017, 135000, 14, 1009, 131, 4007, '2023-10-21', '2024-07-28', 4599),
(1000, 1055, 135000, 14.5, 1003, 150, 3841, '2024-03-02', '2024-05-03', 4599),
(1000, 1123, 135000, 15, 1009, 174, 4129, '2023-10-16', '2024-02-01', 4599),
(1000, 1121, 135000, 15.5, 1002, 200, 4454, '2023-11-28', '2023-06-15', 4599),
(1000, 1099, 135000, 16, 1005, 180, 4467, '2024-03-28', '2024-02-29', 4599),
(1000, 1106, 135000, 16.5, 1006, 143, 4038, '2024-01-16', '2024-09-02', 4599),
(1000, 1116, 135000, 17, 1002, 142, 4192, '2023-11-15', '2024-10-13', 4599),
(1000, 1096, 135000, 17.5, 1000, 192, 4101, '2024-01-17', '2024-01-21', 4599),
(1000, 1121, 135000, 18, 1005, 121, 4253, '2024-01-29', '2024-10-17', 4599),
(1000, 1097, 135000, 18.5, 1008, 164, 4254, '2023-11-17', '2024-12-12', 4595),
(1000, 1097, 135000, 19, 1005, 136, 4351, '2024-01-01', '2023-10-21', 4595),
(1000, 1071, 135000, 19.5, 1001, 135, 5184, '2024-03-26', '2023-10-20', 4579),
(1000, 1080, 135000, 20, 1003, 134, 3303, '2023-08-08', '2023-05-28', 4579),
(1000, 1016, 135000, 20.5, 1003, 179, 3776, '2023-11-30', '2024-03-18', 4579),
(1000, 1068, 135000, 21, 1007, 133, 4451, '2023-09-08', '2024-05-06', 4565),
(1000, 1004, 135000, 21.5, 1004, 160, 4684, '2024-01-15', '2023-12-26', 4541),
(1000, 1010, 135000, 22, 1001, 145, 3685, '2023-07-13', '2024-04-10', 4540),
(1000, 1031, 135000, 22.5, 1005, 161, 5101, '2023-06-03', '2024-04-23', 4526),
(1000, 1009, 135000, 23, 1001, 121, 3221, '2023-08-25', '2024-11-11', 4526),
(1000, 1054, 135000, 23.5, 1003, 178, 4470, '2023-07-27', '2024-04-14', 4507),
(1000, 1090, 135000, 24, 1007, 161, 3587, '2024-03-11', '2023-07-24', 4501),
(1000, 1029, 135000, 24.5, 1007, 189, 4241, '2024-02-27', '2024-01-21', 4486),
(1000, 1151, 135000, 25, 1003, 126, 5197, '2024-03-05', '2024-06-24', 4473),
(1000, 1125, 135000, 25.5, 1001, 198, 3262, '2023-07-26', '2023-11-17', 4473),
(1000, 1119, 135000, 26, 1004, 120, 3668, '2024-03-16', '2023-08-06', 4461),
(1000, 1122, 135000, 26.5, 1006, 130, 3812, '2023-09-22', '2023-11-28', 4461),
(1000, 1141, 135000, 27, 1002, 179, 3717, '2023-11-25', '2023-06-24', 4461),
(1000, 1131, 135000, 27.5, 1007, 192, 3724, '2024-04-20', '2024-11-23', 4461),
(1000, 1145, 135000, 28, 1009, 152, 4049, '2023-06-14', '2024-12-20', 4461),
(1000, 1061, 135000, 28.5, 1008, 142, 4324, '2023-12-06', '2023-09-10', 4461),
(1000, 1041, 135000, 29, 1007, 185, 4036, '2023-08-01', '2024-05-03', 4448),
(1000, 1097, 135000, 29.5, 1006, 133, 4341, '2024-01-19', '2023-08-27', 4432),
(1000, 1098, 135000, 30, 1000, 199, 4664, '2023-12-16', '2024-03-26', 4432),
(1000, 1144, 135000, 30.5, 1007, 190, 4326, '2023-12-18', '2023-06-02', 4432),
(1000, 1088, 135000, 35.5, 1003, 199, 4091, '2024-05-03', '2024-09-25', 4422),
(1000, 1012, 135000, 22, 1002, 189, 5290, '2024-04-18', '2024-06-23', 4419),
(1000, 1027, 135000, 49, 1004, 193, 3591, '2024-02-23', '2024-08-02', 4419),
(1000, 1136, 135000, 21.5, 1008, 156, 3947, '2024-10-08', '2024-12-26', 4389),
(1000, 1009, 135000, 49.5, 1000, 144, 4112, '2024-12-17', '2024-09-13', 4382),
(1000, 1029, 135000, 21, 1006, 120, 4644, '2023-12-17', '2024-05-07', 4378),
(1000, 1007, 135000, 50, 1005, 161, 4665, '2025-01-15', '2023-08-20', 4378),
(1000, 1126, 135000, 20.5, 1001, 177, 5516, '2024-06-09', '2023-07-04', 4365),
(1000, 1087, 135000, 37.5, 1002, 140, 3603, '2024-07-12', '2023-06-07', 4365),
(1000, 1109, 135000, 33, 1002, 155, 3682, '2024-06-06', '2024-02-18', 4342),
(1000, 1082, 135000, 38, 1000, 121, 3848, '2024-10-11', '2023-08-16', 4329),
(1000, 1110, 135000, 32.5, 1005, 167, 4261, '2024-12-06', '2023-08-05', 4324),
(1000, 1010, 135000, 38.5, 1004, 186, 4497, '2024-03-11', '2024-06-27', 4313),
(1000, 1029, 135000, 32, 1005, 149, 4070, '2023-10-26', '2023-08-05', 4313),
(1000, 1106, 135000, 39, 1004, 129, 3974, '2024-03-12', '2023-11-13', 4313),
(1000, 1121, 135000, 31.5, 1000, 136, 5493, '2024-07-12', '2024-09-07', 4310),
(1000, 1034, 135000, 39.5, 1002, 146, 3210, '2024-07-10', '2023-08-06', 4310),
(1000, 1002, 135000, 31, 1004, 171, 3583, '2024-09-01', '2024-04-05', 4302),
(1000, 1001, 135000, 40, 1007, 179, 4266, '2024-06-11', '2024-04-05', 4270),
(1000, 1115, 135000, 30.5, 1001, 141, 4220, '2023-12-25', '2024-04-26', 4270),
(1000, 1023, 135000, 40.5, 1005, 133, 3928, '2024-02-29', '2023-09-12', 4269),
(1000, 1142, 135000, 30, 1002, 138, 3486, '2024-07-04', '2023-11-19', 4261),
(1000, 1137, 135000, 41, 1004, 190, 5132, '2024-08-28', '2024-10-31', 4255),
(1000, 1137, 135000, 29.5, 1008, 189, 3114, '2024-05-17', '2023-06-10', 4255),
(1000, 1104, 135000, 41.5, 1000, 154, 3827, '2024-02-05', '2024-05-05', 4221),
(1000, 1124, 135000, 29, 1006, 175, 4124, '2024-12-09', '2024-05-24', 4216),
(1000, 1134, 135000, 42, 1005, 140, 4665, '2023-10-26', '2023-06-19', 4216),
(1000, 1140, 135000, 28.5, 1001, 191, 4246, '2024-01-30', '2025-02-15', 4208),
(1000, 1002, 135000, 42.5, 1002, 160, 5044, '2023-12-31', '2023-09-28', 4200),
(1000, 1002, 135000, 28, 1005, 192, 3023, '2024-11-07', '2024-06-25', 4200),
(1000, 1080, 135000, 43, 1001, 173, 4125, '2024-02-05', '2024-03-12', 4180),
(1000, 1140, 135000, 27.5, 1002, 159, 3871, '2024-03-21', '2024-06-16', 4169),
(1000, 1130, 135000, 43.5, 1003, 179, 3779, '2024-03-16', '2023-09-19', 4169),
(1000, 1097, 135000, 27, 1009, 172, 3679, '2025-01-10', '2024-05-05', 4169),
(1000, 1059, 135000, 44, 1003, 146, 3760, '2023-09-28', '2024-03-21', 4169),
(1000, 1076, 135000, 23, 1004, 157, 4085, '2024-07-04', '2024-02-13', 4169),
(1000, 1042, 135000, 26.5, 1000, 186, 4114, '2023-08-22', '2023-09-21', 4169),
(1000, 1003, 135000, 44.5, 1001, 136, 4343, '2024-01-21', '2023-12-01', 4162),
(1000, 1026, 135000, 26, 1003, 171, 4265, '2024-06-15', '2024-05-19', 4147),
(1000, 1103, 135000, 45, 1001, 161, 5142, '2023-07-15', '2023-07-14', 4144),
(1000, 1132, 135000, 25.5, 1001, 123, 3302, '2023-06-15', '2024-02-22', 4144),
(1000, 1144, 135000, 45.5, 1007, 149, 4148, '2024-01-29', '2024-05-29', 4139),
(1000, 1082, 135000, 25, 1003, 174, 4986, '2023-11-25', '2024-04-20', 4108),
(1000, 1039, 135000, 46, 1009, 145, 5007, '2023-06-12', '2024-07-27', 4108),
(1000, 1137, 135000, 24.5, 1004, 200, 3713, '2024-05-16', '2025-01-10', 4098),
(1000, 1123, 135000, 46.5, 1002, 195, 5236, '2023-09-08', '2024-05-16', 4088),
(1000, 1085, 135000, 24, 1002, 177, 3627, '2023-08-25', '2025-01-20', 4088),
(1000, 1022, 135000, 47, 1006, 156, 4068, '2023-08-29', '2024-01-12', 4085),
(1000, 1046, 135000, 23.5, 1005, 141, 3622, '2024-07-04', '2024-02-13', 4057),
(1000, 1037, 135000, 47.5, 1003, 189, 4433, '2024-01-28', '2024-12-11', 4054),
(1000, 1034, 135000, 23, 1004, 122, 4572, '2024-08-07', '2023-08-11', 4054),
(1000, 1070, 135000, 48, 1003, 121, 5689, '2023-08-06', '2024-01-04', 4032),
(1000, 1013, 135000, 22.5, 1006, 197, 3639, '2024-08-26', '2023-07-11', 4032),
(1000, 1125, 135000, 48.5, 1006, 181, 3980, '2024-04-10', '2024-11-03', 4024),
(1000, 1132, 135000, 22, 1003, 130, 4098, '2024-10-06', '2025-02-26', 4017),
(1000, 1098, 135000, 49, 1001, 180, 4173, '2023-10-21', '2024-06-24', 4017),
(1000, 1087, 135000, 21.5, 1007, 126, 4502, '2024-01-28', '2025-03-23', 4017),
(1000, 1006, 135000, 49.5, 1007, 149, 3557, '2024-01-31', '2024-09-22', 4016),
(1000, 1142, 135000, 21, 1000, 180, 4827, '2024-08-10', '2023-09-29', 4000),
(1000, 1023, 135000, 50, 1003, 131, 4481, '2023-12-05', '2024-03-26', 4000),
(1000, 1034, 135000, 20.5, 1004, 194, 4382, '2024-11-05', '2024-07-06', 4000),
(1000, 1102, 135000, 50.5, 1007, 168, 5668, '2024-01-21', '2024-02-05', 3976),
(1000, 1035, 135000, 20, 1003, 127, 3212, '2024-09-19', '2024-04-16', 3976),
(1000, 1045, 135000, 51, 1004, 165, 3708, '2024-03-02', '2023-09-23', 3974),
(1000, 1128, 135000, 19.5, 1007, 193, 3807, '2024-10-28', '2023-11-05', 3962),
(1000, 1023, 135000, 51.5, 1001, 127, 4447, '2024-02-10', '2024-04-20', 3946),
(1000, 1031, 135000, 19, 1004, 168, 4023, '2024-02-18', '2023-12-30', 3933),
(1000, 1102, 135000, 52, 1004, 158, 5351, '2024-04-30', '2025-01-02', 3919),
(1000, 1142, 135000, 18.5, 1002, 164, 3117, '2024-04-03', '2024-05-16', 3919),
(1000, 1126, 135000, 52.5, 1009, 187, 3879, '2023-10-24', '2024-01-21', 3899),
(1000, 1026, 135000, 18, 1001, 137, 4809, '2024-02-18', '2024-04-27', 3892),
(1000, 1136, 135000, 53, 1007, 124, 3662, '2024-03-26', '2024-07-05', 3870),
(1000, 1111, 135000, 48, 1007, 121, 3576, '2024-01-28', '2024-12-11', 3870),
(1000, 1082, 135000, 17.5, 1006, 187, 3546, '2024-10-29', '2024-04-10', 3870),
(1000, 1083, 135000, 53.5, 1008, 175, 3622, '2024-04-05', '2024-10-13', 3870),
(1000, 1091, 135000, 17, 1006, 171, 4203, '2024-06-03', '2023-11-12', 3870),
(1000, 1010, 135000, 54, 1005, 170, 5280, '2023-08-20', '2023-12-31', 3863),
(1000, 1151, 135000, 16.5, 1009, 149, 2993, '2024-07-17', '2024-05-14', 3863),
(1000, 1061, 135000, 54.5, 1004, 174, 4196, '2023-08-05', '2024-01-08', 3837),
(1000, 1079, 135000, 16, 1004, 127, 3055, '2024-03-07', '2023-10-15', 3806),
(1000, 1117, 135000, 55, 1000, 140, 4477, '2023-06-10', '2023-10-24', 3784),
(1000, 1036, 135000, 15.5, 1004, 181, 4772, '2024-07-29', '2024-01-27', 3784),
(1000, 1111, 135000, 55.5, 1003, 165, 4217, '2023-07-11', '2023-10-29', 3775),
(1000, 1058, 135000, 15, 1008, 166, 3377, '2024-03-04', '2023-10-18', 3749),
(1000, 1008, 135000, 56, 1005, 124, 4357, '2024-05-16', '2024-08-17', 3730),
(1000, 1044, 135000, 14.5, 1000, 197, 4258, '2024-06-12', '2024-01-04', 3730),
(1000, 1080, 135000, 56.5, 1003, 121, 4402, '2024-05-14', '2024-05-08', 3730),
(1000, 1049, 135000, 14, 1000, 126, 4706, '2023-11-12', '2023-12-28', 3715),
(1000, 1150, 135000, 57, 1004, 177, 4717, '2023-09-04', '2024-02-12', 3715),
(1000, 1068, 135000, 13.5, 1004, 127, 4288, '2024-11-28', '2023-11-26', 3715),
(1000, 1038, 135000, 57.5, 1004, 173, 4197, '2023-11-12', '2024-04-30', 3715),
(1000, 1008, 135000, 13, 1002, 172, 3781, '2025-02-10', '2024-01-29', 3712),
(1000, 1120, 135000, 58, 1005, 199, 3393, '2023-12-30', '2024-05-01', 3692),
(1000, 1115, 135000, 12.5, 1001, 139, 4584, '2024-02-15', '2024-03-26', 3676),
(1000, 1128, 135000, 58.5, 1005, 149, 4581, '2023-08-11', '2023-09-01', 3676),
(1000, 1015, 135000, 12, 1002, 179, 3722, '2024-03-29', '2023-11-03', 3650),
(1000, 1020, 135000, 59, 1000, 130, 2948, '2023-11-19', '2024-07-10', 3635),
(1000, 1037, 135000, 11.5, 1001, 191, 4260, '2024-06-11', '2024-03-31', 3622),
(1000, 1087, 135000, 59.5, 1004, 155, 3624, '2024-02-18', '2024-03-04', 3587),
(1000, 1123, 135000, 11, 1006, 195, 2850, '2023-12-06', '2024-04-15', 3578),
(1000, 1027, 135000, 60, 1007, 144, 4808, '2023-06-07', '2023-09-20', 3568),
(1000, 1137, 135000, 10.5, 1009, 194, 4200, '2023-06-07', '2024-04-02', 3567),
(1000, 1032, 135000, 60.5, 1005, 131, 3975, '2023-09-12', '2024-05-20', 3567),
(1000, 1031, 135000, 10, 1004, 192, 3878, '2024-01-20', '2023-09-17', 3567),
(1000, 1049, 135000, 61, 1000, 173, 3712, '2024-02-05', '2024-09-27', 3525),
(1000, 1053, 135000, 9.5, 1000, 187, 2758, '2024-06-06', '2024-04-26', 3522),
(1000, 1142, 135000, 61.5, 1004, 143, 4372, '2023-10-29', '2024-07-17', 3514),
(1000, 1050, 135000, 22.5, 1001, 149, 4274, '2024-08-07', '2023-08-11', 3514),
(1000, 1022, 135000, 9, 1008, 168, 4181, '2024-06-16', '2024-01-31', 3514),
(1000, 1139, 135000, 62, 1004, 159, 4355, '2024-05-01', '2024-10-04', 3514),
(1000, 1090, 135000, 8.5, 1009, 195, 2832, '2023-11-30', '2023-07-05', 3465),
(1000, 1091, 135000, 62.5, 1009, 187, 4039, '2023-12-26', '2023-10-02', 3462),
(1000, 1005, 135000, 8, 1008, 149, 4799, '2025-01-01', '2023-05-31', 3459),
(1000, 1075, 135000, 63, 1002, 175, 4266, '2023-05-26', '2024-12-14', 3459),
(1000, 1070, 135000, 7.5, 1001, 137, 4028, '2024-08-13', '2023-06-14', 3412),
(1000, 1149, 135000, 63.5, 1007, 164, 4107, '2024-04-15', '2024-04-05', 3412),
(1000, 1125, 135000, 7, 1000, 188, 4532, '2024-04-01', '2023-07-13', 3412),
(1000, 1115, 135000, 64, 1008, 133, 4550, '2023-10-18', '2024-11-20', 3412),
(1000, 1048, 135000, 6.5, 1004, 151, 4252, '2025-01-17', '2024-03-08', 3412),
(1000, 1048, 135000, 64.5, 1008, 138, 4161, '2023-08-07', '2024-05-11', 3412),
(1000, 1101, 135000, 6, 1006, 185, 4070, '2025-03-15', '2023-10-06', 3412),
(1000, 1099, 135000, 65, 1001, 155, 4399, '2023-10-20', '2024-09-08', 3412),
(1000, 1046, 135000, 5.5, 1006, 121, 3189, '2024-06-10', '2023-07-30', 3408),
(1000, 1015, 135000, 65.5, 1007, 127, 4215, '2024-04-23', '2024-02-10', 3405),
(1000, 1020, 135000, 5, 1008, 136, 4296, '2024-09-27', '2023-12-25', 3405),
(1000, 1128, 135000, 66, 1001, 134, 4315, '2023-11-28', '2023-12-26', 3400),
(1000, 1035, 135000, 4.5, 1000, 182, 3205, '2024-06-17', '2023-07-25', 3351),
(1000, 1005, 135000, 66.5, 1004, 167, 4902, '2024-04-28', '2024-09-23', 3351),
(1000, 1058, 135000, 4, 1009, 128, 3884, '2025-01-22', '2023-09-12', 3338),
(1000, 1021, 135000, 67, 1008, 194, 4779, '2023-10-22', '2024-02-19', 3297),
(1000, 1089, 135000, 3.5, 1009, 131, 2745, '2024-12-03', '2024-01-07', 3295),
(1000, 1018, 135000, 67.5, 1007, 144, 3791, '2024-03-27', '2024-11-20', 3276),
(1000, 1047, 135000, 3, 1008, 160, 3767, '2024-11-02', '2023-11-18', 3265),
(1000, 1006, 135000, 68, 1008, 194, 3844, '2024-04-24', '2024-12-31', 3265),
(1000, 1151, 135000, 2.5, 1004, 180, 4171, '2023-08-14', '2023-07-04', 3265),
(1000, 1002, 135000, 68.5, 1009, 160, 2572, '2023-12-02', '2023-12-06', 3239),
(1000, 1012, 135000, 48.5, 1005, 174, 3695, '2023-08-06', '2024-01-04', 3214),
(1000, 1029, 135000, 2, 1005, 156, 4179, '2023-09-04', '2023-11-29', 3189),
(1000, 1108, 135000, 69, 1004, 133, 4121, '2024-02-17', '2024-05-11', 3189),
(1000, 1062, 135000, 1.5, 1003, 173, 4448, '2024-09-24', '2023-12-18', 3189),
(1000, 1013, 135000, 69.5, 1000, 172, 4934, '2024-02-13', '2023-11-27', 3189),
(1000, 1105, 135000, 1, 1006, 122, 4496, '2023-10-15', '2023-05-29', 3189),
(1000, 1058, 135000, 70, 1006, 145, 2489, '2023-08-16', '2024-03-02', 3182),
(1000, 1020, 135000, 0.5, 1006, 141, 3778, '2024-03-17', '2023-11-16', 3152),
(1000, 1023, 135000, 0.5, 1008, 127, 4707, '2024-01-05', '2023-05-26', 3135),
(1000, 1014, 135000, 1, 1006, 178, 4277, '2023-09-24', '2023-07-10', 3135),
(1000, 1146, 135000, 1.5, 1000, 183, 2597, '2023-08-26', '2024-04-25', 3127),
(1000, 1096, 135000, 2, 1008, 157, 4578, '2023-12-21', '2023-08-20', 3112),
(1000, 1015, 135000, 22, 1002, 192, 4606, '2024-08-26', '2023-07-11', 3112),
(1000, 1133, 135000, 2.5, 1000, 159, 4179, '2023-09-18', '2024-11-23', 3112),
(1000, 1137, 135000, 3, 1002, 171, 4089, '2024-03-28', '2024-01-21', 3112),
(1000, 1108, 135000, 3.5, 1001, 176, 3996, '2023-10-09', '2024-04-15', 3112),
(1000, 1079, 135000, 49, 1004, 171, 4075, '2024-04-10', '2024-11-03', 3112),
(1000, 1138, 135000, 21.5, 1008, 151, 4649, '2024-10-06', '2025-02-26', 3112),
(1000, 1017, 135000, 4, 1001, 140, 4672, '2023-06-29', '2024-05-06', 3112),
(1000, 1131, 135000, 4.5, 1008, 174, 4235, '2024-03-27', '2024-04-14', 3112),
(1000, 1032, 135000, 5, 1001, 164, 4143, '2023-12-07', '2024-03-26', 3112),
(1000, 1042, 135000, 49.5, 1000, 136, 4078, '2023-10-21', '2024-06-24', 3091),
(1000, 1051, 135000, 21, 1006, 158, 4694, '2024-07-04', '2024-02-13', 3081),
(1000, 1133, 135000, 50, 1005, 154, 2922, '2024-01-28', '2024-12-11', 3071),
(1000, 1033, 135000, 5.5, 1005, 120, 4097, '2023-12-19', '2024-12-17', 3030),
(1000, 1033, 135000, 6, 1007, 143, 4412, '2023-12-02', '2024-10-20', 3027),
(1000, 1102, 135000, 6.5, 1009, 124, 4312, '2023-10-23', '2025-01-20', 3027),
(1000, 1135, 135000, 7, 1002, 189, 4392, '2023-09-08', '2024-02-22', 3027),
(1000, 1005, 135000, 20.5, 1001, 126, 4707, '2024-08-07', '2023-08-11', 3027),
(1000, 1069, 135000, 23, 1004, 135, 4726, '2023-08-06', '2024-01-04', 3027),
(1000, 1072, 135000, 7.5, 1002, 178, 4494, '2023-10-26', '2024-08-13', 3027),
(1000, 1113, 135000, 8, 1004, 196, 2935, '2023-07-25', '2024-04-10', 3015),
(1000, 1116, 135000, 8.5, 1003, 186, 3662, '2024-02-09', '2024-12-21', 3000),
(1000, 1020, 135000, 48, 1007, 127, 3551, '2024-08-26', '2023-07-11', 3000),
(1000, 1136, 135000, 22.5, 1001, 128, 3455, '2024-04-10', '2024-11-03', 3000),
(1000, 1040, 135000, 9, 1001, 167, 3540, '2023-07-15', '2024-12-20', 3000),
(1000, 1113, 135000, 9.5, 1003, 195, 4079, '2024-03-14', '2023-12-05', 3000),
(1000, 1087, 135000, 10, 1000, 174, 4139, '2024-03-20', '2023-10-18', 3000),
(1000, 1082, 135000, 10.5, 1000, 142, 3701, '2024-01-02', '2023-08-15', 3000),
(1000, 1143, 135000, 48.5, 1005, 188, 3612, '2024-10-06', '2025-02-26', 3000),
(1000, 1040, 135000, 11, 1005, 182, 3516, '2024-01-11', '2023-12-15', 3000),
(1000, 1082, 135000, 11.5, 1001, 145, 3597, '2023-05-27', '2023-09-10', 3000),
(1000, 1093, 135000, 12, 1009, 170, 3913, '2024-02-14', '2024-01-13', 3000),
(1000, 1019, 135000, 12.5, 1009, 188, 3934, '2024-04-24', '2024-01-31', 3000),
(1000, 1130, 135000, 13, 1001, 148, 3496, '2024-04-30', '2023-08-07', 3000),
(1000, 1075, 135000, 13.5, 1002, 170, 3407, '2024-01-09', '2024-05-06', 3000),
(1000, 1119, 135000, 14, 1009, 131, 3295, '2023-10-21', '2024-07-28', 3000),
(1000, 1012, 135000, 14.5, 1003, 150, 3556, '2024-03-02', '2024-05-03', 3000),
(1000, 1075, 135000, 15, 1009, 174, 3881, '2023-10-16', '2024-02-01', 3000),
(1000, 1056, 135000, 15.5, 1002, 200, 3884, '2023-11-28', '2023-06-15', 3000),
(1000, 1036, 135000, 16, 1005, 180, 3448, '2024-03-28', '2024-02-29', 3000),
(1000, 1046, 135000, 16.5, 1006, 143, 3357, '2024-01-16', '2024-09-02', 3000),
(1000, 1016, 135000, 17, 1002, 142, 3264, '2023-11-15', '2024-10-13', 3000),
(1000, 1124, 135000, 17.5, 1000, 192, 3372, '2024-01-17', '2024-01-21', 3000),
(1000, 1101, 135000, 18, 1005, 121, 3704, '2024-01-29', '2024-10-17', 3000),
(1000, 1103, 135000, 18.5, 1008, 164, 3726, '2023-11-17', '2024-12-12', 3000),
(1000, 1013, 135000, 19, 1005, 136, 3299, '2024-01-01', '2023-10-21', 3000),
(1000, 1129, 135000, 19.5, 1001, 135, 3205, '2024-03-26', '2023-10-20', 3000),
(1000, 1074, 135000, 20, 1003, 134, 3367, '2023-08-08', '2023-05-28', 3000),
(1000, 1105, 135000, 20.5, 1003, 179, 3443, '2023-11-30', '2024-03-18', 3000),
(1000, 1049, 135000, 21, 1007, 133, 3769, '2023-09-08', '2024-05-06', 3000),
(1000, 1122, 135000, 21.5, 1004, 160, 3783, '2024-01-15', '2023-12-26', 3000),
(1000, 1047, 135000, 22, 1001, 145, 3335, '2023-07-13', '2024-04-10', 3000),
(1000, 1074, 135000, 22.5, 1005, 161, 3238, '2023-06-03', '2024-04-23', 3000),
(1000, 1031, 135000, 23, 1001, 121, 3144, '2023-08-25', '2024-11-11', 3000),
(1000, 1095, 135000, 23.5, 1003, 178, 3203, '2023-07-27', '2024-04-14', 3000),
(1000, 1038, 135000, 24, 1007, 161, 3531, '2024-03-11', '2023-07-24', 3000),
(1000, 1003, 135000, 24.5, 1007, 189, 3470, '2024-02-27', '2024-01-21', 3000),
(1000, 1025, 135000, 25, 1003, 126, 3049, '2024-03-05', '2024-06-24', 3000),
(1000, 1140, 135000, 25.5, 1001, 198, 3240, '2023-07-26', '2023-11-17', 3000),
(1000, 1044, 135000, 26, 1004, 120, 3149, '2024-03-16', '2023-08-06', 3000),
(1000, 1033, 135000, 26.5, 1006, 130, 3222, '2023-09-22', '2023-11-28', 3000),
(1000, 1035, 135000, 27, 1002, 179, 3545, '2023-11-25', '2023-06-24', 3000),
(1000, 1065, 135000, 27.5, 1007, 192, 3559, '2024-04-20', '2024-11-23', 3000),
(1000, 1070, 135000, 28, 1009, 152, 3136, '2023-06-14', '2024-12-20', 3000),
(1000, 1069, 135000, 28.5, 1008, 142, 3047, '2023-12-06', '2023-09-10', 3000),
(1000, 1049, 135000, 29, 1007, 185, 2958, '2023-08-01', '2024-05-03', 3000),
(1000, 1016, 135000, 29.5, 1006, 133, 3037, '2024-01-19', '2023-08-27', 3000),
(1000, 1089, 135000, 30, 1000, 199, 3342, '2023-12-16', '2024-03-26', 3000),
(1000, 1104, 135000, 30.5, 1007, 190, 3357, '2023-12-18', '2023-06-02', 3000),
(1000, 1054, 135000, 35.5, 1003, 199, 3185, '2024-05-03', '2024-09-25', 3000),
(1000, 1085, 135000, 22, 1002, 189, 3069, '2024-04-18', '2024-06-23', 3000),
(1000, 1121, 135000, 49, 1004, 193, 2977, '2024-02-23', '2024-08-02', 3000),
(1000, 1147, 135000, 21.5, 1008, 156, 3051, '2024-10-08', '2024-12-26', 3000),
(1000, 1063, 135000, 49.5, 1000, 144, 3374, '2024-12-17', '2024-09-13', 3000),
(1000, 1137, 135000, 21, 1006, 120, 3424, '2023-12-17', '2024-05-07', 3000),
(1000, 1086, 135000, 50, 1005, 161, 2999, '2025-01-15', '2023-08-20', 3000),
(1000, 1014, 135000, 20.5, 1001, 177, 2826, '2024-06-09', '2023-07-04', 3000),
(1000, 1033, 135000, 37.5, 1002, 140, 2742, '2024-07-12', '2023-06-07', 3000),
(1000, 1118, 135000, 33, 1002, 155, 2816, '2024-06-06', '2024-02-18', 3000),
(1000, 1102, 135000, 38, 1000, 121, 3141, '2024-10-11', '2023-08-16', 3000),
(1000, 1148, 135000, 32.5, 1005, 167, 3409, '2024-12-06', '2023-08-05', 3000),
(1000, 1094, 135000, 38.5, 1004, 186, 2978, '2024-03-11', '2024-06-27', 3000),
(1000, 1099, 135000, 32, 1005, 149, 2880, '2023-10-26', '2023-08-05', 3000),
(1000, 1010, 135000, 39, 1004, 129, 2795, '2024-03-12', '2023-11-13', 3000),
(1000, 1035, 135000, 31.5, 1000, 136, 2878, '2024-07-12', '2024-09-07', 3000),
(1000, 1090, 135000, 39.5, 1002, 146, 3204, '2024-07-10', '2023-08-06', 3000),
(1000, 1097, 135000, 31, 1004, 171, 3223, '2024-09-01', '2024-04-05', 3000),
(1000, 1139, 135000, 40, 1007, 179, 2792, '2024-06-11', '2024-04-05', 3000),
(1000, 1014, 135000, 30.5, 1001, 141, 2678, '2023-12-25', '2024-04-26', 3000),
(1000, 1116, 135000, 40.5, 1005, 133, 2589, '2024-02-29', '2023-09-12', 3000),
(1000, 1059, 135000, 30, 1002, 138, 2663, '2024-07-04', '2023-11-19', 3000),
(1000, 1024, 135000, 41, 1004, 190, 3223, '2024-08-28', '2024-10-31', 3000),
(1000, 1111, 135000, 29.5, 1008, 189, 3238, '2024-05-17', '2023-06-10', 3000),
(1000, 1065, 135000, 41.5, 1000, 154, 2807, '2024-02-05', '2024-05-05', 3000),
(1000, 1019, 135000, 29, 1006, 175, 2711, '2024-12-09', '2024-05-24', 3000),
(1000, 1051, 135000, 42, 1005, 140, 2658, '2023-10-26', '2023-06-19', 3000),
(1000, 1083, 135000, 28.5, 1001, 191, 2657, '2024-01-30', '2025-02-15', 3000),
(1000, 1011, 135000, 42.5, 1002, 160, 2989, '2023-12-31', '2023-09-28', 3000),
(1000, 1085, 135000, 28, 1005, 192, 3003, '2024-11-07', '2024-06-25', 3000),
(1000, 1132, 135000, 43, 1001, 173, 2574, '2024-02-05', '2024-03-12', 3000),
(1000, 1038, 135000, 27.5, 1002, 159, 2475, '2024-03-21', '2024-06-16', 3000),
(1000, 1001, 135000, 43.5, 1003, 179, 2382, '2024-03-16', '2023-09-19', 3000),
(1000, 1057, 135000, 27, 1009, 172, 2711, '2025-01-10', '2024-05-05', 3000),
(1000, 1100, 135000, 44, 1003, 146, 3042, '2023-09-28', '2024-03-21', 3000),
(1000, 1135, 135000, 23, 1004, 157, 3048, '2024-07-04', '2024-02-13', 3000),
(1000, 1017, 135000, 26.5, 1000, 186, 2620, '2023-08-22', '2023-09-21', 3000),
(1000, 1091, 135000, 44.5, 1001, 136, 2527, '2024-01-21', '2023-12-01', 3000),
(1000, 1140, 135000, 26, 1003, 171, 2416, '2024-06-15', '2024-05-19', 3000),
(1000, 1114, 135000, 45, 1001, 161, 2492, '2023-07-15', '2023-07-14', 3000),
(1000, 1078, 135000, 25.5, 1001, 123, 2819, '2023-06-15', '2024-02-22', 3000),
(1000, 1099, 135000, 45.5, 1007, 149, 2832, '2024-01-29', '2024-05-29', 3000),
(1000, 1050, 135000, 25, 1003, 174, 2436, '2023-11-25', '2024-04-20', 3000),
(1000, 1128, 135000, 46, 1009, 145, 2339, '2023-06-12', '2024-07-27', 3000),
(1000, 1099, 135000, 24.5, 1004, 200, 4380, '2024-05-16', '2025-01-10', 2973),
(1000, 1027, 135000, 46.5, 1002, 195, 4387, '2023-09-08', '2024-05-16', 2973),
(1000, 1117, 135000, 24, 1002, 177, 4135, '2023-08-25', '2025-01-20', 2968),
(1000, 1065, 135000, 47, 1006, 156, 3711, '2023-08-29', '2024-01-12', 2968),
(1000, 1097, 135000, 23.5, 1005, 141, 2710, '2024-07-04', '2024-02-13', 2960),
(1000, 1048, 135000, 47.5, 1003, 189, 4305, '2024-01-28', '2024-12-11', 2919),
(1000, 1133, 135000, 23, 1004, 122, 4292, '2024-08-07', '2023-08-11', 2919),
(1000, 1128, 135000, 48, 1003, 121, 2612, '2023-08-06', '2024-01-04', 2905),
(1000, 1113, 135000, 22.5, 1006, 197, 4418, '2024-08-26', '2023-07-11', 2865),
(1000, 1129, 135000, 48.5, 1006, 181, 4717, '2024-04-10', '2024-11-03', 2865),
(1000, 1109, 135000, 22, 1003, 130, 2528, '2024-10-06', '2025-02-26', 2851),
(1000, 1030, 135000, 49, 1001, 180, 4297, '2023-10-21', '2024-06-24', 2819),
(1000, 1044, 135000, 21.5, 1007, 126, 4199, '2024-01-28', '2025-03-23', 2819),
(1000, 1085, 135000, 49.5, 1007, 149, 4278, '2024-01-31', '2024-09-22', 2819),
(1000, 1126, 135000, 21, 1000, 180, 4388, '2024-08-10', '2023-09-29', 2811),
(1000, 1091, 135000, 50, 1003, 131, 2611, '2023-12-05', '2024-03-26', 2797),
(1000, 1063, 135000, 20.5, 1004, 194, 4502, '2024-11-05', '2024-07-06', 2757),
(1000, 1140, 135000, 50.5, 1007, 168, 4999, '2024-01-21', '2024-02-05', 2757),
(1000, 1062, 135000, 20, 1003, 127, 2937, '2024-09-19', '2024-04-16', 2743),
(1000, 1090, 135000, 51, 1004, 165, 4930, '2024-03-02', '2023-09-23', 2703),
(1000, 1046, 135000, 19.5, 1007, 193, 2956, '2024-10-28', '2023-11-05', 2689),
(1000, 1111, 135000, 51.5, 1001, 127, 3593, '2024-02-10', '2024-04-20', 2679),
(1000, 1134, 135000, 19, 1004, 168, 3504, '2024-02-18', '2023-12-30', 2679),
(1000, 1049, 135000, 52, 1004, 158, 3835, '2024-04-30', '2025-01-02', 2679),
(1000, 1103, 135000, 18.5, 1002, 164, 4159, '2024-04-03', '2024-05-16', 2679),
(1000, 1020, 135000, 52.5, 1009, 187, 4172, '2023-10-24', '2024-01-21', 2679),
(1000, 1082, 135000, 18, 1001, 137, 3743, '2024-02-18', '2024-04-27', 2679),
(1000, 1042, 135000, 53, 1007, 124, 3643, '2024-03-26', '2024-07-05', 2679),
(1000, 1024, 135000, 48, 1007, 121, 4915, '2024-01-28', '2024-12-11', 2649),
(1000, 1093, 135000, 17.5, 1006, 187, 4569, '2024-10-29', '2024-04-10', 2649),
(1000, 1143, 135000, 53.5, 1008, 175, 2507, '2024-04-05', '2024-10-13', 2636),
(1000, 1117, 135000, 17, 1006, 171, 4480, '2024-06-03', '2023-11-12', 2595),
(1000, 1107, 135000, 54, 1005, 170, 2411, '2023-08-20', '2023-12-31', 2583),
(1000, 1122, 135000, 16.5, 1009, 149, 4330, '2024-07-17', '2024-05-14', 2541),
(1000, 1138, 135000, 54.5, 1004, 174, 4419, '2023-08-05', '2024-01-08', 2541),
(1000, 1004, 135000, 16, 1004, 127, 4122, '2024-03-07', '2023-10-15', 2535),
(1000, 1024, 135000, 55, 1000, 140, 4026, '2023-06-10', '2023-10-24', 2535),
(1000, 1068, 135000, 15.5, 1004, 181, 4316, '2024-07-29', '2024-01-27', 2535),
(1000, 1136, 135000, 55.5, 1003, 165, 4559, '2023-07-11', '2023-10-29', 2535),
(1000, 1030, 135000, 15, 1008, 166, 4842, '2024-03-04', '2023-10-18', 2535),
(1000, 1103, 135000, 56, 1005, 124, 4406, '2024-05-16', '2024-08-17', 2535),
(1000, 1121, 135000, 14.5, 1000, 197, 2322, '2024-06-12', '2024-01-04', 2531),
(1000, 1041, 135000, 56.5, 1003, 121, 4048, '2024-05-14', '2024-05-08', 2486),
(1000, 1023, 135000, 14, 1000, 126, 4501, '2023-11-12', '2023-12-28', 2486),
(1000, 1014, 135000, 57, 1004, 177, 2379, '2023-09-04', '2024-02-12', 2479),
(1000, 1145, 135000, 13.5, 1004, 127, 4821, '2024-11-28', '2023-11-26', 2432),
(1000, 1014, 135000, 57.5, 1004, 173, 4841, '2023-11-12', '2024-04-30', 2432),
(1000, 1142, 135000, 13, 1002, 172, 2702, '2025-02-10', '2024-01-29', 2428),
(1000, 1045, 135000, 58, 1005, 199, 3536, '2023-12-30', '2024-05-01', 2402),
(1000, 1085, 135000, 12.5, 1001, 139, 3656, '2024-02-15', '2024-03-26', 2402),
(1000, 1151, 135000, 58.5, 1005, 149, 3934, '2023-08-11', '2023-09-01', 2402),
(1000, 1008, 135000, 12, 1002, 179, 3956, '2024-03-29', '2023-11-03', 2402),
(1000, 1106, 135000, 59, 1000, 130, 3527, '2023-11-19', '2024-07-10', 2402),
(1000, 1124, 135000, 11.5, 1001, 191, 3428, '2024-06-11', '2024-03-31', 2402),
(1000, 1002, 135000, 59.5, 1004, 155, 3592, '2024-02-18', '2024-03-04', 2402),
(1000, 1118, 135000, 11, 1006, 195, 4664, '2023-12-06', '2024-04-15', 2378),
(1000, 1074, 135000, 60, 1007, 144, 4233, '2023-06-07', '2023-09-20', 2378),
(1000, 1059, 135000, 10.5, 1009, 194, 4133, '2023-06-07', '2024-04-02', 2378),
(1000, 1136, 135000, 60.5, 1005, 131, 2716, '2023-09-12', '2024-05-20', 2377),
(1000, 1027, 135000, 10, 1004, 192, 2285, '2024-01-20', '2023-09-17', 2327),
(1000, 1145, 135000, 61, 1000, 173, 4649, '2024-02-05', '2024-09-27', 2324),
(1000, 1139, 135000, 9.5, 1000, 187, 4410, '2024-06-06', '2024-04-26', 2324),
(1000, 1113, 135000, 61.5, 1004, 143, 4317, '2023-10-29', '2024-07-17', 2324),
(1000, 1023, 135000, 22.5, 1001, 149, 2223, '2024-08-07', '2023-08-11', 2277),
(1000, 1126, 135000, 9, 1008, 168, 4219, '2024-06-16', '2024-01-31', 2270),
(1000, 1023, 135000, 62, 1004, 159, 4299, '2024-05-01', '2024-10-04', 2270),
(1000, 1026, 135000, 8.5, 1009, 195, 4614, '2023-11-30', '2023-07-05', 2265),
(1000, 1112, 135000, 62.5, 1009, 187, 4437, '2023-12-26', '2023-10-02', 2265),
(1000, 1131, 135000, 8, 1008, 149, 4344, '2025-01-01', '2023-05-31', 2265),
(1000, 1139, 135000, 63, 1002, 175, 4248, '2023-05-26', '2024-12-14', 2265),
(1000, 1151, 135000, 7.5, 1001, 137, 4331, '2024-08-13', '2023-06-14', 2265),
(1000, 1088, 135000, 63.5, 1007, 164, 4648, '2024-04-15', '2024-04-05', 2265),
(1000, 1044, 135000, 7, 1000, 188, 4668, '2024-04-01', '2023-07-13', 2265),
(1000, 1091, 135000, 64, 1008, 133, 4232, '2023-10-18', '2024-11-20', 2265),
(1000, 1141, 135000, 6.5, 1004, 151, 2136, '2025-01-17', '2024-03-08', 2228),
(1000, 1065, 135000, 64.5, 1008, 138, 4663, '2023-08-07', '2024-05-11', 2216),
(1000, 1122, 135000, 6, 1006, 185, 4664, '2025-03-15', '2023-10-06', 2216),
(1000, 1099, 135000, 65, 1001, 155, 2100, '2023-10-20', '2024-09-08', 2179),
(1000, 1103, 135000, 5.5, 1006, 121, 4281, '2024-06-10', '2023-07-30', 2162),
(1000, 1134, 135000, 65.5, 1007, 127, 3852, '2024-04-23', '2024-02-10', 2138),
(1000, 1128, 135000, 5, 1008, 136, 2433, '2024-09-27', '2023-12-25', 2131),
(1000, 1045, 135000, 66, 1001, 134, 4491, '2023-11-28', '2023-12-26', 2108),
(1000, 1034, 135000, 4.5, 1000, 182, 2446, '2024-06-17', '2023-07-25', 2083),
(1000, 1095, 135000, 66.5, 1004, 167, 4290, '2024-04-28', '2024-09-23', 2054),
(1000, 1121, 135000, 4, 1009, 128, 4200, '2025-01-22', '2023-09-12', 2054),
(1000, 1030, 135000, 67, 1008, 194, 2052, '2023-10-22', '2024-02-19', 2036),
(1000, 1060, 135000, 3.5, 1009, 131, 4386, '2024-12-03', '2024-01-07', 2009),
(1000, 1144, 135000, 67.5, 1007, 144, 4293, '2024-03-27', '2024-11-20', 2009),
(1000, 1141, 135000, 3, 1008, 160, 4195, '2024-11-02', '2023-11-18', 2009),
(1000, 1032, 135000, 68, 1008, 194, 4283, '2024-04-24', '2024-12-31', 2009),
(1000, 1136, 135000, 2.5, 1004, 180, 4609, '2023-08-14', '2023-07-04', 2009),
(1000, 1146, 135000, 68.5, 1009, 160, 4405, '2023-12-02', '2023-12-06', 2000);

INSERT crop_cycle_data
(
    crop,
    field,
    plant_density_ha,
    human_hours_ha,
    fertilizer,
    fertilizer_kg_ha,
    predicted_yield_kg_ha,
    planted_date,
    harvest_date,
    yield_kg_ha
)
VALUES
(1000, 1043, 135000, 48.5, 1005, 174, 4290, '2023-08-06', '2024-01-04', 2000),
(1000, 1065, 135000, 2, 1005, 156, 4575, '2023-09-04', '2023-11-29', 2000),
(1000, 1089, 135000, 69, 1004, 133, 1954, '2024-02-17', '2024-05-11', 1990),
(1000, 1055, 135000, 1.5, 1003, 173, 1860, '2024-09-24', '2023-12-18', 1944),
(1000, 1044, 135000, 69.5, 1000, 172, 2141, '2024-02-13', '2023-11-27', 1898),
(1000, 1087, 135000, 1, 1006, 122, 4896, '2023-10-15', '2023-05-29', 1892),
(1000, 1113, 135000, 70, 1006, 145, 4919, '2023-08-16', '2024-03-02', 1892),
(1000, 1001, 135000, 0.5, 1006, 141, 4159, '2024-03-17', '2023-11-16', 1890),
(1000, 1087, 135000, 0.5, 1008, 127, 4180, '2024-01-05', '2023-05-26', 1890),
(1000, 1118, 135000, 1, 1006, 178, 3760, '2023-09-24', '2023-07-10', 1890),
(1000, 1039, 135000, 1.5, 1000, 183, 3663, '2023-08-26', '2024-04-25', 1890),
(1000, 1144, 135000, 2, 1008, 157, 3577, '2023-12-21', '2023-08-20', 1890),
(1000, 1074, 135000, 22, 1002, 192, 3649, '2024-08-26', '2023-07-11', 1890),
(1000, 1145, 135000, 2.5, 1000, 159, 3976, '2023-09-18', '2024-11-23', 1890),
(1000, 1120, 135000, 3, 1002, 171, 3991, '2024-03-28', '2024-01-21', 1890),
(1000, 1004, 135000, 3.5, 1001, 176, 3562, '2023-10-09', '2024-04-15', 1890),
(1000, 1107, 135000, 49, 1004, 171, 3717, '2024-04-10', '2024-11-03', 1890),
(1000, 1149, 135000, 21.5, 1008, 151, 3627, '2024-10-06', '2025-02-26', 1890),
(1000, 1128, 135000, 4, 1001, 140, 3699, '2023-06-29', '2024-05-06', 1890),
(1000, 1125, 135000, 4.5, 1008, 174, 2472, '2024-03-27', '2024-04-14', 1854),
(1000, 1130, 135000, 5, 1001, 164, 4516, '2023-12-07', '2024-03-26', 1838),
(1000, 1036, 135000, 49.5, 1000, 136, 4423, '2023-10-21', '2024-06-24', 1838),
(1000, 1025, 135000, 21, 1006, 158, 2502, '2024-07-04', '2024-02-13', 1809),
(1000, 1057, 135000, 50, 1005, 154, 4367, '2024-01-28', '2024-12-11', 1784),
(1000, 1039, 135000, 5.5, 1005, 120, 4585, '2023-12-19', '2024-12-17', 1770),
(1000, 1135, 135000, 6, 1007, 143, 4413, '2023-12-02', '2024-10-20', 1770),
(1000, 1107, 135000, 6.5, 1009, 124, 4501, '2023-10-23', '2025-01-20', 1770),
(1000, 1044, 135000, 7, 1002, 189, 4819, '2023-09-08', '2024-02-22', 1770),
(1000, 1050, 135000, 20.5, 1001, 126, 4840, '2024-08-07', '2023-08-11', 1770),
(1000, 1049, 135000, 23, 1004, 135, 2067, '2023-08-06', '2024-01-04', 1766),
(1000, 1099, 135000, 7.5, 1002, 178, 4337, '2023-10-26', '2024-08-13', 1730),
(1000, 1140, 135000, 8, 1004, 196, 1981, '2023-07-25', '2024-04-10', 1723),
(1000, 1114, 135000, 8.5, 1003, 186, 1881, '2024-02-09', '2024-12-21', 1681),
(1000, 1069, 135000, 48, 1007, 127, 4008, '2024-08-26', '2023-07-11', 1660),
(1000, 1093, 135000, 22.5, 1001, 128, 4194, '2024-04-10', '2024-11-03', 1660),
(1000, 1087, 135000, 9, 1001, 167, 3683, '2023-07-15', '2024-12-20', 1660),
(1000, 1117, 135000, 9.5, 1003, 195, 3600, '2024-03-14', '2023-12-05', 1660),
(1000, 1141, 135000, 10, 1000, 174, 3502, '2024-03-20', '2023-10-18', 1660),
(1000, 1042, 135000, 10.5, 1000, 142, 1946, '2024-01-02', '2023-08-15', 1639),
(1000, 1104, 135000, 48.5, 1005, 188, 2266, '2024-10-06', '2025-02-26', 1598),
(1000, 1145, 135000, 11, 1005, 182, 4798, '2024-01-11', '2023-12-15', 1568),
(1000, 1141, 135000, 11.5, 1001, 145, 4426, '2023-05-27', '2023-09-10', 1568),
(1000, 1044, 135000, 12, 1009, 170, 4742, '2024-02-14', '2024-01-13', 1568),
(1000, 1027, 135000, 12.5, 1009, 188, 4900, '2024-04-24', '2024-01-31', 1568),
(1000, 1054, 135000, 13, 1001, 148, 4465, '2024-04-30', '2023-08-07', 1568),
(1000, 1023, 135000, 13.5, 1002, 170, 2287, '2024-01-09', '2024-05-06', 1558),
(1000, 1050, 135000, 14, 1009, 131, 1832, '2023-10-21', '2024-07-28', 1518),
(1000, 1107, 135000, 14.5, 1003, 150, 4526, '2024-03-02', '2024-05-03', 1514),
(1000, 1085, 135000, 15, 1009, 174, 4377, '2023-10-16', '2024-02-01', 1514),
(1000, 1150, 135000, 15.5, 1002, 200, 1741, '2023-11-28', '2023-06-15', 1479),
(1000, 1118, 135000, 16, 1005, 180, 4199, '2024-03-28', '2024-02-29', 1459),
(1000, 1092, 135000, 16.5, 1006, 143, 3742, '2024-01-16', '2024-09-02', 1447),
(1000, 1032, 135000, 17, 1002, 142, 4060, '2023-11-15', '2024-10-13', 1447),
(1000, 1079, 135000, 17.5, 1000, 192, 4078, '2024-01-17', '2024-01-21', 1447),
(1000, 1083, 135000, 18, 1005, 121, 3896, '2024-01-29', '2024-10-17', 1447),
(1000, 1000, 135000, 18.5, 1008, 164, 3812, '2023-11-17', '2024-12-12', 1447),
(1000, 1007, 135000, 19, 1005, 136, 1641, '2024-01-01', '2023-10-21', 1441),
(1000, 1082, 135000, 19.5, 1001, 135, 4134, '2024-03-26', '2023-10-20', 1405),
(1000, 1136, 135000, 20, 1003, 134, 1724, '2023-08-08', '2023-05-28', 1403),
(1000, 1103, 135000, 20.5, 1003, 179, 2080, '2023-11-30', '2024-03-18', 1366),
(1000, 1100, 135000, 21, 1007, 133, 4223, '2023-09-08', '2024-05-06', 1351),
(1000, 1014, 135000, 21.5, 1004, 160, 2026, '2024-01-15', '2023-12-26', 1330),
(1000, 1093, 135000, 22, 1001, 145, 1563, '2023-07-13', '2024-04-10', 1294),
(1000, 1042, 135000, 22.5, 1005, 161, 1472, '2023-06-03', '2024-04-23', 1259),
(1000, 1025, 135000, 23, 1001, 121, 3706, '2023-08-25', '2024-11-11', 1253),
(1000, 1065, 135000, 23.5, 1003, 178, 3788, '2023-07-27', '2024-04-14', 1253),
(1000, 1121, 135000, 24, 1007, 161, 4729, '2024-03-11', '2023-07-24', 1243),
(1000, 1063, 135000, 24.5, 1007, 189, 4742, '2024-02-27', '2024-01-21', 1243),
(1000, 1102, 135000, 25, 1003, 126, 4313, '2024-03-05', '2024-06-24', 1243),
(1000, 1117, 135000, 25.5, 1001, 198, 1408, '2023-07-26', '2023-11-17', 1224),
(1000, 1145, 135000, 26, 1004, 120, 1489, '2024-03-16', '2023-08-06', 1190),
(1000, 1011, 135000, 26.5, 1006, 130, 1770, '2023-09-22', '2023-11-28', 1157),
(1000, 1039, 135000, 27, 1002, 179, 4327, '2023-11-25', '2023-06-24', 1135),
(1000, 1122, 135000, 27.5, 1007, 192, 4399, '2024-04-20', '2024-11-23', 1135),
(1000, 1124, 135000, 28, 1009, 152, 1791, '2023-06-14', '2024-12-20', 1125),
(1000, 1032, 135000, 28.5, 1008, 142, 1567, '2023-12-06', '2023-09-10', 1093),
(1000, 1018, 135000, 29, 1007, 185, 4413, '2023-08-01', '2024-05-03', 1081),
(1000, 1147, 135000, 29.5, 1006, 133, 1520, '2024-01-19', '2023-08-27', 1062),
(1000, 1038, 135000, 30, 1000, 199, 1423, '2023-12-16', '2024-03-26', 1031),
(1000, 1017, 135000, 30.5, 1007, 190, 4508, '2023-12-18', '2023-06-02', 1027),
(1000, 1094, 135000, 35.5, 1003, 199, 1509, '2024-05-03', '2024-09-25', 1001),
(1000, 1123, 135000, 22, 1002, 189, 1825, '2024-04-18', '2024-06-23', 972),
(1000, 1130, 135000, 49, 1004, 193, 1847, '2024-02-23', '2024-08-02', 943),
(1000, 1003, 135000, 21.5, 1008, 156, 1413, '2024-10-08', '2024-12-26', 915),
(1000, 1018, 135000, 49.5, 1000, 144, 1322, '2024-12-17', '2024-09-13', 888),
(1000, 1026, 135000, 21, 1006, 120, 1223, '2023-12-17', '2024-05-07', 861),
(1000, 1114, 135000, 50, 1005, 161, 1304, '2025-01-15', '2023-08-20', 835),
(1000, 1107, 135000, 20.5, 1001, 177, 1602, '2024-06-09', '2023-07-04', 809),
(1000, 1090, 135000, 37.5, 1002, 140, 1625, '2024-07-12', '2023-06-07', 784),
(1000, 1020, 135000, 33, 1002, 155, 1193, '2024-06-06', '2024-02-18', 759),
(1000, 1015, 135000, 38, 1000, 121, 1009, '2024-10-11', '2023-08-16', 736),
(1000, 1047, 135000, 32.5, 1005, 167, 919, '2024-12-06', '2023-08-05', 712),
(1000, 1085, 135000, 38.5, 1004, 186, 1000, '2024-03-11', '2024-06-27', 690),
(1000, 1148, 135000, 32, 1005, 149, 1317, '2023-10-26', '2023-08-05', 667),
(1000, 1100, 135000, 39, 1004, 129, 1373, '2024-03-12', '2023-11-13', 646),
(1000, 1119, 135000, 31.5, 1000, 136, 935, '2024-07-12', '2024-09-07', 625),
(1000, 1036, 135000, 39.5, 1002, 146, 843, '2024-07-10', '2023-08-06', 604),
(1000, 1002, 135000, 31, 1004, 171, 752, '2024-09-01', '2024-04-05', 584),
(1000, 1058, 135000, 40, 1007, 179, 1048, '2024-06-11', '2024-04-05', 565),
(1000, 1016, 135000, 30.5, 1001, 141, 1367, '2023-12-25', '2024-04-26', 546),
(1000, 1088, 135000, 40.5, 1005, 133, 1376, '2024-02-29', '2023-09-12', 527),
(1000, 1139, 135000, 30, 1002, 138, 937, '2024-07-04', '2023-11-19', 510),
(1000, 1025, 135000, 41, 1004, 190, 848, '2024-08-28', '2024-10-31', 492),
(1000, 1129, 135000, 29.5, 1008, 189, 735, '2024-05-17', '2023-06-10', 475),
(1000, 1093, 135000, 41.5, 1000, 154, 816, '2024-02-05', '2024-05-05', 459),
(1000, 1122, 135000, 29, 1006, 175, 1167, '2024-12-09', '2024-05-24', 443),
(1000, 1149, 135000, 42, 1005, 140, 1188, '2023-10-26', '2023-06-19', 427),
(1000, 1070, 135000, 28.5, 1001, 191, 750, '2024-01-30', '2025-02-15', 412),
(1000, 1129, 135000, 42.5, 1002, 160, 661, '2023-12-31', '2023-09-28', 397),
(1000, 1140, 135000, 28, 1005, 192, 549, '2024-11-07', '2024-06-25', 383),
(1000, 1003, 135000, 43, 1001, 173, 597, '2024-02-05', '2024-03-12', 369),
(1000, 1013, 135000, 27.5, 1002, 159, 919, '2024-03-21', '2024-06-16', 356),
(1000, 1138, 135000, 43.5, 1003, 179, 921, '2024-03-16', '2023-09-19', 343),
(1000, 1085, 135000, 27, 1009, 172, 487, '2025-01-10', '2024-05-05', 330),
(1000, 1055, 135000, 44, 1003, 146, 432, '2023-09-28', '2024-03-21', 318),
(1000, 1023, 135000, 23, 1004, 157, 334, '2024-07-04', '2024-02-13', 306),
(1000, 1059, 135000, 26.5, 1000, 186, 414, '2023-08-22', '2023-09-21', 294),
(1000, 1124, 135000, 44.5, 1001, 136, 732, '2024-01-21', '2023-12-01', 283),
(1000, 1020, 135000, 26, 1003, 171, 751, '2024-06-15', '2024-05-19', 273),
(1000, 1116, 135000, 45, 1001, 161, 523, '2023-07-15', '2023-07-14', 262),
(1000, 1143, 135000, 25.5, 1001, 123, 4406, '2023-06-15', '2024-02-22', 5993),
(1000, 1090, 135000, 45.5, 1007, 149, 3934, '2024-01-29', '2024-05-29', 5993),
(1000, 1029, 135000, 25, 1003, 174, 3801, '2023-11-25', '2024-04-20', 5984),
(1000, 1122, 135000, 46, 1009, 145, 4645, '2023-06-12', '2024-07-27', 5984),
(1000, 1134, 135000, 24.5, 1004, 200, 4410, '2024-05-16', '2025-01-10', 5971),
(1000, 1133, 135000, 46.5, 1002, 195, 4321, '2023-09-08', '2024-05-16', 5971),
(1000, 1069, 135000, 24, 1002, 177, 4283, '2023-08-25', '2025-01-20', 5955),
(1000, 1004, 135000, 47, 1006, 156, 4327, '2023-08-29', '2024-01-12', 5955),
(1000, 1093, 135000, 23.5, 1005, 141, 4148, '2024-07-04', '2024-02-13', 5935),
(1000, 1137, 135000, 47.5, 1003, 189, 4881, '2024-01-28', '2024-12-11', 5935),
(1000, 1097, 135000, 23, 1004, 122, 4737, '2024-08-07', '2023-08-11', 5911),
(1000, 1083, 135000, 48, 1003, 121, 4700, '2023-08-06', '2024-01-04', 5911),
(1000, 1126, 135000, 22.5, 1006, 197, 4603, '2024-08-26', '2023-07-11', 5884),
(1000, 1013, 135000, 48.5, 1006, 181, 4702, '2024-04-10', '2024-11-03', 5884),
(1000, 1083, 135000, 22, 1003, 130, 4464, '2024-10-06', '2025-02-26', 5854),
(1000, 1076, 135000, 49, 1001, 180, 4702, '2023-10-21', '2024-06-24', 5854),
(1000, 1055, 135000, 21.5, 1007, 126, 4761, '2024-01-28', '2025-03-23', 5820),
(1000, 1034, 135000, 49.5, 1007, 149, 4776, '2024-01-31', '2024-09-22', 5820),
(1000, 1046, 135000, 21, 1000, 180, 4611, '2024-08-10', '2023-09-29', 5783),
(1000, 1006, 135000, 50, 1003, 131, 4687, '2023-12-05', '2024-03-26', 5783),
(1000, 1097, 135000, 20.5, 1004, 194, 4406, '2024-11-05', '2024-07-06', 5743),
(1000, 1099, 135000, 50.5, 1007, 168, 4678, '2024-01-21', '2024-02-05', 5743),
(1000, 1101, 135000, 20, 1003, 127, 4432, '2024-09-19', '2024-04-16', 5700),
(1000, 1128, 135000, 51, 1004, 165, 4703, '2024-03-02', '2023-09-23', 5700),
(1000, 1141, 135000, 19.5, 1007, 193, 4499, '2024-10-28', '2023-11-05', 5653),
(1000, 1054, 135000, 51.5, 1001, 127, 4736, '2024-02-10', '2024-04-20', 5653),
(1000, 1046, 135000, 19, 1004, 168, 4403, '2024-02-18', '2023-12-30', 5603),
(1000, 1001, 135000, 52, 1004, 158, 5007, '2024-04-30', '2025-01-02', 5603),
(1000, 1067, 135000, 18.5, 1002, 164, 4711, '2024-04-03', '2024-05-16', 5551),
(1000, 1064, 135000, 52.5, 1009, 187, 4832, '2023-10-24', '2024-01-21', 5551),
(1000, 1121, 135000, 18, 1001, 137, 4576, '2024-02-18', '2024-04-27', 5500),
(1000, 1135, 135000, 53, 1007, 124, 4806, '2024-03-26', '2024-07-05', 5500),
(1000, 1127, 135000, 48, 1007, 121, 4529, '2024-01-28', '2024-12-11', 5495),
(1000, 1073, 135000, 17.5, 1006, 187, 4766, '2024-10-29', '2024-04-10', 5495),
(1000, 1114, 135000, 53.5, 1008, 175, 4355, '2024-04-05', '2024-10-13', 5437),
(1000, 1019, 135000, 17, 1006, 171, 4748, '2024-06-03', '2023-11-12', 5437),
(1000, 1065, 135000, 54, 1005, 170, 4397, '2023-08-20', '2023-12-31', 5376),
(1000, 1146, 135000, 16.5, 1009, 149, 4550, '2024-07-17', '2024-05-14', 5376),
(1000, 1143, 135000, 54.5, 1004, 174, 4502, '2023-08-05', '2024-01-08', 5313),
(1000, 1102, 135000, 16, 1004, 127, 4733, '2024-03-07', '2023-10-15', 5313),
(1000, 1061, 135000, 55, 1000, 140, 4297, '2023-06-10', '2023-10-24', 5247),
(1000, 1052, 135000, 15.5, 1004, 181, 4776, '2024-07-29', '2024-01-27', 5247),
(1000, 1038, 135000, 55.5, 1003, 165, 4375, '2023-07-11', '2023-10-29', 5179),
(1000, 1128, 135000, 15, 1008, 166, 4595, '2024-03-04', '2023-10-18', 5179),
(1000, 1117, 135000, 56, 1005, 124, 4441, '2024-05-16', '2024-08-17', 5109),
(1000, 1000, 135000, 14.5, 1000, 197, 4799, '2024-06-12', '2024-01-04', 5109),
(1000, 1087, 135000, 56.5, 1003, 121, 4310, '2024-05-14', '2024-05-08', 5036),
(1000, 1108, 135000, 14, 1000, 126, 4816, '2023-11-12', '2023-12-28', 5036),
(1000, 1044, 135000, 57, 1004, 177, 4364, '2023-09-04', '2024-02-12', 5000),
(1000, 1135, 135000, 13.5, 1004, 127, 4559, '2024-11-28', '2023-11-26', 4962),
(1000, 1125, 135000, 57.5, 1004, 173, 4838, '2023-11-12', '2024-04-30', 4962),
(1000, 1039, 135000, 13, 1002, 172, 4437, '2025-02-10', '2024-01-29', 4886),
(1000, 1096, 135000, 58, 1005, 199, 4843, '2023-12-30', '2024-05-01', 4886),
(1000, 1142, 135000, 12.5, 1001, 139, 4284, '2024-02-15', '2024-03-26', 4808),
(1000, 1032, 135000, 58.5, 1005, 149, 4824, '2023-08-11', '2023-09-01', 4808),
(1000, 1133, 135000, 12, 1002, 179, 4327, '2024-03-29', '2023-11-03', 4728),
(1000, 1020, 135000, 59, 1000, 130, 4642, '2023-11-19', '2024-07-10', 4728),
(1000, 1019, 135000, 11.5, 1001, 191, 4224, '2024-06-11', '2024-03-31', 4647),
(1000, 1133, 135000, 59.5, 1004, 155, 4683, '2024-02-18', '2024-03-04', 4647),
(1000, 1027, 135000, 11, 1006, 195, 4057, '2023-12-06', '2024-04-15', 4564),
(1000, 1098, 135000, 60, 1007, 144, 4909, '2023-06-07', '2023-09-20', 4564),
(1000, 1055, 135000, 10.5, 1009, 194, 4357, '2023-06-07', '2024-04-02', 4500),
(1000, 1079, 135000, 60.5, 1005, 131, 4701, '2023-09-12', '2024-05-20', 4480),
(1000, 1059, 135000, 10, 1004, 192, 4700, '2024-01-20', '2023-09-17', 4480),
(1000, 1045, 135000, 61, 1000, 173, 4186, '2024-02-05', '2024-09-27', 4395),
(1000, 1114, 135000, 9.5, 1000, 187, 4905, '2024-06-06', '2024-04-26', 4395),
(1000, 1040, 135000, 61.5, 1004, 143, 4236, '2023-10-29', '2024-07-17', 4309),
(1000, 1006, 135000, 22.5, 1001, 149, 4886, '2024-08-07', '2023-08-11', 4309),
(1000, 1100, 135000, 9, 1008, 168, 4279, '2024-06-16', '2024-01-31', 4222),
(1000, 1003, 135000, 62, 1004, 159, 4694, '2024-05-01', '2024-10-04', 4222),
(1000, 1011, 135000, 8.5, 1009, 195, 4053, '2023-11-30', '2023-07-05', 4135),
(1000, 1112, 135000, 62.5, 1009, 187, 4881, '2023-12-26', '2023-10-02', 4135),
(1000, 1140, 135000, 8, 1008, 149, 4178, '2025-01-01', '2023-05-31', 4046),
(1000, 1050, 135000, 63, 1002, 175, 4916, '2023-05-26', '2024-12-14', 4046),
(1000, 1149, 135000, 7.5, 1001, 137, 4255, '2024-08-13', '2023-06-14', 4000),
(1000, 1124, 135000, 63.5, 1007, 164, 4715, '2024-04-15', '2024-04-05', 3958),
(1000, 1033, 135000, 7, 1000, 188, 4696, '2024-04-01', '2023-07-13', 3958),
(1000, 1139, 135000, 64, 1008, 133, 4092, '2023-10-18', '2024-11-20', 3868),
(1000, 1117, 135000, 6.5, 1004, 151, 4712, '2025-01-17', '2024-03-08', 3868),
(1000, 1074, 135000, 64.5, 1008, 138, 3965, '2023-08-07', '2024-05-11', 3800),
(1000, 1015, 135000, 6, 1006, 185, 4622, '2025-03-15', '2023-10-06', 3779),
(1000, 1101, 135000, 65, 1001, 155, 4685, '2023-10-20', '2024-09-08', 3779),
(1000, 1120, 135000, 5.5, 1006, 121, 4212, '2024-06-10', '2023-07-30', 3689),
(1000, 1080, 135000, 65.5, 1007, 127, 4746, '2024-04-23', '2024-02-10', 3689),
(1000, 1058, 135000, 5, 1008, 136, 4076, '2024-09-27', '2023-12-25', 3600),
(1000, 1141, 135000, 66, 1001, 134, 4734, '2023-11-28', '2023-12-26', 3600),
(1000, 1024, 135000, 4.5, 1000, 182, 4896, '2024-06-17', '2023-07-25', 3600),
(1000, 1058, 135000, 66.5, 1004, 167, 4094, '2024-04-28', '2024-09-23', 3510),
(1000, 1092, 135000, 4, 1009, 128, 4897, '2025-01-22', '2023-09-12', 3510),
(1000, 1135, 135000, 67, 1008, 194, 4177, '2023-10-22', '2024-02-19', 3420),
(1000, 1097, 135000, 3.5, 1009, 131, 4679, '2024-12-03', '2024-01-07', 3420),
(1000, 1070, 135000, 67.5, 1007, 144, 3972, '2024-03-27', '2024-11-20', 3400),
(1000, 1062, 135000, 3, 1008, 160, 4728, '2024-11-02', '2023-11-18', 3331),
(1000, 1032, 135000, 68, 1008, 194, 4911, '2024-04-24', '2024-12-31', 3331),
(1000, 1134, 135000, 2.5, 1004, 180, 4051, '2023-08-14', '2023-07-04', 3242),
(1000, 1047, 135000, 68.5, 1009, 160, 4909, '2023-12-02', '2023-12-06', 3242),
(1000, 1142, 135000, 48.5, 1005, 174, 4092, '2023-08-06', '2024-01-04', 3154),
(1000, 1146, 135000, 2, 1005, 156, 4735, '2023-09-04', '2023-11-29', 3154),
(1000, 1039, 135000, 69, 1004, 133, 3953, '2024-02-17', '2024-05-11', 3066),
(1000, 1146, 135000, 1.5, 1003, 173, 4728, '2024-09-24', '2023-12-18', 3066),
(1000, 1009, 135000, 69.5, 1000, 172, 3822, '2024-02-13', '2023-11-27', 3000),
(1000, 1019, 135000, 1, 1006, 122, 4721, '2023-10-15', '2023-05-29', 2979),
(1000, 1118, 135000, 70, 1006, 145, 4678, '2023-08-16', '2024-03-02', 2979),
(1000, 1042, 135000, 0.5, 1006, 141, 3819, '2024-03-17', '2023-11-16', 2892),
(1000, 1056, 135000, 0.5, 1008, 127, 4754, '2024-01-05', '2023-05-26', 2892),
(1000, 1015, 135000, 1, 1006, 178, 3969, '2023-09-24', '2023-07-10', 2806),
(1000, 1093, 135000, 1.5, 1000, 183, 4788, '2023-08-26', '2024-04-25', 2806),
(1000, 1135, 135000, 2, 1008, 157, 4036, '2023-12-21', '2023-08-20', 2721),
(1000, 1012, 135000, 22, 1002, 192, 4995, '2024-08-26', '2023-07-11', 2721),
(1000, 1034, 135000, 2.5, 1000, 159, 4085, '2023-09-18', '2024-11-23', 2638),
(1000, 1099, 135000, 3, 1002, 171, 4743, '2024-03-28', '2024-01-21', 2638),
(1000, 1020, 135000, 3.5, 1001, 176, 3880, '2023-10-09', '2024-04-15', 2555),
(1000, 1047, 135000, 49, 1004, 171, 4751, '2024-04-10', '2024-11-03', 2555),
(1000, 1000, 135000, 21.5, 1008, 151, 3742, '2024-10-06', '2025-02-26', 2473),
(1000, 1060, 135000, 4, 1001, 140, 4733, '2023-06-29', '2024-05-06', 2473),
(1000, 1038, 135000, 4.5, 1008, 174, 4020, '2024-03-27', '2024-04-14', 2392),
(1000, 1081, 135000, 5, 1001, 164, 3914, '2023-12-07', '2024-03-26', 2313),
(1000, 1031, 135000, 49.5, 1000, 136, 3804, '2023-10-21', '2024-06-24', 2235),
(1000, 1135, 135000, 21, 1006, 158, 3887, '2024-07-04', '2024-02-13', 2158),
(1000, 1058, 135000, 50, 1005, 154, 3788, '2024-01-28', '2024-12-11', 2083),
(1000, 1036, 135000, 5.5, 1005, 120, 3686, '2023-12-19', '2024-12-17', 2009),
(1000, 1030, 135000, 6, 1007, 143, 3800, '2023-12-02', '2024-10-20', 1936),
(1000, 1127, 135000, 6.5, 1009, 124, 3695, '2023-10-23', '2025-01-20', 1865),
(1000, 1059, 135000, 7, 1002, 189, 3598, '2023-09-08', '2024-02-22', 1796),
(1000, 1140, 135000, 20.5, 1001, 126, 3672, '2024-08-07', '2023-08-11', 1728),
(1000, 1077, 135000, 23, 1004, 135, 3570, '2023-08-06', '2024-01-04', 1661),
(1000, 1076, 135000, 7.5, 1002, 178, 3719, '2023-10-26', '2024-08-13', 1596),
(1000, 1003, 135000, 8, 1004, 196, 3798, '2023-07-25', '2024-04-10', 1533),
(1000, 1005, 135000, 8.5, 1003, 186, 3899, '2024-02-09', '2024-12-21', 1472),
(1000, 1019, 135000, 48, 1007, 127, 3803, '2024-08-26', '2023-07-11', 1411),
(1000, 1040, 135000, 22.5, 1001, 128, 3802, '2024-04-10', '2024-11-03', 1353),
(1000, 1069, 135000, 9, 1001, 167, 3710, '2023-07-15', '2024-12-20', 1296),
(1000, 1060, 135000, 9.5, 1003, 195, 3603, '2024-03-14', '2023-12-05', 1241),
(1000, 1075, 135000, 10, 1000, 174, 3684, '2024-03-20', '2023-10-18', 1188),
(1000, 1094, 135000, 10.5, 1000, 142, 3577, '2024-01-02', '2023-08-15', 1136),
(1000, 1137, 135000, 48.5, 1005, 188, 3458, '2024-10-06', '2025-02-26', 1085),
(1000, 1111, 135000, 11, 1005, 182, 3532, '2024-01-11', '2023-12-15', 1037),
(1000, 1065, 135000, 11.5, 1001, 145, 3694, '2023-05-27', '2023-09-10', 990),
(1000, 1109, 135000, 12, 1009, 170, 3586, '2024-02-14', '2024-01-13', 944),
(1000, 1026, 135000, 12.5, 1009, 188, 3661, '2024-04-24', '2024-01-31', 900),
(1000, 1073, 135000, 13, 1001, 148, 3566, '2024-04-30', '2023-08-07', 858),
(1000, 1075, 135000, 13.5, 1002, 170, 3457, '2024-01-09', '2024-05-06', 817),
(1000, 1140, 135000, 14, 1009, 131, 3575, '2023-10-21', '2024-07-28', 777),
(1000, 1115, 135000, 14.5, 1003, 150, 3470, '2024-03-02', '2024-05-03', 739),
(1000, 1024, 135000, 15, 1009, 174, 3371, '2023-10-16', '2024-02-01', 703),
(1000, 1148, 135000, 15.5, 1002, 200, 3443, '2023-11-28', '2023-06-15', 667);


INSERT crop_cycle_pest_disease
(
    crop_cycle,
    pest_disease
)
VALUES
(1000, 1000),
(1001, 1001),
(1002, 1002),
(1003, 1003),
(1004, 1004),
(1005, 1005),
(1006, 1006),
(1007, 1007),
(1008, 1008),
(1009, 1009),
(1010, 1010),
(1011, 1011),
(1012, 1012),
(1013, 1013),
(1014, 1014),
(1015, 1015),
(1016, 1000),
(1017, 1000),
(1018, 1000),
(1019, 1000),
(1020, 1000),
(1021, 1000),
(1022, 1000),
(1023, 1000),
(1024, 1000),
(1025, 1000),
(1026, 1000),
(1027, 1000),
(1028, 1000),
(1029, 1000),
(1030, 1000),
(1031, 1000),
(1032, 1000),
(1033, 1000),
(1034, 1000),
(1035, 1000),
(1036, 1000),
(1037, 1000),
(1038, 1000),
(1039, 1000),
(1040, 1000),
(1041, 1000),
(1042, 1000),
(1043, 1000),
(1044, 1000),
(1045, 1000),
(1046, 1000),
(1047, 1000),
(1048, 1000),
(1049, 1000),
(1050, 1000),
(1051, 1000),
(1052, 1000),
(1053, 1000),
(1054, 1000),
(1055, 1000),
(1056, 1000),
(1057, 1000),
(1058, 1000),
(1059, 1000),
(1060, 1000),
(1061, 1000),
(1062, 1000),
(1063, 1000),
(1064, 1000),
(1065, 1000),
(1066, 1000),
(1067, 1000),
(1068, 1000),
(1069, 1000),
(1070, 1000),
(1071, 1000),
(1072, 1000),
(1073, 1000),
(1074, 1000),
(1075, 1000),
(1076, 1000),
(1077, 1000),
(1078, 1000),
(1079, 1000),
(1080, 1000),
(1081, 1000),
(1082, 1000),
(1083, 1000),
(1084, 1000),
(1085, 1000),
(1086, 1000),
(1087, 1000),
(1088, 1000),
(1089, 1000),
(1090, 1000),
(1091, 1000),
(1092, 1000),
(1093, 1000),
(1094, 1000),
(1095, 1000),
(1096, 1000),
(1097, 1000),
(1098, 1000),
(1099, 1000),
(1100, 1000),
(1101, 1000),
(1102, 1000),
(1103, 1000),
(1104, 1000),
(1105, 1000),
(1106, 1000),
(1107, 1000),
(1108, 1000),
(1109, 1000),
(1110, 1000),
(1111, 1000),
(1112, 1000),
(1113, 1000),
(1114, 1000),
(1115, 1000),
(1116, 1000),
(1117, 1000),
(1118, 1000),
(1119, 1000),
(1120, 1000),
(1121, 1000),
(1122, 1000),
(1123, 1000),
(1124, 1000),
(1125, 1000),
(1126, 1000),
(1127, 1000),
(1128, 1000),
(1129, 1000),
(1130, 1000),
(1131, 1000),
(1132, 1000),
(1133, 1000),
(1134, 1000),
(1135, 1000),
(1136, 1000),
(1137, 1000),
(1138, 1000),
(1139, 1000),
(1140, 1000),
(1141, 1000),
(1142, 1000),
(1143, 1000),
(1144, 1000),
(1145, 1000),
(1146, 1000),
(1147, 1000),
(1148, 1000),
(1149, 1000),
(1150, 1000),
(1151, 1000),
(1152, 1000),
(1153, 1000),
(1154, 1000),
(1155, 1000),
(1156, 1000),
(1157, 1000),
(1158, 1000),
(1159, 1000),
(1160, 1000),
(1161, 1000),
(1162, 1000),
(1163, 1000),
(1164, 1000),
(1165, 1000),
(1166, 1000),
(1167, 1000),
(1168, 1000),
(1169, 1000),
(1170, 1000),
(1171, 1000),
(1172, 1000),
(1173, 1000),
(1174, 1000),
(1175, 1000),
(1176, 1000),
(1177, 1000),
(1178, 1000),
(1179, 1000),
(1180, 1000),
(1181, 1000),
(1182, 1000),
(1183, 1000),
(1184, 1000),
(1185, 1000),
(1186, 1000),
(1187, 1000),
(1188, 1000),
(1189, 1000),
(1190, 1000),
(1191, 1000),
(1192, 1000),
(1193, 1000),
(1194, 1000),
(1195, 1000),
(1196, 1000),
(1197, 1000),
(1198, 1000),
(1199, 1000),
(1200, 1000),
(1201, 1000),
(1202, 1000),
(1203, 1000),
(1204, 1000),
(1205, 1000),
(1206, 1000),
(1207, 1000),
(1208, 1000),
(1209, 1000),
(1210, 1000),
(1211, 1000),
(1212, 1000),
(1213, 1000),
(1214, 1000),
(1215, 1000),
(1216, 1000),
(1217, 1000),
(1218, 1000),
(1219, 1000),
(1220, 1000),
(1221, 1000),
(1222, 1000),
(1223, 1000),
(1224, 1000),
(1225, 1000),
(1226, 1000),
(1227, 1000),
(1228, 1000),
(1229, 1000),
(1230, 1000),
(1231, 1000),
(1232, 1000),
(1233, 1000),
(1234, 1000),
(1235, 1000),
(1236, 1000),
(1237, 1000),
(1238, 1000),
(1239, 1000),
(1240, 1000),
(1241, 1000),
(1242, 1000),
(1243, 1000),
(1244, 1000),
(1245, 1000),
(1246, 1000),
(1247, 1000),
(1248, 1000),
(1249, 1000),
(1250, 1000),
(1251, 1000),
(1252, 1000),
(1253, 1000),
(1254, 1000),
(1255, 1000),
(1256, 1000),
(1257, 1000),
(1258, 1000),
(1259, 1000),
(1260, 1000),
(1261, 1000),
(1262, 1000),
(1263, 1000),
(1264, 1000),
(1265, 1000),
(1266, 1000),
(1267, 1000),
(1268, 1000),
(1269, 1000),
(1270, 1000),
(1271, 1000),
(1272, 1000),
(1273, 1000),
(1274, 1000),
(1275, 1000),
(1276, 1000),
(1277, 1000),
(1278, 1000),
(1279, 1000),
(1280, 1000),
(1281, 1000),
(1282, 1000),
(1283, 1000),
(1284, 1000),
(1285, 1000),
(1286, 1000),
(1287, 1000),
(1288, 1000),
(1289, 1000),
(1290, 1000),
(1291, 1000),
(1292, 1000),
(1293, 1000),
(1294, 1000),
(1295, 1000),
(1296, 1000),
(1297, 1000),
(1298, 1000),
(1299, 1000),
(1300, 1000),
(1301, 1000),
(1302, 1000),
(1303, 1000),
(1304, 1000),
(1305, 1000),
(1306, 1000),
(1307, 1000),
(1308, 1000),
(1309, 1000),
(1310, 1000),
(1311, 1000),
(1312, 1000),
(1313, 1000),
(1314, 1000),
(1315, 1000),
(1316, 1000),
(1317, 1000),
(1318, 1000),
(1319, 1000),
(1320, 1000),
(1321, 1000),
(1322, 1000),
(1323, 1000),
(1324, 1000),
(1325, 1000),
(1326, 1000),
(1327, 1000),
(1328, 1000),
(1329, 1000),
(1330, 1000),
(1331, 1000),
(1332, 1000),
(1333, 1000),
(1334, 1000),
(1335, 1000),
(1336, 1000),
(1337, 1000),
(1338, 1000),
(1339, 1000),
(1340, 1000),
(1341, 1000),
(1342, 1000),
(1343, 1000),
(1344, 1000),
(1345, 1000),
(1346, 1000),
(1347, 1000),
(1348, 1000),
(1349, 1000),
(1350, 1000),
(1351, 1000),
(1352, 1000),
(1353, 1000),
(1354, 1000),
(1355, 1000),
(1356, 1000),
(1357, 1000),
(1358, 1000),
(1359, 1000),
(1360, 1000),
(1361, 1000),
(1362, 1000),
(1363, 1000),
(1364, 1000),
(1365, 1000),
(1366, 1000),
(1367, 1000),
(1368, 1000),
(1369, 1000),
(1370, 1000),
(1371, 1000),
(1372, 1000),
(1373, 1000),
(1374, 1000),
(1375, 1000),
(1376, 1000),
(1377, 1000),
(1378, 1000),
(1379, 1000),
(1380, 1000),
(1381, 1000),
(1382, 1000),
(1383, 1000),
(1384, 1000),
(1385, 1000),
(1386, 1000),
(1387, 1000),
(1388, 1000),
(1389, 1000),
(1390, 1000),
(1391, 1000),
(1392, 1000),
(1393, 1000),
(1394, 1000),
(1395, 1000),
(1396, 1000),
(1397, 1000),
(1398, 1000),
(1399, 1000),
(1400, 1000),
(1401, 1000),
(1402, 1000),
(1403, 1000),
(1404, 1000),
(1405, 1000),
(1406, 1000),
(1407, 1000),
(1408, 1000),
(1409, 1000),
(1410, 1000),
(1411, 1000),
(1412, 1000),
(1413, 1000),
(1414, 1000),
(1415, 1000),
(1416, 1000),
(1417, 1000),
(1418, 1000),
(1419, 1000),
(1420, 1000),
(1421, 1000),
(1422, 1000),
(1423, 1000),
(1424, 1000),
(1425, 1000),
(1426, 1000),
(1427, 1000),
(1428, 1000),
(1429, 1000),
(1430, 1000),
(1431, 1000),
(1432, 1000),
(1433, 1000),
(1434, 1000),
(1435, 1000),
(1436, 1000),
(1437, 1000),
(1438, 1000),
(1439, 1000),
(1440, 1000),
(1441, 1000),
(1442, 1000),
(1443, 1000),
(1444, 1000),
(1445, 1000),
(1446, 1000),
(1447, 1000),
(1448, 1000),
(1449, 1000),
(1450, 1000),
(1451, 1000),
(1452, 1000),
(1453, 1000),
(1454, 1000),
(1455, 1000),
(1456, 1000),
(1457, 1000),
(1458, 1000),
(1459, 1000),
(1460, 1000),
(1461, 1000),
(1462, 1000),
(1463, 1000),
(1464, 1000),
(1465, 1000),
(1466, 1000),
(1467, 1000),
(1468, 1000),
(1469, 1000),
(1470, 1000),
(1471, 1000),
(1472, 1000),
(1473, 1000),
(1474, 1000),
(1475, 1000),
(1476, 1000),
(1477, 1000),
(1478, 1000),
(1479, 1000),
(1480, 1000),
(1481, 1000),
(1482, 1000),
(1483, 1000),
(1484, 1000),
(1485, 1000),
(1486, 1000),
(1487, 1000),
(1488, 1000),
(1489, 1000),
(1490, 1000),
(1491, 1000),
(1492, 1000),
(1493, 1000),
(1494, 1000),
(1495, 1000),
(1496, 1000),
(1497, 1000),
(1498, 1000),
(1499, 1000),
(1500, 1000),
(1501, 1000),
(1502, 1000),
(1503, 1000),
(1504, 1000),
(1505, 1000),
(1506, 1000),
(1507, 1000),
(1508, 1000),
(1509, 1000),
(1510, 1000),
(1511, 1000),
(1512, 1000),
(1513, 1000),
(1514, 1000),
(1515, 1000),
(1516, 1000),
(1517, 1000),
(1518, 1000),
(1519, 1000),
(1520, 1000),
(1521, 1000),
(1522, 1000),
(1523, 1000),
(1524, 1000),
(1525, 1000),
(1526, 1000),
(1527, 1000),
(1528, 1000),
(1529, 1000),
(1530, 1000),
(1531, 1000),
(1532, 1000),
(1533, 1000),
(1534, 1000),
(1535, 1000),
(1536, 1000),
(1537, 1000),
(1538, 1000),
(1539, 1000),
(1540, 1000),
(1541, 1000),
(1542, 1000),
(1543, 1000),
(1544, 1000),
(1545, 1000),
(1546, 1000),
(1547, 1000),
(1548, 1000),
(1549, 1000),
(1550, 1000),
(1551, 1000),
(1552, 1000),
(1553, 1000),
(1554, 1000),
(1555, 1000),
(1556, 1000),
(1557, 1000),
(1558, 1000),
(1559, 1000),
(1560, 1000),
(1561, 1000),
(1562, 1000),
(1563, 1000),
(1564, 1000),
(1565, 1000),
(1566, 1000),
(1567, 1000),
(1568, 1000),
(1569, 1000),
(1570, 1000),
(1571, 1000),
(1572, 1000),
(1573, 1000),
(1574, 1000),
(1575, 1000),
(1576, 1000),
(1577, 1000),
(1578, 1000),
(1579, 1000),
(1580, 1000),
(1581, 1000),
(1582, 1000),
(1583, 1000),
(1584, 1000),
(1585, 1000),
(1586, 1000),
(1587, 1000),
(1588, 1000),
(1589, 1000),
(1590, 1000),
(1591, 1000),
(1592, 1000),
(1593, 1000),
(1594, 1000),
(1595, 1000),
(1596, 1000),
(1597, 1000),
(1598, 1000),
(1599, 1000),
(1600, 1000),
(1601, 1000),
(1602, 1000),
(1603, 1000),
(1604, 1000),
(1605, 1000),
(1606, 1000),
(1607, 1000),
(1608, 1000),
(1609, 1000),
(1610, 1000),
(1611, 1000),
(1612, 1000),
(1613, 1000),
(1614, 1000),
(1615, 1000),
(1616, 1000),
(1617, 1000),
(1618, 1000),
(1619, 1000),
(1620, 1000),
(1621, 1000),
(1622, 1000),
(1623, 1000),
(1624, 1000),
(1625, 1000),
(1626, 1000),
(1627, 1000),
(1628, 1000),
(1629, 1000),
(1630, 1000),
(1631, 1000),
(1632, 1000),
(1633, 1000),
(1634, 1000),
(1635, 1000),
(1636, 1000),
(1637, 1000),
(1638, 1000),
(1639, 1000),
(1640, 1000),
(1641, 1000),
(1642, 1000),
(1643, 1000),
(1644, 1000),
(1645, 1000),
(1646, 1000),
(1647, 1000),
(1648, 1000),
(1649, 1000),
(1650, 1000),
(1651, 1000),
(1652, 1000),
(1653, 1000),
(1654, 1000),
(1655, 1000),
(1656, 1000),
(1657, 1000),
(1658, 1000),
(1659, 1000),
(1660, 1000),
(1661, 1000),
(1662, 1000),
(1663, 1000),
(1664, 1000),
(1665, 1000),
(1666, 1000),
(1667, 1000),
(1668, 1000),
(1669, 1000),
(1670, 1000),
(1671, 1000),
(1672, 1000),
(1673, 1000),
(1674, 1000),
(1675, 1000),
(1676, 1000),
(1677, 1000),
(1678, 1000),
(1679, 1000),
(1680, 1000),
(1681, 1000),
(1682, 1000),
(1683, 1000),
(1684, 1000),
(1685, 1000),
(1686, 1000),
(1687, 1000),
(1688, 1000),
(1689, 1000),
(1690, 1000),
(1691, 1000),
(1692, 1000),
(1693, 1000),
(1694, 1000),
(1695, 1000),
(1696, 1000),
(1697, 1000),
(1698, 1000),
(1699, 1000),
(1700, 1000),
(1701, 1000),
(1702, 1000),
(1703, 1000),
(1704, 1000),
(1705, 1000),
(1706, 1000),
(1707, 1000),
(1708, 1000),
(1709, 1000),
(1710, 1000),
(1711, 1000),
(1712, 1000),
(1713, 1000),
(1714, 1000),
(1715, 1000),
(1716, 1000),
(1717, 1000),
(1718, 1000),
(1719, 1000),
(1720, 1000),
(1721, 1000),
(1722, 1000),
(1723, 1000),
(1724, 1000),
(1725, 1000),
(1726, 1000),
(1727, 1000),
(1728, 1000),
(1729, 1000),
(1730, 1000),
(1731, 1000),
(1732, 1000),
(1733, 1000),
(1734, 1000),
(1735, 1000),
(1736, 1000),
(1737, 1000),
(1738, 1000),
(1739, 1000),
(1740, 1000),
(1741, 1000),
(1742, 1000),
(1743, 1000),
(1744, 1000),
(1745, 1000),
(1746, 1000),
(1747, 1000),
(1748, 1000),
(1749, 1000),
(1750, 1000),
(1751, 1000),
(1752, 1000),
(1753, 1000),
(1754, 1000),
(1755, 1000),
(1756, 1000),
(1757, 1000),
(1758, 1000),
(1759, 1000),
(1760, 1000),
(1761, 1000),
(1762, 1000),
(1763, 1000),
(1764, 1000),
(1765, 1000),
(1766, 1000),
(1767, 1000),
(1768, 1000),
(1769, 1000),
(1770, 1000),
(1771, 1000),
(1772, 1000),
(1773, 1000),
(1774, 1000),
(1775, 1000),
(1776, 1000),
(1777, 1000),
(1778, 1000),
(1779, 1000),
(1780, 1000),
(1781, 1000),
(1782, 1000),
(1783, 1000),
(1784, 1000),
(1785, 1000),
(1786, 1000),
(1787, 1000),
(1788, 1000),
(1789, 1000),
(1790, 1000),
(1791, 1000),
(1792, 1000),
(1793, 1000),
(1794, 1000),
(1795, 1000),
(1796, 1000),
(1797, 1000),
(1798, 1000),
(1799, 1000),
(1800, 1000),
(1801, 1000),
(1802, 1000),
(1803, 1000),
(1804, 1000),
(1805, 1000),
(1806, 1000),
(1807, 1000),
(1808, 1000),
(1809, 1000),
(1810, 1000),
(1811, 1000),
(1812, 1000),
(1813, 1000),
(1814, 1000),
(1815, 1000),
(1816, 1000),
(1817, 1000),
(1818, 1000),
(1819, 1000),
(1820, 1000),
(1821, 1000),
(1822, 1000),
(1823, 1000),
(1824, 1000),
(1825, 1000),
(1826, 1000),
(1827, 1000),
(1828, 1000),
(1829, 1000),
(1830, 1000),
(1831, 1000),
(1832, 1000),
(1833, 1000),
(1834, 1000),
(1835, 1000),
(1836, 1000),
(1837, 1000),
(1838, 1000),
(1839, 1000),
(1840, 1000),
(1841, 1000),
(1842, 1000),
(1843, 1000),
(1844, 1000),
(1845, 1000),
(1846, 1000),
(1847, 1000),
(1848, 1000),
(1849, 1000),
(1850, 1000),
(1851, 1000),
(1852, 1000),
(1853, 1000),
(1854, 1000),
(1855, 1000),
(1856, 1000),
(1857, 1000),
(1858, 1000),
(1859, 1000),
(1860, 1000),
(1861, 1000),
(1862, 1000),
(1863, 1000),
(1864, 1000),
(1865, 1000),
(1866, 1000),
(1867, 1000),
(1868, 1000),
(1869, 1000),
(1870, 1000),
(1871, 1000),
(1872, 1000),
(1873, 1000),
(1874, 1000),
(1875, 1000),
(1876, 1000),
(1877, 1000),
(1878, 1000),
(1879, 1000),
(1880, 1000),
(1881, 1000),
(1882, 1000),
(1883, 1000),
(1884, 1000),
(1885, 1000),
(1886, 1000),
(1887, 1000),
(1888, 1000),
(1889, 1000),
(1890, 1000),
(1891, 1000),
(1892, 1000),
(1893, 1000),
(1894, 1000),
(1895, 1000),
(1896, 1000),
(1897, 1000),
(1898, 1000),
(1899, 1000),
(1900, 1000),
(1901, 1000),
(1902, 1000),
(1903, 1000),
(1904, 1000),
(1905, 1000),
(1906, 1000),
(1907, 1000),
(1908, 1000),
(1909, 1000),
(1910, 1000),
(1911, 1000),
(1912, 1000),
(1913, 1000),
(1914, 1000),
(1915, 1000),
(1916, 1000),
(1917, 1000),
(1918, 1000),
(1919, 1000),
(1920, 1000),
(1921, 1000),
(1922, 1000),
(1923, 1000),
(1924, 1000),
(1925, 1000),
(1926, 1000),
(1927, 1000),
(1928, 1000),
(1929, 1000),
(1930, 1000),
(1931, 1000),
(1932, 1000),
(1933, 1000),
(1934, 1000),
(1935, 1000),
(1936, 1000),
(1937, 1000),
(1938, 1000),
(1939, 1000),
(1940, 1000),
(1941, 1000),
(1942, 1000),
(1943, 1000),
(1944, 1000),
(1945, 1000),
(1946, 1000),
(1947, 1000),
(1948, 1000),
(1949, 1000),
(1950, 1000),
(1951, 1000),
(1952, 1000),
(1953, 1000),
(1954, 1000),
(1955, 1000),
(1956, 1000),
(1957, 1000),
(1958, 1000),
(1959, 1000),
(1960, 1000),
(1961, 1000),
(1962, 1000),
(1963, 1000),
(1964, 1000),
(1965, 1000),
(1966, 1000),
(1967, 1000),
(1968, 1000),
(1969, 1000),
(1970, 1000),
(1971, 1000),
(1972, 1000),
(1973, 1000),
(1974, 1000),
(1975, 1000),
(1976, 1000),
(1977, 1000),
(1978, 1000),
(1979, 1000),
(1980, 1000),
(1981, 1000),
(1982, 1000),
(1983, 1000),
(1984, 1000),
(1985, 1000),
(1986, 1000),
(1987, 1000),
(1988, 1000),
(1989, 1000),
(1990, 1000),
(1991, 1000),
(1992, 1000),
(1993, 1000),
(1994, 1000),
(1995, 1000),
(1996, 1000),
(1997, 1000),
(1998, 1000),
(1999, 1000);

INSERT crop_cycle_pest_disease
(
    crop_cycle,
    pest_disease
)
VALUES
(2000, 1000),
(2001, 1000),
(2002, 1000),
(2003, 1000),
(2004, 1000),
(2005, 1000),
(2006, 1000),
(2007, 1000),
(2008, 1000),
(2009, 1000),
(2010, 1000),
(2011, 1000),
(2012, 1000),
(2013, 1000),
(2014, 1000),
(2015, 1000),
(2016, 1000),
(2017, 1000),
(2018, 1000),
(2019, 1000),
(2020, 1000),
(2021, 1000),
(2022, 1000),
(2023, 1000),
(2024, 1000),
(2025, 1000),
(2026, 1000),
(2027, 1000),
(2028, 1000),
(2029, 1000),
(2030, 1000),
(2031, 1000),
(2032, 1000),
(2033, 1000),
(2034, 1000),
(2035, 1000),
(2036, 1000),
(2037, 1000),
(2038, 1000),
(2039, 1000),
(2040, 1000),
(2041, 1000),
(2042, 1000),
(2043, 1000),
(2044, 1000),
(2045, 1000),
(2046, 1000),
(2047, 1000),
(2048, 1000),
(2049, 1000),
(2050, 1000),
(2051, 1000),
(2052, 1000),
(2053, 1000),
(2054, 1000),
(2055, 1000),
(2056, 1000),
(2057, 1000),
(2058, 1000),
(2059, 1000),
(2060, 1000),
(2061, 1000),
(2062, 1000),
(2063, 1000),
(2064, 1000),
(2065, 1000),
(2066, 1000),
(2067, 1000),
(2068, 1000),
(2069, 1000),
(2070, 1000),
(2071, 1000),
(2072, 1000),
(2073, 1000),
(2074, 1000),
(2075, 1000),
(2076, 1000),
(2077, 1000),
(2078, 1000),
(2079, 1000),
(2080, 1000),
(2081, 1000),
(2082, 1000),
(2083, 1000),
(2084, 1000),
(2085, 1000),
(2086, 1000),
(2087, 1000),
(2088, 1000),
(2089, 1000),
(2090, 1000),
(2091, 1000),
(2092, 1000),
(2093, 1000),
(2094, 1000),
(2095, 1000),
(2096, 1000),
(2097, 1000),
(2098, 1000),
(2099, 1000),
(2100, 1000),
(2101, 1000),
(2102, 1000),
(2103, 1000),
(2104, 1000),
(2105, 1000),
(2106, 1000),
(2107, 1000),
(2108, 1000),
(2109, 1000),
(2110, 1000),
(2111, 1000),
(2112, 1000),
(2113, 1000),
(2114, 1000),
(2115, 1000),
(2116, 1000),
(2117, 1000),
(2118, 1000),
(2119, 1000),
(2120, 1000),
(2121, 1000),
(2122, 1000),
(2123, 1000),
(2124, 1000),
(2125, 1000),
(2126, 1000),
(2127, 1000),
(2128, 1000),
(2129, 1000),
(2130, 1000),
(2131, 1000),
(2132, 1000),
(2133, 1000),
(2134, 1000),
(2135, 1000),
(2136, 1000),
(2137, 1000),
(2138, 1000),
(2139, 1000),
(2140, 1000),
(2141, 1000),
(2142, 1000),
(2143, 1000),
(2144, 1000),
(2145, 1000),
(2146, 1000),
(2147, 1000),
(2148, 1000),
(2149, 1000),
(2150, 1000),
(2151, 1000),
(2152, 1000),
(2153, 1000),
(2154, 1000),
(2155, 1000),
(2156, 1000),
(2157, 1000),
(2158, 1000),
(2159, 1000),
(2160, 1000),
(2161, 1000),
(2162, 1000),
(2163, 1000),
(2164, 1000),
(2165, 1000),
(2166, 1000),
(2167, 1000),
(2168, 1000),
(2169, 1000),
(2170, 1000),
(2171, 1000),
(2172, 1000),
(2173, 1000),
(2174, 1000),
(2175, 1000),
(2176, 1000),
(2177, 1000),
(2178, 1000),
(2179, 1000),
(2180, 1000),
(2181, 1000),
(2182, 1000),
(2183, 1000),
(2184, 1000),
(2185, 1000),
(2186, 1000),
(2187, 1000),
(2188, 1000),
(2189, 1000),
(2190, 1000),
(2191, 1000),
(2192, 1000),
(2193, 1000),
(2194, 1000),
(2195, 1000),
(2196, 1000),
(2197, 1000),
(2198, 1000),
(2199, 1000),
(2200, 1000),
(2201, 1000),
(2202, 1000),
(2203, 1000),
(2204, 1000),
(2205, 1000),
(2206, 1000),
(2207, 1000),
(2208, 1000),
(2209, 1000),
(2210, 1000),
(2211, 1000),
(2212, 1000),
(2213, 1000),
(2214, 1000),
(2215, 1000),
(2216, 1000),
(2217, 1000),
(2218, 1000),
(2219, 1000),
(2220, 1000),
(2221, 1000),
(2222, 1000),
(2223, 1000),
(2224, 1000),
(2225, 1000),
(2226, 1000),
(2227, 1000),
(2228, 1000),
(2229, 1000),
(2230, 1000),
(2231, 1000),
(2232, 1000),
(2233, 1000),
(2234, 1000),
(2235, 1000),
(2236, 1000),
(2237, 1000),
(2238, 1000),
(2239, 1000),
(2240, 1000),
(2241, 1000),
(2242, 1000),
(2243, 1000),
(2244, 1000),
(2245, 1000),
(2246, 1000),
(2247, 1000),
(2248, 1000),
(2249, 1000),
(2250, 1000),
(2251, 1000),
(2252, 1000),
(2253, 1000),
(2254, 1000),
(2255, 1000),
(2256, 1000),
(2257, 1000),
(2258, 1000),
(2259, 1000),
(2260, 1000),
(2261, 1000),
(2262, 1000),
(2263, 1000),
(2264, 1000),
(2265, 1000);

-- for market basket only
INSERT INTO crop_cycle_pest_disease (crop_cycle, pest_disease) VALUES
(1016, 1000),
(1016, 1001),
(1016, 1002),
(1017, 1003),
(1017, 1004),
(1017, 1005),
(1017, 1006),
(1018, 1000),
(1018, 1007),
(1018, 1008),
(1019, 1009),
(1019, 1010),
(1020, 1002),
(1020, 1011),
(1021, 1008),
(1021, 1012),
(1021, 1013),
(1021, 1014),
(1022, 1015),
(1023, 1002),
(1023, 1011),
(1023, 1014),
(1024, 1009),
(1024, 1010),
(1024, 1012),
(1025, 1015),
(1025, 1006),
(1025, 1007),
(1025, 1008),
(1026, 1000),
(1026, 1003),
(1026, 1005),
(1026, 1007);

INSERT environment_data
(
    crop_cycle,
    temperature_c,
    rainfall_irrigation_mm,
    humidity_perc,
    wind_speed_m_s,
    sunlight_exposure_h_day,
    update_date
)
VALUES
(1176, 30.479999542236328, 1380, 69, 1.690000057220459, 7.9499998092651367, '2024-03-17'),
(1004, 30.510000228881836, 1390, 69, 1.690000057220459, 8, '2023-10-15'),
(1100, 30.540000915527344, 1400, 69, 1.7000000476837158, 8.0500001907348633, '2024-09-24'),
(1129, 30.729999542236328, 1390, 69, 0.800000011920929, 8, '2023-09-04'),
(1182, 30.729999542236328, 1360, 68, 1.1000000238418579, 8.3000001907348633, '2023-08-14'),
(1170, 30.889999389648438, 1370, 68, 1.1100000143051148, 8.3500003814697266, '2024-11-02'),
(1105, 30.940000534057617, 1380, 68, 1.1100000143051148, 8.3999996185302734, '2024-12-03'),
(1043, 31.040000915527344, 1390, 68, 1.1200000047683716, 8.4499998092651367, '2025-01-22'),
(1234, 31.040000915527344, 1400, 68, 1.1200000047683716, 8.5, '2024-06-17'),
(1048, 31.040000915527344, 1390, 68, 0.60000002384185791, 7.8499999046325684, '2024-09-27'),
(1164, 31.040000915527344, 1400, 68, 0.61000001430511475, 7.9000000953674316, '2024-06-10'),
(1143, 31.100000381469727, 1410, 68, 0.61000001430511475, 7.9499998092651367, '2025-03-15'),
(1124, 31.159999847412109, 1420, 68, 0.62000000476837158, 8, '2025-01-17'),
(1032, 31.190000534057617, 1430, 68, 0.62000000476837158, 8.0500001907348633, '2024-04-01'),
(1024, 31.200000762939453, 1440, 68, 0.62999999523162842, 8.1000003814697266, '2024-08-13'),
(1123, 31.239999771118164, 1450, 68, 0.62999999523162842, 8.1499996185302734, '2025-01-01'),
(1013, 31.239999771118164, 1350, 68, 0.63999998569488525, 8.1999998092651367, '2023-11-30'),
(1091, 31.299999237060547, 1360, 68, 0.63999998569488525, 8.25, '2024-06-16'),
(1105, 31.3799991607666, 1370, 69, 0.64999997615814209, 8.3000001907348633, '2024-06-06'),
(1094, 30.340000152587891, 1380, 69, 0.64999997615814209, 8.3500003814697266, '2024-01-20'),
(1097, 30.479999542236328, 1390, 69, 0.6600000262260437, 8.3999996185302734, '2023-06-07'),
(1005, 30.510000228881836, 1400, 70, 0.6600000262260437, 8.4499998092651367, '2023-12-06'),
(1104, 30.540000915527344, 1410, 70, 0.67000001668930054, 8.5, '2024-06-11'),
(1226, 30.569999694824219, 1420, 70, 0.67000001668930054, 7.5, '2024-03-29'),
(1169, 30.569999694824219, 1430, 70, 0.68000000715255737, 7.5500001907348633, '2024-02-15'),
(1096, 30.600000381469727, 1440, 68, 0.68000000715255737, 7.5999999046325684, '2025-02-10'),
(1232, 30.729999542236328, 1450, 68, 0.68999999761581421, 7.6500000953674316, '2024-11-28'),
(1021, 30.889999389648438, 1350, 68, 0.68999999761581421, 7.6999998092651367, '2023-11-12'),
(1112, 30.940000534057617, 1360, 68, 0.699999988079071, 7.75, '2024-06-12'),
(1137, 31.040000915527344, 1370, 68, 0.699999988079071, 7.8000001907348633, '2024-03-04'),
(1100, 31.040000915527344, 1380, 68, 0.70999997854232788, 7.8499999046325684, '2024-07-29'),
(1047, 31.100000381469727, 1390, 68, 0.70999997854232788, 7.9000000953674316, '2024-03-07'),
(1192, 31.159999847412109, 1400, 68, 0.72000002861022949, 7.9499998092651367, '2024-07-17'),
(1051, 31.190000534057617, 1410, 68, 0.72000002861022949, 8, '2024-06-03'),
(1179, 31.200000762939453, 1420, 69, 0.73000001907348633, 8.0500001907348633, '2024-10-29'),
(1017, 31.239999771118164, 1430, 69, 0.73000001907348633, 8.1000003814697266, '2024-02-18'),
(1091, 31.239999771118164, 1440, 69, 0.74000000953674316, 8.1499996185302734, '2024-04-03'),
(1155, 31.299999237060547, 1450, 70, 0.74000000953674316, 8.1999998092651367, '2024-02-18'),
(1193, 31.3799991607666, 1350, 70, 0.75, 8.25, '2024-10-28'),
(1221, 30.340000152587891, 1360, 70, 0.75, 8.3000001907348633, '2024-09-19'),
(1163, 30.479999542236328, 1370, 70, 0.75999999046325684, 8.3500003814697266, '2024-11-05'),
(1005, 30.510000228881836, 1380, 68, 0.75999999046325684, 8.3999996185302734, '2024-08-10'),
(1114, 30.540000915527344, 1390, 68, 0.76999998092651367, 8.4499998092651367, '2024-01-28'),
(1051, 30.569999694824219, 1400, 68, 0.76999998092651367, 8.5, '2024-10-06'),
(1099, 30.569999694824219, 1410, 68, 0.77999997138977051, 7.5, '2024-08-26'),
(1256, 30.600000381469727, 1420, 68, 0.77999997138977051, 7.5500001907348633, '2024-08-07'),
(1125, 30.729999542236328, 1430, 68, 0.79000002145767212, 7.5999999046325684, '2024-07-04'),
(1003, 30.889999389648438, 1440, 68, 0.79000002145767212, 7.6500000953674316, '2023-08-25'),
(1062, 30.940000534057617, 1450, 68, 0.800000011920929, 7.6999998092651367, '2024-05-16'),
(1246, 31.040000915527344, 1350, 68, 0.800000011920929, 7.75, '2023-11-25'),
(1045, 31.040000915527344, 1360, 69, 0.81000000238418579, 7.8000001907348633, '2023-06-15'),
(1143, 31.100000381469727, 1370, 69, 0.81000000238418579, 7.8499999046325684, '2024-06-15'),
(1105, 31.159999847412109, 1380, 69, 0.81999999284744263, 7.9000000953674316, '2023-08-22'),
(1033, 31.190000534057617, 1390, 70, 0.81999999284744263, 7.9499998092651367, '2025-01-10'),
(1035, 31.200000762939453, 1400, 70, 0.82999998331069946, 8, '2024-03-21'),
(1040, 31.239999771118164, 1410, 70, 0.82999998331069946, 8.0500001907348633, '2024-11-07'),
(1066, 31.239999771118164, 1420, 70, 0.8399999737739563, 8.1000003814697266, '2024-01-30'),
(1047, 31.299999237060547, 1430, 68, 0.8399999737739563, 8.1499996185302734, '2024-12-09'),
(1182, 31.3799991607666, 1440, 68, 0.85000002384185791, 8.1999998092651367, '2024-05-17'),
(1221, 30.940000534057617, 1450, 68, 0.85000002384185791, 8.25, '2024-07-04'),
(1096, 31.040000915527344, 1350, 68, 0.86000001430511475, 8.3000001907348633, '2023-12-25'),
(1080, 31.040000915527344, 1360, 68, 0.86000001430511475, 8.3500003814697266, '2024-09-01'),
(1000, 31.100000381469727, 1370, 68, 0.87000000476837158, 8.3999996185302734, '2024-07-12'),
(1144, 31.159999847412109, 1380, 68, 0.87000000476837158, 8.4499998092651367, '2023-10-26'),
(1149, 31.190000534057617, 1390, 68, 0.87999999523162842, 8.5, '2024-12-06'),
(1010, 31.200000762939453, 1400, 68, 0.87999999523162842, 7.5, '2024-06-06'),
(1261, 31.239999771118164, 1410, 69, 0.88999998569488525, 7.5500001907348633, '2024-06-09'),
(1145, 31.239999771118164, 1420, 69, 0.88999998569488525, 7.5999999046325684, '2023-12-17'),
(1141, 31.299999237060547, 1430, 69, 0.89999997615814209, 7.6500000953674316, '2024-10-08'),
(1046, 31.3799991607666, 1440, 70, 0.89999997615814209, 7.6999998092651367, '2024-04-18'),
(1163, 30.340000152587891, 1450, 70, 0.9100000262260437, 7.75, '2024-05-03'),
(1005, 30.479999542236328, 1350, 70, 0.9100000262260437, 7.8000001907348633, '2024-02-23'),
(1205, 30.510000228881836, 1360, 70, 0.92000001668930054, 7.8499999046325684, '2024-12-17'),
(1071, 30.540000915527344, 1370, 68, 0.92000001668930054, 7.9000000953674316, '2025-01-15'),
(1112, 30.569999694824219, 1380, 68, 0.93000000715255737, 7.9499998092651367, '2024-07-12'),
(1207, 30.569999694824219, 1390, 68, 0.93000000715255737, 8, '2024-10-11'),
(1172, 30.600000381469727, 1400, 68, 0.93999999761581421, 8.0500001907348633, '2024-03-11'),
(1030, 30.729999542236328, 1410, 68, 0.93999999761581421, 8.1000003814697266, '2024-03-12'),
(1256, 30.889999389648438, 1420, 68, 0.949999988079071, 8.1499996185302734, '2024-07-10'),
(1015, 30.940000534057617, 1430, 68, 0.949999988079071, 8.1999998092651367, '2024-06-11'),
(1194, 31.040000915527344, 1440, 68, 0.95999997854232788, 8.25, '2024-02-29'),
(1016, 31.040000915527344, 1450, 68, 0.95999997854232788, 8.3000001907348633, '2024-08-28'),
(1013, 31.100000381469727, 1350, 69, 0.97000002861022949, 8.3500003814697266, '2024-02-05'),
(1087, 31.159999847412109, 1360, 69, 0.97000002861022949, 8.3999996185302734, '2023-10-26'),
(1265, 31.190000534057617, 1370, 69, 0.98000001907348633, 8.4499998092651367, '2023-12-31'),
(1066, 31.200000762939453, 1380, 70, 0.98000001907348633, 8.5, '2024-02-05'),
(1125, 31.239999771118164, 1390, 70, 0.99000000953674316, 7.5, '2024-03-16'),
(1051, 31.239999771118164, 1400, 70, 0.99000000953674316, 7.5500001907348633, '2023-09-28'),
(1121, 31.299999237060547, 1410, 70, 1, 7.5999999046325684, '2024-01-21'),
(1261, 31.3799991607666, 1420, 68, 1, 7.6500000953674316, '2023-07-15'),
(1060, 30.340000152587891, 1430, 68, 1.0099999904632568, 7.6999998092651367, '2024-01-29'),
(1205, 30.479999542236328, 1440, 68, 1.0099999904632568, 7.75, '2023-06-12'),
(1034, 30.510000228881836, 1450, 68, 1.0199999809265137, 7.8000001907348633, '2023-09-08'),
(1265, 30.540000915527344, 1350, 68, 1.0199999809265137, 7.8499999046325684, '2023-08-29'),
(1146, 30.569999694824219, 1360, 68, 1.0299999713897705, 7.9000000953674316, '2024-01-28'),
(1012, 30.569999694824219, 1370, 68, 1.0299999713897705, 7.9499998092651367, '2023-08-06'),
(1233, 30.600000381469727, 1380, 68, 1.0399999618530273, 8, '2024-04-10'),
(1136, 30.729999542236328, 1390, 68, 1.0399999618530273, 8.0500001907348633, '2023-10-21'),
(1191, 30.889999389648438, 1400, 69, 1.0499999523162842, 8.1000003814697266, '2024-01-31'),
(1017, 30.940000534057617, 1410, 69, 1.0499999523162842, 8.1499996185302734, '2023-12-05'),
(1241, 31.040000915527344, 1420, 69, 1.059999942779541, 8.1999998092651367, '2024-01-21'),
(1209, 31.040000915527344, 1430, 70, 1.059999942779541, 8.25, '2024-03-02'),
(1006, 31.100000381469727, 1440, 70, 1.0700000524520874, 8.3000001907348633, '2024-02-10'),
(1094, 31.159999847412109, 1450, 70, 1.0700000524520874, 8.3500003814697266, '2024-04-30'),
(1016, 31.190000534057617, 1350, 70, 1.0800000429153442, 8.3999996185302734, '2023-10-24'),
(1066, 31.200000762939453, 1360, 68, 1.0800000429153442, 8.4499998092651367, '2024-03-26'),
(1029, 31.239999771118164, 1370, 68, 1.0900000333786011, 8.5, '2024-04-05'),
(1168, 31.239999771118164, 1380, 68, 1.0900000333786011, 7.5, '2023-08-20'),
(1189, 31.299999237060547, 1390, 68, 1.1000000238418579, 7.5500001907348633, '2023-08-05'),
(1245, 31.3799991607666, 1400, 68, 1.1000000238418579, 7.5999999046325684, '2023-06-10'),
(1210, 30.340000152587891, 1410, 68, 1.1100000143051148, 7.6500000953674316, '2023-07-11'),
(1177, 30.479999542236328, 1420, 68, 1.1100000143051148, 7.6999998092651367, '2024-05-16'),
(1085, 30.510000228881836, 1430, 68, 1.1200000047683716, 7.75, '2024-05-14'),
(1185, 30.540000915527344, 1440, 68, 1.1200000047683716, 7.8000001907348633, '2023-09-04'),
(1162, 30.569999694824219, 1450, 69, 1.1299999952316284, 7.8499999046325684, '2023-11-12'),
(1151, 30.569999694824219, 1350, 69, 1.1299999952316284, 7.9000000953674316, '2023-12-30'),
(1122, 30.600000381469727, 1360, 69, 1.1399999856948853, 7.9499998092651367, '2023-08-11'),
(1203, 30.729999542236328, 1370, 70, 1.1399999856948853, 8, '2023-11-19'),
(1154, 30.889999389648438, 1380, 70, 1.1499999761581421, 8.0500001907348633, '2024-02-18'),
(1110, 30.940000534057617, 1390, 70, 1.1499999761581421, 8.1000003814697266, '2023-06-07'),
(1200, 31.040000915527344, 1400, 70, 1.1599999666213989, 8.1499996185302734, '2023-09-12'),
(1214, 31.040000915527344, 1410, 68, 1.1599999666213989, 8.1999998092651367, '2024-02-05'),
(1117, 31.100000381469727, 1420, 68, 1.1699999570846558, 8.25, '2023-10-29'),
(1067, 31.159999847412109, 1430, 68, 1.1699999570846558, 8.3000001907348633, '2024-05-01'),
(1196, 31.190000534057617, 1440, 68, 1.1799999475479126, 8.3500003814697266, '2023-12-26'),
(1157, 31.200000762939453, 1450, 68, 1.1799999475479126, 8.3999996185302734, '2023-05-26'),
(1144, 31.239999771118164, 1350, 68, 1.190000057220459, 8.4499998092651367, '2024-04-15'),
(1258, 31.239999771118164, 1360, 68, 1.190000057220459, 8.5, '2023-10-18'),
(1158, 31.299999237060547, 1370, 68, 1.2000000476837158, 7.5, '2023-08-07'),
(1096, 31.3799991607666, 1380, 68, 1.2000000476837158, 7.5500001907348633, '2023-10-20'),
(1031, 30.340000152587891, 1390, 68, 1.2100000381469727, 7.5999999046325684, '2024-04-23'),
(1066, 30.479999542236328, 1400, 68, 1.2100000381469727, 7.6500000953674316, '2023-11-28'),
(1065, 30.510000228881836, 1410, 68, 1.2200000286102295, 7.6999998092651367, '2024-04-28'),
(1122, 30.540000915527344, 1420, 68, 1.2200000286102295, 7.75, '2023-10-22'),
(1249, 30.569999694824219, 1430, 68, 1.2300000190734863, 7.8000001907348633, '2024-03-27'),
(1109, 30.569999694824219, 1440, 69, 1.2300000190734863, 7.8499999046325684, '2024-04-24'),
(1250, 30.600000381469727, 1450, 69, 1.2400000095367432, 7.9000000953674316, '2023-12-02'),
(1190, 30.729999542236328, 1350, 69, 1.2400000095367432, 7.9499998092651367, '2024-02-17'),
(1159, 30.889999389648438, 1360, 70, 1.2400000095367432, 8, '2024-02-13'),
(1263, 30.940000534057617, 1370, 70, 1.25, 8.0500001907348633, '2023-08-16'),
(1133, 31.040000915527344, 1380, 70, 1.25, 8.1000003814697266, '2024-01-05'),
(1215, 31.040000915527344, 1390, 70, 1.2599999904632568, 8.1499996185302734, '2023-09-24'),
(1164, 31.100000381469727, 1400, 68, 1.2599999904632568, 8.1999998092651367, '2023-08-26'),
(1195, 31.159999847412109, 1410, 68, 1.2699999809265137, 8.25, '2023-12-21'),
(1011, 31.190000534057617, 1420, 68, 1.2699999809265137, 8.3000001907348633, '2023-09-18'),
(1046, 31.200000762939453, 1430, 68, 1.2799999713897705, 8.3500003814697266, '2024-03-28'),
(1224, 31.239999771118164, 1440, 68, 1.2799999713897705, 8.3999996185302734, '2023-10-09'),
(1145, 31.239999771118164, 1450, 68, 1.2899999618530273, 8.4499998092651367, '2023-06-29'),
(1139, 31.299999237060547, 1350, 68, 1.2899999618530273, 8.5, '2024-03-27'),
(1000, 31.3799991607666, 1360, 68, 1.2999999523162842, 7.5, '2023-12-07'),
(1224, 30.940000534057617, 1370, 68, 1.2999999523162842, 7.5500001907348633, '2023-12-19'),
(1230, 31.040000915527344, 1380, 69, 1.309999942779541, 7.5999999046325684, '2023-12-02'),
(1146, 31.040000915527344, 1390, 69, 1.309999942779541, 7.6500000953674316, '2023-10-23'),
(1228, 31.100000381469727, 1400, 69, 1.3200000524520874, 7.6999998092651367, '2023-09-08'),
(1257, 31.159999847412109, 1410, 70, 1.3200000524520874, 7.75, '2023-10-26'),
(1195, 31.190000534057617, 1420, 70, 1.3300000429153442, 7.8000001907348633, '2023-07-25'),
(1026, 31.200000762939453, 1430, 70, 1.3300000429153442, 7.8499999046325684, '2024-02-09'),
(1193, 31.239999771118164, 1440, 70, 1.3400000333786011, 7.9000000953674316, '2023-07-15'),
(1104, 31.239999771118164, 1450, 68, 1.3400000333786011, 7.9499998092651367, '2024-03-14'),
(1146, 31.299999237060547, 1350, 68, 1.3500000238418579, 8, '2024-03-20'),
(1055, 31.3799991607666, 1360, 68, 1.3500000238418579, 8.0500001907348633, '2024-01-02'),
(1150, 30.340000152587891, 1370, 68, 1.3600000143051148, 8.1000003814697266, '2024-01-11'),
(1253, 30.479999542236328, 1380, 68, 1.3600000143051148, 8.1499996185302734, '2023-05-27'),
(1163, 30.510000228881836, 1390, 68, 1.3700000047683716, 8.1999998092651367, '2024-02-14'),
(1103, 30.540000915527344, 1400, 68, 1.3700000047683716, 8.25, '2024-04-24'),
(1193, 30.569999694824219, 1410, 68, 1.3799999952316284, 8.3000001907348633, '2024-04-30'),
(1166, 30.569999694824219, 1420, 68, 1.3799999952316284, 8.3500003814697266, '2024-01-09'),
(1091, 30.600000381469727, 1430, 69, 1.3899999856948853, 8.3999996185302734, '2023-10-21'),
(1168, 30.729999542236328, 1440, 69, 1.3899999856948853, 8.4499998092651367, '2024-03-02'),
(1236, 30.889999389648438, 1450, 69, 1.3999999761581421, 8.5, '2023-10-16'),
(1192, 30.940000534057617, 1350, 70, 1.3999999761581421, 7.5, '2023-11-28'),
(1024, 31.040000915527344, 1360, 70, 1.4099999666213989, 7.5500001907348633, '2024-03-28'),
(1250, 31.040000915527344, 1370, 70, 1.4099999666213989, 7.5999999046325684, '2024-01-16'),
(1220, 31.100000381469727, 1380, 70, 1.4199999570846558, 7.6500000953674316, '2023-11-15'),
(1196, 31.159999847412109, 1390, 68, 1.4199999570846558, 7.6999998092651367, '2024-01-17'),
(1128, 31.190000534057617, 1400, 68, 1.4299999475479126, 7.75, '2024-01-29'),
(1174, 31.200000762939453, 1410, 68, 1.4299999475479126, 7.8000001907348633, '2023-11-17'),
(1055, 31.239999771118164, 1420, 68, 1.440000057220459, 7.8499999046325684, '2024-01-01'),
(1227, 31.239999771118164, 1430, 68, 1.440000057220459, 7.9000000953674316, '2024-03-26'),
(1136, 31.299999237060547, 1440, 68, 1.4500000476837158, 7.9499998092651367, '2023-08-08'),
(1209, 31.3799991607666, 1450, 68, 1.4500000476837158, 8, '2023-11-30'),
(1006, 30.340000152587891, 1350, 68, 1.4600000381469727, 8.0500001907348633, '2023-09-08'),
(1031, 30.479999542236328, 1360, 68, 1.4600000381469727, 8.1000003814697266, '2024-01-15'),
(1137, 30.510000228881836, 1370, 69, 1.4700000286102295, 8.1499996185302734, '2023-07-13'),
(1062, 30.540000915527344, 1380, 69, 1.4700000286102295, 8.1999998092651367, '2023-06-03'),
(1215, 30.569999694824219, 1390, 69, 1.4800000190734863, 8.25, '2023-08-25'),
(1257, 30.569999694824219, 1400, 70, 1.4800000190734863, 8.3000001907348633, '2023-07-27'),
(1128, 30.600000381469727, 1410, 70, 1.4900000095367432, 8.3500003814697266, '2024-03-11'),
(1113, 30.729999542236328, 1420, 70, 1.4900000095367432, 8.3999996185302734, '2024-02-27'),
(1139, 30.889999389648438, 1430, 70, 1.5, 8.4499998092651367, '2024-03-05'),
(1245, 30.940000534057617, 1440, 68, 1.5, 8.5, '2023-07-26'),
(1139, 31.040000915527344, 1450, 68, 1.5099999904632568, 7.5, '2024-03-16'),
(1155, 31.040000915527344, 1350, 68, 1.5099999904632568, 7.5500001907348633, '2023-09-22'),
(1062, 31.100000381469727, 1360, 68, 1.5199999809265137, 7.5999999046325684, '2023-11-25'),
(1140, 31.159999847412109, 1370, 68, 1.5199999809265137, 7.6500000953674316, '2024-04-20'),
(1154, 31.190000534057617, 1380, 68, 1.5299999713897705, 7.6999998092651367, '2023-06-14'),
(1060, 31.200000762939453, 1390, 68, 1.5299999713897705, 7.75, '2023-12-06'),
(1035, 31.239999771118164, 1400, 68, 1.5399999618530273, 7.8000001907348633, '2023-08-01'),
(1108, 31.239999771118164, 1410, 68, 1.5399999618530273, 7.8499999046325684, '2024-01-19'),
(1243, 31.299999237060547, 1420, 69, 1.5499999523162842, 7.9000000953674316, '2023-12-16'),
(1207, 31.3799991607666, 1430, 69, 1.5499999523162842, 7.9499998092651367, '2023-12-18'),
(1066, 30.340000152587891, 1440, 69, 1.559999942779541, 8, '2023-11-16'),
(1047, 30.479999542236328, 1450, 70, 1.559999942779541, 8.0500001907348633, '2023-05-29'),
(1034, 30.510000228881836, 1350, 70, 1.5700000524520874, 8.1000003814697266, '2023-12-18'),
(1060, 30.540000915527344, 1360, 70, 1.5700000524520874, 8.1499996185302734, '2023-11-29'),
(1060, 30.569999694824219, 1370, 70, 1.5800000429153442, 8.1999998092651367, '2023-07-04'),
(1173, 30.569999694824219, 1380, 68, 1.5800000429153442, 8.25, '2023-11-18'),
(1062, 30.600000381469727, 1390, 68, 1.5900000333786011, 8.3000001907348633, '2024-01-07'),
(1205, 30.729999542236328, 1400, 68, 1.5900000333786011, 8.3500003814697266, '2023-09-12'),
(1068, 30.889999389648438, 1410, 68, 1.6000000238418579, 8.3999996185302734, '2023-07-25'),
(1063, 30.940000534057617, 1420, 68, 1.6000000238418579, 8.4499998092651367, '2023-12-25'),
(1257, 31.040000915527344, 1430, 68, 1.6100000143051148, 8.5, '2023-07-30'),
(1149, 31.040000915527344, 1440, 68, 1.6100000143051148, 7.5, '2023-10-06'),
(1048, 31.100000381469727, 1450, 68, 1.6200000047683716, 7.5500001907348633, '2024-03-08'),
(1210, 31.159999847412109, 1350, 68, 1.6200000047683716, 7.5999999046325684, '2023-07-13'),
(1091, 31.190000534057617, 1360, 69, 1.6299999952316284, 7.6500000953674316, '2023-06-14'),
(1225, 31.200000762939453, 1370, 69, 1.6299999952316284, 7.6999998092651367, '2023-05-31'),
(1171, 31.239999771118164, 1380, 69, 1.6399999856948853, 7.75, '2023-07-05'),
(1128, 31.239999771118164, 1390, 70, 1.6399999856948853, 7.8000001907348633, '2024-01-31'),
(1248, 31.299999237060547, 1400, 70, 1.6499999761581421, 7.8499999046325684, '2024-04-26'),
(1006, 31.3799991607666, 1410, 70, 1.6499999761581421, 7.9000000953674316, '2023-09-17'),
(1158, 30.340000152587891, 1420, 70, 1.6599999666213989, 7.9499998092651367, '2024-04-02'),
(1154, 30.479999542236328, 1430, 68, 1.6599999666213989, 8, '2024-04-15'),
(1105, 30.510000228881836, 1440, 68, 1.6699999570846558, 8.0500001907348633, '2024-03-31'),
(1039, 30.540000915527344, 1450, 68, 1.6699999570846558, 8.1000003814697266, '2023-11-03'),
(1187, 30.569999694824219, 1350, 68, 1.6799999475479126, 8.1499996185302734, '2024-03-26'),
(1206, 30.569999694824219, 1360, 68, 1.6799999475479126, 8.1999998092651367, '2024-01-29'),
(1044, 30.600000381469727, 1370, 68, 1.690000057220459, 8.25, '2023-11-26'),
(1223, 30.729999542236328, 1380, 68, 1.690000057220459, 8.3000001907348633, '2023-12-28'),
(1266, 30.889999389648438, 1390, 68, 1.7000000476837158, 8.3500003814697266, '2024-01-04'),
(1106, 30.940000534057617, 1400, 68, 1.7000000476837158, 8.3999996185302734, '2023-10-18'),
(1177, 31.040000915527344, 1410, 69, 1.7100000381469727, 8.4499998092651367, '2024-01-27'),
(1187, 30.340000152587891, 1400, 68, 0.75, 7.9000000953674316, '2023-10-15'),
(1012, 30.600000381469727, 1380, 69, 0.800000011920929, 7.9499998092651367, '2024-05-14'),
(1136, 30.889999389648438, 1400, 70, 0.81000000238418579, 8.0500001907348633, '2023-11-12'),
(1005, 31.3799991607666, 1390, 68, 0.75, 7.8499999046325684, '2024-04-10'),
(1171, 30.479999542236328, 1410, 68, 0.75999999046325684, 7.9499998092651367, '2024-04-27'),
(1253, 30.569999694824219, 1370, 69, 0.79000002145767212, 7.9000000953674316, '2024-05-16'),
(1092, 30.940000534057617, 1410, 70, 0.81000000238418579, 8.1000003814697266, '2023-12-30'),
(1011, 31.040000915527344, 1420, 69, 1.7100000381469727, 8.5, '2023-11-05'),
(1261, 31.299999237060547, 1380, 68, 0.74000000953674316, 7.8000001907348633, '2024-04-16'),
(1190, 30.510000228881836, 1420, 68, 0.75999999046325684, 8, '2024-07-06'),
(1030, 31.100000381469727, 1430, 69, 1.7200000286102295, 7.5, '2023-09-29'),
(1127, 31.239999771118164, 1370, 68, 0.74000000953674316, 7.75, '2025-03-23'),
(1034, 30.540000915527344, 1430, 68, 0.76999998092651367, 8.0500001907348633, '2025-02-26'),
(1218, 30.569999694824219, 1360, 68, 0.79000002145767212, 7.8499999046325684, '2023-07-11'),
(1199, 31.040000915527344, 1420, 70, 0.81999999284744263, 8.1499996185302734, '2023-08-11'),
(1099, 31.159999847412109, 1440, 70, 1.7200000286102295, 7.5500001907348633, '2024-02-13'),
(1225, 31.100000381469727, 1400, 68, 1.7400000095367432, 7.5, '2025-01-20'),
(1208, 31.159999847412109, 1410, 68, 1.7400000095367432, 7.5500001907348633, '2025-01-10'),
(1129, 31.190000534057617, 1420, 68, 1.6499999761581421, 7.5999999046325684, '2024-04-20'),
(1020, 31.200000762939453, 1430, 68, 1.6599999666213989, 7.6500000953674316, '2024-02-22'),
(1026, 31.239999771118164, 1440, 68, 1.6599999666213989, 7.6999998092651367, '2024-05-19'),
(1238, 31.239999771118164, 1450, 68, 1.6699999570846558, 7.75, '2023-09-21'),
(1055, 31.299999237060547, 1350, 68, 1.6699999570846558, 7.8000001907348633, '2024-05-05'),
(1180, 31.3799991607666, 1360, 68, 1.6799999475479126, 7.8499999046325684, '2024-06-16'),
(1041, 30.340000152587891, 1370, 68, 1.6799999475479126, 7.9000000953674316, '2024-06-25'),
(1176, 31.239999771118164, 1360, 68, 0.73000001907348633, 7.6999998092651367, '2025-02-15'),
(1156, 30.569999694824219, 1440, 68, 0.76999998092651367, 8.1000003814697266, '2024-05-24'),
(1070, 30.540000915527344, 1350, 68, 0.77999997138977051, 7.8000001907348633, '2023-06-10'),
(1004, 31.040000915527344, 1430, 70, 0.81999999284744263, 8.1999998092651367, '2023-11-19'),
(1153, 31.190000534057617, 1450, 70, 1.7300000190734863, 7.5999999046325684, '2024-04-26'),
(1062, 31.200000762939453, 1350, 70, 0.73000001907348633, 7.6500000953674316, '2024-04-05'),
(1111, 30.569999694824219, 1450, 69, 0.77999997138977051, 8.1499996185302734, '2024-09-07'),
(1005, 31.200000762939453, 1350, 70, 1.7300000190734863, 7.6500000953674316, '2023-08-05'),
(1261, 30.510000228881836, 1450, 68, 0.77999997138977051, 7.75, '2023-08-05'),
(1033, 31.100000381469727, 1440, 68, 0.82999998331069946, 8.25, '2024-02-18'),
(1238, 31.239999771118164, 1360, 70, 1.7400000095367432, 7.6999998092651367, '2023-07-04'),
(1144, 31.190000534057617, 1340, 70, 0.72000002861022949, 7.5999999046325684, '2024-05-07'),
(1017, 30.600000381469727, 1460, 69, 0.77999997138977051, 8.1999998092651367, '2024-12-26'),
(1198, 30.569999694824219, 1410, 70, 1.7000000476837158, 8.1000003814697266, '2024-06-23'),
(1209, 30.569999694824219, 1420, 70, 1.7100000381469727, 8.1499996185302734, '2024-09-25'),
(1076, 30.600000381469727, 1430, 70, 1.7100000381469727, 8.1999998092651367, '2024-08-02'),
(1242, 30.729999542236328, 1440, 70, 1.7200000286102295, 8.25, '2024-09-13'),
(1079, 30.479999542236328, 1440, 68, 0.76999998092651367, 7.6999998092651367, '2023-08-20'),
(1033, 31.159999847412109, 1450, 68, 0.82999998331069946, 8.3000001907348633, '2023-06-07'),
(1107, 31.239999771118164, 1370, 68, 1.7400000095367432, 7.75, '2023-08-16'),
(1041, 31.159999847412109, 1330, 70, 0.72000002861022949, 7.5500001907348633, '2024-06-27'),
(1258, 30.729999542236328, 1470, 69, 0.79000002145767212, 8.25, '2023-11-13'),
(1037, 31.299999237060547, 1380, 68, 1.75, 7.8000001907348633, '2023-08-06'),
(1041, 30.340000152587891, 1430, 68, 0.76999998092651367, 7.6500000953674316, '2024-04-05'),
(1021, 31.190000534057617, 1350, 68, 0.8399999737739563, 8.3500003814697266, '2023-09-12'),
(1219, 31.100000381469727, 1320, 70, 0.70999997854232788, 7.5, '2024-10-31'),
(1131, 30.889999389648438, 1480, 70, 0.79000002145767212, 8.3000001907348633, '2024-05-05'),
(1129, 31.3799991607666, 1390, 68, 1.75, 7.8499999046325684, '2023-06-19'),
(1153, 30.340000152587891, 1400, 70, 1.0700000524520874, 7.9499998092651367, '2023-09-28'),
(1111, 30.479999542236328, 1410, 70, 1.0700000524520874, 8, '2024-03-12'),
(1018, 30.510000228881836, 1420, 70, 1.0800000429153442, 8.0500001907348633, '2023-09-19'),
(1121, 30.540000915527344, 1430, 68, 1.0800000429153442, 8.1000003814697266, '2024-03-21'),
(1083, 30.569999694824219, 1440, 68, 1.0900000333786011, 8.1499996185302734, '2023-12-01'),
(1091, 30.569999694824219, 1450, 68, 1.0900000333786011, 8.1999998092651367, '2023-07-14'),
(1245, 30.600000381469727, 1350, 68, 1.1000000238418579, 8.25, '2024-05-29'),
(1010, 31.100000381469727, 1410, 69, 1.1299999952316284, 7.5, '2024-07-27'),
(1254, 31.159999847412109, 1420, 69, 1.1299999952316284, 7.5500001907348633, '2024-05-16'),
(1110, 31.190000534057617, 1430, 69, 1.1399999856948853, 7.5999999046325684, '2024-01-12'),
(1130, 31.200000762939453, 1440, 70, 1.1399999856948853, 7.6500000953674316, '2024-12-11'),
(1265, 31.239999771118164, 1450, 70, 1.1499999761581421, 7.6999998092651367, '2024-01-04'),
(1050, 31.239999771118164, 1350, 70, 1.1499999761581421, 7.75, '2024-11-03'),
(1180, 31.299999237060547, 1360, 70, 1.1599999666213989, 7.8000001907348633, '2024-06-24'),
(1241, 31.3799991607666, 1370, 68, 1.1599999666213989, 7.8499999046325684, '2024-09-22'),
(1134, 31.3799991607666, 1420, 68, 0.75999999046325684, 7.5999999046325684, '2024-03-26'),
(1049, 31.200000762939453, 1360, 68, 0.8399999737739563, 8.3999996185302734, '2024-02-05'),
(1178, 30.940000534057617, 1400, 68, 1.7599999904632568, 7.9000000953674316, '2023-09-23'),
(1089, 31.040000915527344, 1310, 69, 0.70999997854232788, 8.5, '2024-04-20'),
(1162, 30.940000534057617, 1490, 70, 0.800000011920929, 8.3500003814697266, '2025-01-02'),
(1246, 30.889999389648438, 1360, 67, 1.7200000286102295, 8.3500003814697266, '2024-01-21'),
(1252, 30.940000534057617, 1370, 67, 1.7200000286102295, 8.3999996185302734, '2024-07-05'),
(1054, 31.040000915527344, 1380, 67, 1.7300000190734863, 8.4499998092651367, '2024-10-13'),
(1252, 31.040000915527344, 1390, 67, 1.7300000190734863, 8.5, '2023-12-31'),
(1216, 31.040000915527344, 1410, 68, 1.7599999904632568, 7.9499998092651367, '2024-01-08'),
(1072, 31.299999237060547, 1410, 68, 0.75999999046325684, 7.5500001907348633, '2023-10-24'),
(1075, 31.239999771118164, 1370, 68, 0.85000002384185791, 8.4499998092651367, '2023-10-29'),
(1121, 31.040000915527344, 1300, 69, 0.699999988079071, 8.4499998092651367, '2024-08-17'),
(1050, 31.040000915527344, 1500, 70, 0.800000011920929, 8.3999996185302734, '2024-05-08'),
(1058, 31.040000915527344, 1420, 68, 1.7699999809265137, 8, '2024-02-12'),
(1250, 31.239999771118164, 1400, 68, 0.75, 7.5, '2024-04-30'),
(1224, 31.239999771118164, 1380, 68, 0.85000002384185791, 8.5, '2024-05-01'),
(1143, 31.100000381469727, 1430, 68, 1.7699999809265137, 8.0500001907348633, '2023-09-01'),
(1086, 30.940000534057617, 1290, 69, 0.699999988079071, 8.3999996185302734, '2024-07-10'),
(1050, 31.040000915527344, 1510, 70, 0.81000000238418579, 8.4499998092651367, '2024-03-04'),
(1014, 31.159999847412109, 1440, 68, 1.7799999713897705, 8.1000003814697266, '2023-09-20'),
(1237, 30.889999389648438, 1450, 71, 1.7200000286102295, 8.3000001907348633, '2024-05-20'),
(1016, 30.940000534057617, 1350, 71, 1.7300000190734863, 8.3500003814697266, '2024-09-27'),
(1083, 31.040000915527344, 1360, 71, 1.7300000190734863, 8.3999996185302734, '2024-07-17'),
(1230, 31.040000915527344, 1370, 71, 1.7400000095367432, 8.4499998092651367, '2024-10-04'),
(1212, 31.100000381469727, 1380, 71, 1.7400000095367432, 8.5, '2023-10-02'),
(1132, 31.159999847412109, 1390, 71, 1.6499999761581421, 7.5, '2024-12-14'),
(1196, 31.190000534057617, 1400, 71, 1.6599999666213989, 7.5500001907348633, '2024-04-05'),
(1123, 31.200000762939453, 1410, 71, 1.6599999666213989, 7.5999999046325684, '2024-11-20'),
(1180, 30.889999389648438, 1280, 68, 0.68999999761581421, 8.3500003814697266, '2024-05-11'),
(1173, 31.100000381469727, 1520, 68, 0.81000000238418579, 8.5, '2024-09-08'),
(1217, 31.239999771118164, 1390, 68, 0.75, 7.4499998092651367, '2024-02-10'),
(1048, 31.299999237060547, 1390, 68, 0.86000001430511475, 8.5500001907348633, '2023-12-26'),
(1065, 30.139999389648438, 1360, 69, 1.0499999523162842, 7.75, '2024-09-23'),
(1160, 30.209999084472656, 1370, 69, 1.0499999523162842, 7.8000001907348633, '2024-02-19'),
(1205, 30.239999771118164, 1380, 69, 1.059999942779541, 7.8499999046325684, '2024-11-20'),
(1191, 30.239999771118164, 1390, 70, 1.059999942779541, 7.9000000953674316, '2024-12-31'),
(1179, 31.190000534057617, 1450, 68, 1.7799999713897705, 8.1499996185302734, '2023-12-06'),
(1097, 30.729999542236328, 1270, 68, 0.68999999761581421, 8.3000001907348633, '2024-05-11'),
(1130, 31.159999847412109, 1530, 68, 0.81999999284744263, 7.5, '2023-11-27'),
(1015, 31.200000762939453, 1380, 70, 0.74000000953674316, 7.4000000953674316, '2024-03-02'),
(1129, 31.3799991607666, 1400, 68, 0.86000001430511475, 8.6000003814697266, '2023-05-26'),
(1251, 31.200000762939453, 1350, 68, 1.7899999618530273, 8.1999998092651367, '2023-07-10'),
(1045, 31.239999771118164, 1360, 68, 1.7899999618530273, 8.25, '2024-04-25'),
(1167, 30.600000381469727, 1260, 68, 0.68000000715255737, 8.25, '2023-08-20'),
(1216, 31.190000534057617, 1540, 68, 0.81999999284744263, 7.5500001907348633, '2024-11-23'),
(1000, 31.190000534057617, 1370, 70, 0.74000000953674316, 7.3499999046325684, '2024-01-21'),
(1256, 30.340000152587891, 1410, 68, 0.87000000476837158, 8.6499996185302734, '2024-04-15'),
(1159, 30.510000228881836, 1410, 66, 1.690000057220459, 8.0500001907348633, '2024-05-06'),
(1135, 30.540000915527344, 1420, 66, 1.690000057220459, 8.1000003814697266, '2024-04-14'),
(1182, 30.569999694824219, 1430, 66, 1.7000000476837158, 8.1499996185302734, '2024-03-26'),
(1015, 30.569999694824219, 1440, 66, 1.7000000476837158, 8.1999998092651367, '2024-12-17'),
(1117, 30.600000381469727, 1450, 66, 1.7100000381469727, 8.25, '2024-10-20'),
(1191, 30.729999542236328, 1350, 66, 1.7100000381469727, 8.3000001907348633, '2025-01-20'),
(1139, 31.239999771118164, 1370, 68, 1.7999999523162842, 8.3000001907348633, '2024-02-22'),
(1038, 30.110000610351562, 1350, 68, 1.0399999618530273, 7.6999998092651367, '2024-08-13'),
(1201, 31.719999313354492, 1380, 68, 1.1699999570846558, 7.9000000953674316, '2024-04-10'),
(1110, 30.569999694824219, 1250, 68, 0.68000000715255737, 8.1999998092651367, '2024-12-21'),
(1061, 31.200000762939453, 1550, 68, 0.82999998331069946, 7.5999999046325684, '2024-12-20'),
(1242, 31.159999847412109, 1360, 70, 0.73000001907348633, 7.3000001907348633, '2023-12-05'),
(1122, 30.479999542236328, 1420, 68, 0.87000000476837158, 8.6999998092651367, '2023-10-18'),
(1193, 31.299999237060547, 1380, 68, 1.7999999523162842, 8.3500003814697266, '2023-08-15'),
(1233, 30.569999694824219, 1240, 68, 0.67000001668930054, 8.1499996185302734, '2023-12-15'),
(1164, 31.239999771118164, 1560, 68, 0.82999998331069946, 7.6500000953674316, '2023-09-10'),
(1097, 31.3799991607666, 1390, 68, 1.809999942779541, 8.4499998092651367, '2024-01-13'),
(1046, 31.100000381469727, 1350, 70, 0.73000001907348633, 7.25, '2024-01-31'),
(1125, 30.510000228881836, 1430, 68, 0.87999999523162842, 8.75, '2023-08-07'),
(1049, 30.340000152587891, 1400, 69, 1.809999942779541, 8.5, '2024-05-06'),
(1187, 30.540000915527344, 1230, 68, 0.67000001668930054, 8.1000003814697266, '2024-07-28'),
(1074, 31.239999771118164, 1570, 68, 0.8399999737739563, 7.6999998092651367, '2024-05-03'),
(1183, 31.239999771118164, 1420, 72, 1.6699999570846558, 7.6500000953674316, '2024-02-01'),
(1150, 31.239999771118164, 1430, 72, 1.6699999570846558, 7.6999998092651367, '2023-06-15'),
(1044, 31.299999237060547, 1440, 72, 1.6799999475479126, 7.75, '2024-02-29'),
(1195, 31.3799991607666, 1450, 72, 1.6799999475479126, 7.8000001907348633, '2024-09-02'),
(1195, 30.340000152587891, 1350, 72, 1.690000057220459, 7.8499999046325684, '2024-10-13'),
(1143, 30.479999542236328, 1360, 72, 1.690000057220459, 7.9000000953674316, '2024-01-21'),
(1228, 29.889999389648438, 1450, 68, 1.0399999618530273, 7.6500000953674316, '2024-10-17'),
(1114, 31.850000381469727, 1390, 68, 1.1699999570846558, 7.9499998092651367, '2024-12-12'),
(1188, 31.040000915527344, 1450, 69, 0.72000002861022949, 7.1999998092651367, '2023-10-21'),
(1247, 30.540000915527344, 1440, 68, 0.87999999523162842, 8.8000001907348633, '2023-10-20'),
(1178, 30.479999542236328, 1410, 69, 1.8200000524520874, 7.5, '2023-05-28'),
(1123, 30.510000228881836, 1220, 68, 0.6600000262260437, 8.0500001907348633, '2024-03-18'),
(1054, 31.299999237060547, 1580, 68, 0.8399999737739563, 7.75, '2024-05-06'),
(1079, 30.510000228881836, 1420, 69, 1.8200000524520874, 7.5500001907348633, '2023-12-26'),
(1052, 31.040000915527344, 1440, 69, 0.72000002861022949, 7.1500000953674316, '2024-04-10'),
(1228, 30.569999694824219, 1450, 68, 0.88999998569488525, 8.8500003814697266, '2024-04-23'),
(1080, 30.479999542236328, 1210, 68, 0.6600000262260437, 8, '2024-11-11'),
(1221, 31.3799991607666, 1590, 68, 0.85000002384185791, 7.8000001907348633, '2024-04-14'),
(1010, 30.540000915527344, 1430, 70, 1.8300000429153442, 7.5999999046325684, '2023-07-24'),
(1170, 29.75, 1440, 68, 1.0299999713897705, 7.5999999046325684, '2024-01-21'),
(1052, 31.889999389648438, 1400, 68, 1.1799999475479126, 8, '2024-06-24'),
(1209, 31.959999084472656, 1410, 68, 1.1799999475479126, 8.0500001907348633, '2023-11-17'),
(1029, 30.940000534057617, 1430, 69, 0.70999997854232788, 7.0999999046325684, '2023-08-06'),
(1161, 30.569999694824219, 1350, 68, 0.88999998569488525, 8.8999996185302734, '2023-11-28'),
(1149, 30.569999694824219, 1440, 70, 1.8300000429153442, 7.6500000953674316, '2023-06-24'),
(1009, 31.299999237060547, 1370, 65, 1.6699999570846558, 7.8499999046325684, '2024-11-23'),
(1213, 31.3799991607666, 1380, 65, 1.6699999570846558, 7.9000000953674316, '2024-12-20'),
(1225, 30.340000152587891, 1390, 65, 1.6799999475479126, 7.9499998092651367, '2023-09-10'),
(1119, 30.479999542236328, 1400, 65, 1.6799999475479126, 8, '2024-05-03'),
(1135, 30.340000152587891, 1200, 68, 0.64999997615814209, 7.9499998092651367, '2023-08-27'),
(1226, 30.340000152587891, 1600, 68, 0.85000002384185791, 7.8499999046325684, '2024-03-26'),
(1175, 30.569999694824219, 1450, 70, 1.8400000333786011, 7.6999998092651367, '2023-06-02'),
(1037, 31.3799991607666, 1420, 68, 0.70999997854232788, 7.0500001907348633, '2024-01-28'),
(1205, 30.600000381469727, 1360, 69, 0.89999997615814209, 8.9499998092651367, '2024-04-28'),
(1251, 31.3799991607666, 1190, 70, 0.64999997615814209, 7.9000000953674316, '2025-01-01'),
(1028, 30.479999542236328, 1610, 69, 0.86000001430511475, 7.9000000953674316, '2024-12-17'),
(1196, 30.600000381469727, 1350, 70, 1.8400000333786011, 7.75, '2023-09-19'),
(1259, 29.680000305175781, 1420, 68, 1.0199999809265137, 7.5, '2023-12-08'),
(1082, 29.729999542236328, 1430, 68, 1.0299999713897705, 7.5500001907348633, '2025-03-12'),
(1183, 32.040000915527344, 1420, 68, 1.190000057220459, 8.1000003814697266, '2024-08-05'),
(1208, 31.299999237060547, 1410, 68, 0.699999988079071, 7, '2023-08-29'),
(1201, 30.729999542236328, 1370, 69, 0.89999997615814209, 9, '2023-10-22'),
(1028, 31.299999237060547, 1180, 70, 0.63999998569488525, 7.8499999046325684, '2023-12-27'),
(1179, 30.510000228881836, 1620, 69, 0.86000001430511475, 7.9499998092651367, '2024-10-20'),
(1266, 30.729999542236328, 1360, 68, 1.8500000238418579, 7.8000001907348633, '2024-03-11'),
(1052, 30.510000228881836, 1370, 73, 1.7000000476837158, 7.9499998092651367, '2024-10-13'),
(1129, 30.540000915527344, 1380, 73, 1.7000000476837158, 8, '2024-11-19'),
(1079, 30.569999694824219, 1390, 73, 1.7100000381469727, 8.0500001907348633, '2023-10-22'),
(1026, 30.889999389648438, 1370, 68, 1.8500000238418579, 7.8499999046325684, '2024-03-25'),
(1182, 31.239999771118164, 1170, 70, 0.63999998569488525, 7.8000001907348633, '2024-08-13'),
(1068, 30.540000915527344, 1630, 69, 0.87000000476837158, 8, '2025-01-20'),
(1235, 29.569999694824219, 1410, 68, 1.0199999809265137, 8.5, '2023-10-22'),
(1158, 32.139999389648438, 1430, 68, 1.190000057220459, 8.1499996185302734, '2024-05-25'),
(1132, 31.239999771118164, 1400, 68, 0.699999988079071, 6.9499998092651367, '2023-09-08'),
(1153, 30.889999389648438, 1380, 69, 0.9100000262260437, 9.0500001907348633, '2024-03-27'),
(1145, 30.940000534057617, 1380, 68, 1.8600000143051148, 7.9000000953674316, '2024-01-27'),
(1048, 31.239999771118164, 1160, 70, 0.62999999523162842, 7.75, '2024-02-05'),
(1192, 30.569999694824219, 1640, 70, 0.87000000476837158, 8.0500001907348633, '2024-01-21'),
(1067, 31.239999771118164, 1390, 68, 0.68999999761581421, 6.9000000953674316, '2023-06-12'),
(1148, 30.940000534057617, 1390, 70, 0.9100000262260437, 9.1000003814697266, '2024-04-24'),
(1078, 31.040000915527344, 1390, 68, 1.8600000143051148, 7.9499998092651367, '2024-05-04'),
(1016, 29.469999313354492, 1390, 68, 1.0099999904632568, 8.3999996185302734, '2024-10-13'),
(1038, 29.469999313354492, 1400, 68, 1.0099999904632568, 8.4499998092651367, '2024-11-19'),
(1132, 32.2599983215332, 1440, 68, 1.2000000476837158, 8.1999998092651367, '2024-01-19'),
(1076, 31.040000915527344, 1400, 68, 1.8700000047683716, 8, '2024-02-14'),
(1163, 31.200000762939453, 1150, 69, 0.62999999523162842, 7.6999998092651367, '2023-12-31'),
(1095, 30.569999694824219, 1650, 70, 0.87999999523162842, 8.1000003814697266, '2024-07-05'),
(1153, 31.200000762939453, 1380, 68, 0.68999999761581421, 6.8499999046325684, '2024-01-29'),
(1175, 31.040000915527344, 1400, 70, 0.92000001668930054, 9.1499996185302734, '2023-12-02'),
(1082, 31.159999847412109, 1430, 64, 1.7400000095367432, 7.5999999046325684, '2025-01-02'),
(1086, 31.190000534057617, 1440, 64, 1.7400000095367432, 7.6500000953674316, '2024-05-08'),
(1069, 31.200000762939453, 1450, 64, 1.6499999761581421, 7.6999998092651367, '2024-03-04'),
(1032, 31.239999771118164, 1350, 64, 1.6599999666213989, 7.75, '2024-09-08'),
(1065, 31.239999771118164, 1360, 64, 1.6599999666213989, 7.8000001907348633, '2023-11-27'),
(1153, 31.100000381469727, 1410, 68, 1.8700000047683716, 8.0500001907348633, '2023-08-09'),
(1009, 31.190000534057617, 1140, 69, 0.62000000476837158, 7.6500000953674316, '2023-10-26'),
(1048, 30.600000381469727, 1660, 70, 0.87999999523162842, 8.1499996185302734, '2024-10-13'),
(1104, 29.360000610351562, 1450, 70, 0.98000001907348633, 8.1499996185302734, '2023-06-15'),
(1173, 29.3799991607666, 1350, 70, 0.99000000953674316, 8.1999998092651367, '2024-02-29'),
(1222, 29.389999389648438, 1360, 70, 0.99000000953674316, 8.25, '2024-09-02'),
(1127, 29.389999389648438, 1370, 70, 1, 8.3000001907348633, '2024-10-13'),
(1198, 29.409999847412109, 1380, 68, 1, 8.3500003814697266, '2024-01-21'),
(1255, 32.290000915527344, 1450, 68, 1.2000000476837158, 8.25, '2024-02-08'),
(1211, 31.190000534057617, 1370, 68, 0.68000000715255737, 6.8000001907348633, '2023-07-15'),
(1200, 31.040000915527344, 1410, 70, 0.92000001668930054, 9.1999998092651367, '2024-02-17'),
(1013, 31.159999847412109, 1420, 68, 1.8799999952316284, 8.1000003814697266, '2023-12-10'),
(1160, 31.159999847412109, 1130, 69, 0.62000000476837158, 7.5999999046325684, '2024-02-05'),
(1224, 30.729999542236328, 1670, 70, 0.88999998569488525, 8.1999998092651367, '2023-12-31'),
(1008, 31.190000534057617, 1430, 68, 1.8799999952316284, 8.1499996185302734, '2023-10-08'),
(1163, 31.159999847412109, 1360, 68, 0.68000000715255737, 6.75, '2024-01-21'),
(1218, 31.100000381469727, 1420, 70, 0.93000000715255737, 9.25, '2024-02-13'),
(1002, 29.290000915527344, 1430, 69, 0.97000002861022949, 8.0500001907348633, '2024-11-20'),
(1207, 29.329999923706055, 1440, 69, 0.98000001907348633, 8.1000003814697266, '2024-02-01'),
(1205, 32.360000610351562, 1350, 69, 1.2100000381469727, 8.3000001907348633, '2024-12-23'),
(1045, 32.360000610351562, 1360, 69, 1.2100000381469727, 8.3500003814697266, '2023-11-19'),
(1075, 32.400001525878906, 1370, 69, 1.2200000286102295, 8.3999996185302734, '2024-01-25'),
(1060, 32.409999847412109, 1380, 70, 1.2200000286102295, 8.4499998092651367, '2024-03-19'),
(1203, 32.419998168945312, 1390, 70, 1.2300000190734863, 8.5, '2023-12-01'),
(1175, 30.569999694824219, 1400, 74, 1.7100000381469727, 8.1000003814697266, '2023-12-08'),
(1253, 30.600000381469727, 1410, 74, 1.7200000286102295, 8.1499996185302734, '2025-03-12'),
(1159, 30.729999542236328, 1420, 74, 1.7200000286102295, 8.1999998092651367, '2024-01-21'),
(1264, 30.889999389648438, 1430, 74, 1.7300000190734863, 8.25, '2024-10-17'),
(1150, 30.940000534057617, 1440, 74, 1.7300000190734863, 8.3000001907348633, '2024-08-13'),
(1116, 31.200000762939453, 1440, 68, 1.8899999856948853, 8.1999998092651367, '2024-01-26'),
(1252, 31.100000381469727, 1120, 68, 0.61000001430511475, 7.5500001907348633, '2024-08-28'),
(1054, 30.889999389648438, 1680, 70, 0.88999998569488525, 8.25, '2025-01-20'),
(1172, 31.100000381469727, 1350, 68, 0.67000001668930054, 6.6999998092651367, '2023-09-28'),
(1147, 31.159999847412109, 1430, 68, 0.93000000715255737, 9.3000001907348633, '2023-08-16'),
(1023, 31.239999771118164, 1450, 69, 1.8899999856948853, 8.25, '2024-03-05'),
(1074, 31.040000915527344, 1110, 68, 0.61000001430511475, 7.5, '2024-02-29'),
(1099, 30.940000534057617, 1690, 70, 0.89999997615814209, 8.3000001907348633, '2025-01-10'),
(1141, 29.200000762939453, 1400, 68, 0.95999997854232788, 7.9000000953674316, '2023-10-02'),
(1151, 29.219999313354492, 1410, 68, 0.95999997854232788, 7.9499998092651367, '2024-12-14'),
(1019, 29.239999771118164, 1420, 69, 0.97000002861022949, 8, '2024-04-05'),
(1047, 32.4900016784668, 1400, 70, 1.2300000190734863, 7.5, '2024-09-01'),
(1101, 31.239999771118164, 1350, 69, 1.8999999761581421, 8.3000001907348633, '2023-09-22'),
(1020, 31.040000915527344, 1450, 68, 0.67000001668930054, 6.6500000953674316, '2024-03-16'),
(1132, 31.190000534057617, 1440, 68, 0.93999999761581421, 9.3500003814697266, '2024-01-05'),
(1192, 31.040000915527344, 1100, 68, 0.60000002384185791, 8.5, '2024-06-11'),
(1066, 31.040000915527344, 1700, 70, 0.89999997615814209, 8.3500003814697266, '2024-04-20'),
(1027, 31.299999237060547, 1360, 69, 1.8999999761581421, 8.3500003814697266, '2023-07-26'),
(1007, 31.040000915527344, 1400, 63, 1.7200000286102295, 8.5, '2024-12-26'),
(1066, 31.040000915527344, 1410, 63, 1.7300000190734863, 7.5, '2023-11-13'),
(1187, 31.100000381469727, 1420, 63, 1.7300000190734863, 7.5500001907348633, '2024-05-05'),
(1084, 31.040000915527344, 1440, 70, 0.6600000262260437, 6.5999999046325684, '2023-06-07'),
(1115, 31.200000762939453, 1450, 68, 0.93999999761581421, 9.3999996185302734, '2023-09-24'),
(1117, 31.3799991607666, 1370, 70, 1.9099999666213989, 8.3999996185302734, '2024-02-12'),
(1199, 30.940000534057617, 1090, 68, 1.7400000095367432, 8.4499998092651367, '2024-07-10'),
(1191, 31.040000915527344, 1710, 68, 0.9100000262260437, 8.3999996185302734, '2024-02-22'),
(1141, 30.340000152587891, 1380, 70, 1.9099999666213989, 8.4499998092651367, '2023-10-04'),
(1185, 30.940000534057617, 1430, 70, 0.6600000262260437, 6.5500001907348633, '2023-09-10'),
(1119, 31.239999771118164, 1350, 68, 0.949999988079071, 9.4499998092651367, '2023-08-26'),
(1084, 32.619998931884766, 1410, 70, 1.2400000095367432, 7.5500001907348633, '2024-06-28'),
(1063, 30.889999389648438, 1080, 68, 1.7400000095367432, 8.3999996185302734, '2024-03-12'),
(1135, 31.100000381469727, 1720, 68, 0.9100000262260437, 8.4499998092651367, '2024-05-19'),
(1045, 30.479999542236328, 1390, 70, 1.9199999570846558, 8.5, '2023-11-14'),
(1079, 30.889999389648438, 1420, 70, 0.64999997615814209, 6.5, '2023-10-24'),
(1177, 31.239999771118164, 1360, 68, 0.949999988079071, 9.5, '2023-12-21'),
(1213, 30.729999542236328, 1070, 68, 1.7300000190734863, 8.3500003814697266, '2024-03-11'),
(1217, 31.159999847412109, 1730, 68, 0.92000001668930054, 8.5, '2023-09-21'),
(1252, 30.510000228881836, 1400, 70, 1.9199999570846558, 7.5, '2024-01-11'),
(1238, 28.979999542236328, 1380, 68, 0.949999988079071, 7.8000001907348633, '2024-07-17'),
(1087, 29.010000228881836, 1390, 68, 0.949999988079071, 7.8499999046325684, '2024-10-04'),
(1089, 32.669998168945312, 1420, 68, 1.2400000095367432, 7.5999999046325684, '2024-01-20'),
(1090, 31.040000915527344, 1450, 75, 1.7400000095367432, 8.3500003814697266, '2024-09-23'),
(1183, 31.040000915527344, 1350, 75, 1.7400000095367432, 8.3999996185302734, '2024-02-19'),
(1022, 31.100000381469727, 1360, 75, 1.6499999761581421, 8.4499998092651367, '2024-11-20'),
(1077, 30.540000915527344, 1410, 68, 1.9299999475479126, 7.5500001907348633, '2024-05-15'),
(1139, 30.600000381469727, 1060, 68, 1.7300000190734863, 8.3000001907348633, '2024-10-11'),
(1239, 31.190000534057617, 1740, 68, 0.92000001668930054, 7.5, '2024-05-05'),
(1099, 30.729999542236328, 1410, 70, 0.64999997615814209, 6.4499998092651367, '2023-07-21'),
(1219, 31.299999237060547, 1370, 68, 0.95999997854232788, 9.5500001907348633, '2023-09-18'),
(1165, 28.940000534057617, 1370, 68, 0.93999999761581421, 7.75, '2024-09-27'),
(1109, 30.569999694824219, 1420, 68, 1.9299999475479126, 7.5999999046325684, '2024-01-21'),
(1165, 30.569999694824219, 1050, 68, 1.7200000286102295, 8.25, '2024-07-12'),
(1021, 31.200000762939453, 1750, 68, 0.93000000715255737, 7.5500001907348633, '2024-06-16'),
(1115, 30.600000381469727, 1400, 69, 0.63999998569488525, 6.4000000953674316, '2023-10-05'),
(1152, 31.3799991607666, 1380, 68, 0.95999997854232788, 9.6000003814697266, '2024-03-28'),
(1242, 30.569999694824219, 1430, 68, 1.940000057220459, 7.6500000953674316, '2024-02-26'),
(1095, 28.850000381469727, 1360, 68, 0.93999999761581421, 7.6999998092651367, '2024-05-20'),
(1022, 31.159999847412109, 1430, 62, 1.6799999475479126, 8.1000003814697266, '2024-04-16'),
(1113, 31.190000534057617, 1440, 62, 1.690000057220459, 8.1499996185302734, '2024-04-10'),
(1261, 31.200000762939453, 1450, 62, 1.690000057220459, 8.1999998092651367, '2023-10-15'),
(1009, 31.239999771118164, 1350, 62, 1.7000000476837158, 8.25, '2024-04-27'),
(1232, 31.239999771118164, 1360, 62, 1.7000000476837158, 8.3000001907348633, '2024-07-06'),
(1081, 31.299999237060547, 1370, 62, 1.7100000381469727, 8.3500003814697266, '2025-02-26'),
(1094, 31.3799991607666, 1380, 62, 1.7100000381469727, 8.3999996185302734, '2024-05-24'),
(1152, 30.940000534057617, 1390, 62, 1.7200000286102295, 8.4499998092651367, '2024-09-07'),
(1079, 30.600000381469727, 1440, 68, 1.940000057220459, 7.6999998092651367, '2024-05-05'),
(1173, 30.569999694824219, 1040, 68, 1.7200000286102295, 8.1999998092651367, '2025-01-15'),
(1135, 31.239999771118164, 1760, 68, 0.93000000715255737, 7.5999999046325684, '2024-06-25'),
(1032, 30.569999694824219, 1390, 69, 0.63999998569488525, 6.3499999046325684, '2023-12-21'),
(1164, 30.340000152587891, 1390, 68, 0.97000002861022949, 9.6499996185302734, '2023-10-09'),
(1055, 30.729999542236328, 1450, 68, 1.9500000476837158, 7.75, '2023-11-30'),
(1137, 28.770000457763672, 1440, 68, 0.92000001668930054, 7.5500001907348633, '2024-09-25'),
(1106, 28.780000686645508, 1450, 68, 0.93000000715255737, 7.5999999046325684, '2024-08-02'),
(1033, 28.790000915527344, 1350, 68, 0.93000000715255737, 7.6500000953674316, '2024-09-13'),
(1056, 30.540000915527344, 1030, 70, 1.7100000381469727, 8.1499996185302734, '2024-12-17'),
(1132, 31.239999771118164, 1770, 68, 0.93999999761581421, 7.6500000953674316, '2024-03-17'),
(1119, 30.569999694824219, 1380, 69, 0.62999999523162842, 6.3000001907348633, '2024-05-03'),
(1016, 30.479999542236328, 1400, 68, 0.97000002861022949, 9.6999998092651367, '2023-06-29'),
(1004, 30.889999389648438, 1350, 68, 1.9500000476837158, 7.8000001907348633, '2024-02-01'),
(1165, 30.510000228881836, 1020, 70, 1.7100000381469727, 8.1000003814697266, '2024-02-23'),
(1027, 31.299999237060547, 1780, 68, 0.93999999761581421, 7.6999998092651367, '2023-10-15'),
(1241, 28.700000762939453, 1420, 70, 0.9100000262260437, 8.5, '2024-09-24'),
(1174, 28.729999542236328, 1430, 70, 0.92000001668930054, 7.5, '2024-06-23'),
(1104, 32.970001220703125, 1430, 68, 1.2400000095367432, 7.6500000953674316, '2023-07-13'),
(1014, 32.970001220703125, 1440, 68, 1.25, 7.6999998092651367, '2024-02-18'),
(1185, 30.940000534057617, 1360, 68, 1.9600000381469727, 7.8499999046325684, '2023-10-01'),
(1186, 30.540000915527344, 1370, 68, 0.62999999523162842, 6.25, '2024-02-26'),
(1138, 30.510000228881836, 1410, 69, 0.98000001907348633, 9.75, '2024-03-27'),
(1076, 31.159999847412109, 1370, 76, 1.6599999666213989, 8.5, '2024-12-31'),
(1176, 31.190000534057617, 1380, 76, 1.6599999666213989, 7.5, '2023-09-28'),
(1108, 31.040000915527344, 1370, 68, 1.9600000381469727, 7.9000000953674316, '2024-03-28'),
(1147, 30.479999542236328, 1010, 70, 1.7000000476837158, 8.0500001907348633, '2024-05-03'),
(1197, 31.3799991607666, 1790, 68, 0.949999988079071, 7.75, '2024-09-24'),
(1126, 33.029998779296875, 1450, 68, 1.25, 7.75, '2024-05-19'),
(1207, 33.049999237060547, 1440, 68, 1.2599999904632568, 7.8000001907348633, '2024-02-23'),
(1112, 30.510000228881836, 1360, 68, 0.62000000476837158, 6.1999998092651367, '2023-09-08'),
(1033, 30.540000915527344, 1420, 69, 0.98000001907348633, 9.8000001907348633, '2023-12-07'),
(1114, 31.040000915527344, 1380, 68, 1.9700000286102295, 7.9499998092651367, '2023-07-22'),
(1216, 30.340000152587891, 1000, 70, 1.7000000476837158, 8, '2024-04-18'),
(1165, 30.340000152587891, 1800, 69, 0.949999988079071, 7.8000001907348633, '2024-06-23'),
(1228, 31.100000381469727, 1390, 69, 1.9700000286102295, 8, '2023-07-05'),
(1141, 30.479999542236328, 1350, 68, 0.62000000476837158, 6.1500000953674316, '2023-07-11'),
(1101, 30.569999694824219, 1430, 69, 0.99000000953674316, 9.8500003814697266, '2023-12-19'),
(1220, 31.3799991607666, 990, 69, 1.690000057220459, 7.9499998092651367, '2024-10-08'),
(1095, 30.479999542236328, 1810, 69, 0.95999997854232788, 7.8499999046325684, '2024-09-25'),
(1114, 31.159999847412109, 1400, 69, 1.9800000190734863, 8.0500001907348633, '2024-02-26'),
(1013, 30.889999389648438, 1380, 61, 1.6599999666213989, 7.8499999046325684, '2024-06-27'),
(1168, 30.940000534057617, 1390, 61, 1.6599999666213989, 7.9000000953674316, '2024-05-07'),
(1140, 31.040000915527344, 1400, 61, 1.6699999570846558, 7.9499998092651367, '2024-04-05'),
(1101, 31.040000915527344, 1410, 61, 1.6699999570846558, 8, '2025-02-15'),
(1176, 31.100000381469727, 1420, 61, 1.6799999475479126, 8.0500001907348633, '2025-03-23'),
(1254, 28.510000228881836, 1390, 69, 0.89999997615814209, 8.3500003814697266, '2024-06-25'),
(1153, 28.520000457763672, 1400, 70, 0.89999997615814209, 8.3999996185302734, '2024-03-17'),
(1126, 28.520000457763672, 1410, 70, 0.9100000262260437, 8.4499998092651367, '2023-10-15'),
(1160, 33.180000305175781, 1450, 68, 1.2599999904632568, 7.8499999046325684, '2024-09-22'),
(1255, 33.189998626708984, 1350, 68, 1.2699999809265137, 7.9000000953674316, '2024-06-15'),
(1180, 33.189998626708984, 1360, 68, 1.2699999809265137, 7.9499998092651367, '2024-10-21'),
(1111, 30.340000152587891, 1450, 68, 0.61000001430511475, 6.0999999046325684, '2024-03-10'),
(1099, 30.569999694824219, 1440, 70, 0.99000000953674316, 9.8999996185302734, '2023-12-02'),
(1196, 31.190000534057617, 1410, 69, 1.9800000190734863, 7.8000001907348633, '2023-11-22'),
(1133, 31.299999237060547, 980, 69, 1.690000057220459, 7.9000000953674316, '2023-12-17'),
(1123, 30.510000228881836, 1820, 69, 0.95999997854232788, 7.9000000953674316, '2024-08-02'),
(1185, 28.479999542236328, 1380, 69, 0.88999998569488525, 8.3000001907348633, '2024-06-16'),
(1211, 33.220001220703125, 1370, 68, 1.2799999713897705, 8, '2024-07-09'),
(1261, 31.200000762939453, 1420, 70, 1.9900000095367432, 7.8499999046325684, '2023-05-27'),
(1102, 31.3799991607666, 1440, 68, 0.61000001430511475, 6.0500001907348633, '2024-04-11'),
(1194, 30.600000381469727, 1450, 70, 1, 9.9499998092651367, '2023-10-23'),
(1212, 31.239999771118164, 970, 69, 1.6799999475479126, 7.8499999046325684, '2024-06-09'),
(1099, 30.540000915527344, 1830, 70, 0.97000002861022949, 7.9499998092651367, '2024-09-13'),
(1257, 31.239999771118164, 1430, 70, 1.9900000095367432, 7.9000000953674316, '2024-04-02'),
(1265, 28.3799991607666, 1350, 68, 0.87999999523162842, 8.1499996185302734, '2024-05-19'),
(1065, 28.409999847412109, 1360, 68, 0.87999999523162842, 8.1999998092651367, '2023-09-21'),
(1190, 28.420000076293945, 1370, 69, 0.88999998569488525, 8.25, '2024-05-05'),
(1197, 31.200000762939453, 1390, 77, 1.6699999570846558, 7.5500001907348633, '2024-03-12'),
(1075, 31.239999771118164, 1400, 77, 1.6699999570846558, 7.5999999046325684, '2023-09-19'),
(1029, 31.239999771118164, 1410, 77, 1.6799999475479126, 7.6500000953674316, '2024-03-21'),
(1258, 31.299999237060547, 1430, 68, 0.60000002384185791, 6, '2024-05-18'),
(1202, 30.729999542236328, 1350, 70, 1, 10, '2023-09-08'),
(1091, 31.239999771118164, 960, 68, 1.6799999475479126, 7.8000001907348633, '2024-06-06'),
(1186, 30.569999694824219, 1840, 70, 0.97000002861022949, 8, '2024-05-20'),
(1156, 31.239999771118164, 1440, 70, 2, 7.9499998092651367, '2023-08-22'),
(1253, 33.340000152587891, 1380, 69, 1.2799999713897705, 8.0500001907348633, '2024-11-20'),
(1206, 33.380001068115234, 1390, 69, 1.2899999618530273, 8.1000003814697266, '2024-08-12'),
(1025, 31.299999237060547, 1450, 70, 2, 8, '2024-01-21'),
(1068, 31.200000762939453, 950, 68, 1.6699999570846558, 7.75, '2024-12-06'),
(1254, 30.569999694824219, 1850, 70, 0.98000001907348633, 8.0500001907348633, '2024-09-27'),
(1101, 30.889999389648438, 1360, 70, 1.0099999904632568, 10.050000190734863, '2023-10-26'),
(1177, 31.3799991607666, 1350, 68, 2.0099999904632568, 8.0500001907348633, '2024-01-19'),
(1038, 31.190000534057617, 940, 68, 1.6699999570846558, 7.6999998092651367, '2023-10-26'),
(1233, 30.600000381469727, 1860, 70, 0.98000001907348633, 8.1000003814697266, '2024-07-17'),
(1017, 30.940000534057617, 1370, 68, 1.0099999904632568, 10.100000381469727, '2023-07-25'),
(1103, 30.340000152587891, 1360, 68, 2.0099999904632568, 8.1000003814697266, '2024-01-09'),
(1137, 31.190000534057617, 1350, 60, 1.6799999475479126, 8.1999998092651367, '2025-01-01'),
(1010, 31.200000762939453, 1360, 60, 1.690000057220459, 8.25, '2023-08-27'),
(1229, 31.239999771118164, 1370, 60, 1.690000057220459, 8.3000001907348633, '2024-11-11'),
(1083, 31.239999771118164, 1380, 60, 1.7000000476837158, 8.3500003814697266, '2024-03-18'),
(1087, 31.299999237060547, 1390, 60, 1.7000000476837158, 8.3999996185302734, '2024-07-28'),
(1228, 31.3799991607666, 1400, 60, 1.7100000381469727, 8.4499998092651367, '2023-12-15'),
(1030, 30.340000152587891, 1410, 60, 1.7100000381469727, 8.5, '2024-12-21'),
(1162, 30.479999542236328, 1420, 60, 1.7200000286102295, 7.5, '2023-08-20'),
(1009, 30.510000228881836, 1430, 60, 1.7200000286102295, 7.5500001907348633, '2024-05-11'),
(1247, 30.540000915527344, 1440, 60, 1.7300000190734863, 7.5999999046325684, '2024-05-11'),
(1240, 30.569999694824219, 1450, 60, 1.7300000190734863, 7.6500000953674316, '2024-07-10'),
(1227, 30.569999694824219, 1350, 60, 1.7400000095367432, 7.6999998092651367, '2024-08-17'),
(1140, 30.600000381469727, 1360, 60, 1.7400000095367432, 7.75, '2024-04-20'),
(1261, 30.729999542236328, 1370, 60, 1.6499999761581421, 7.8000001907348633, '2024-10-31'),
(1151, 28.219999313354492, 1450, 68, 0.87000000476837158, 8.1000003814697266, '2024-02-22'),
(1051, 33.450000762939453, 1400, 69, 1.2899999618530273, 8.1499996185302734, '2024-06-14'),
(1068, 31.159999847412109, 930, 68, 1.6599999666213989, 7.6500000953674316, '2024-07-12'),
(1079, 30.729999542236328, 1870, 68, 0.99000000953674316, 8.1499996185302734, '2024-10-04'),
(1186, 30.479999542236328, 1370, 68, 2.0199999809265137, 8.1499996185302734, '2023-05-27'),
(1191, 31.040000915527344, 1380, 68, 1.0199999809265137, 10.149999618530273, '2024-02-09'),
(1156, 28.200000762939453, 1440, 68, 0.87000000476837158, 8.0500001907348633, '2024-04-20'),
(1152, 30.510000228881836, 1380, 68, 2.0199999809265137, 8.1999998092651367, '2023-12-15'),
(1051, 31.100000381469727, 920, 68, 1.6599999666213989, 7.5999999046325684, '2024-09-01'),
(1161, 30.889999389648438, 1880, 68, 0.99000000953674316, 8.1999998092651367, '2023-10-02'),
(1049, 31.040000915527344, 1390, 68, 1.0199999809265137, 10.199999809265137, '2023-07-15'),
(1086, 30.540000915527344, 1390, 68, 2.0299999713897705, 8.25, '2024-01-27'),
(1012, 33.560001373291016, 1410, 70, 1.2999999523162842, 8.1999998092651367, '2025-01-10'),
(1220, 31.040000915527344, 910, 68, 1.6499999761581421, 7.5500001907348633, '2023-12-25'),
(1121, 30.940000534057617, 1890, 70, 1, 8.25, '2024-12-14'),
(1078, 30.569999694824219, 1400, 68, 2.0299999713897705, 8.3000001907348633, '2023-08-08'),
(1243, 31.299999237060547, 1420, 78, 1.6799999475479126, 7.6999998092651367, '2023-12-01'),
(1035, 31.3799991607666, 1430, 78, 1.690000057220459, 7.75, '2023-07-14'),
(1194, 30.340000152587891, 1440, 78, 1.690000057220459, 7.8000001907348633, '2024-05-29'),
(1141, 30.479999542236328, 1450, 78, 1.7000000476837158, 7.8499999046325684, '2023-08-14'),
(1064, 30.510000228881836, 1350, 78, 1.7000000476837158, 7.9000000953674316, '2024-11-02'),
(1205, 31.100000381469727, 1400, 68, 1.0299999713897705, 10.25, '2024-03-14'),
(1244, 28.079999923706055, 1420, 68, 0.86000001430511475, 7.9499998092651367, '2025-01-20'),
(1219, 28.090000152587891, 1430, 68, 0.86000001430511475, 8, '2025-01-10'),
(1001, 33.639999389648438, 1420, 70, 1.2999999523162842, 8.25, '2024-04-12'),
(1000, 30.569999694824219, 1410, 68, 2.0399999618530273, 7.8000001907348633, '2023-11-21'),
(1128, 31.040000915527344, 900, 68, 1.6499999761581421, 7.5, '2024-07-04'),
(1157, 31.040000915527344, 1900, 70, 1, 8.3000001907348633, '2024-04-05'),
(1182, 31.159999847412109, 1410, 68, 1.0299999713897705, 10.300000190734863, '2024-03-20'),
(1239, 30.600000381469727, 1420, 68, 2.0399999618530273, 7.8499999046325684, '2024-04-12'),
(1053, 33.689998626708984, 1430, 70, 1.309999942779541, 8.3000001907348633, '2024-01-24'),
(1260, 33.709999084472656, 1440, 70, 1.309999942779541, 8.3500003814697266, '2024-11-11'),
(1072, 30.940000534057617, 890, 68, 1.6399999856948853, 8.5, '2024-05-17'),
(1206, 31.040000915527344, 1910, 70, 1.0099999904632568, 8.3500003814697266, '2024-11-20'),
(1141, 30.729999542236328, 1430, 68, 2.0499999523162842, 7.9000000953674316, '2023-10-22'),
(1040, 31.190000534057617, 1420, 68, 1.0399999618530273, 10.350000381469727, '2024-01-02'),
(1098, 27.959999084472656, 1410, 68, 0.85000002384185791, 7.9000000953674316, '2023-12-31'),
(1188, 31.040000915527344, 1430, 59, 1.6699999570846558, 8.0500001907348633, '2024-02-05'),
(1237, 31.100000381469727, 1440, 59, 1.6699999570846558, 8.1000003814697266, '2024-08-13'),
(1086, 31.159999847412109, 1450, 59, 1.6799999475479126, 8.1499996185302734, '2023-12-27'),
(1196, 30.889999389648438, 880, 68, 1.6399999856948853, 8.4499998092651367, '2024-12-09'),
(1265, 31.100000381469727, 1920, 68, 1.0099999904632568, 8.3999996185302734, '2024-02-01'),
(1039, 30.889999389648438, 1440, 69, 2.0499999523162842, 7.9499998092651367, '2023-08-29'),
(1053, 33.790000915527344, 1450, 68, 1.3200000524520874, 8.3999996185302734, '2024-03-12'),
(1229, 33.790000915527344, 1440, 68, 1.3200000524520874, 8.4499998092651367, '2024-09-04'),
(1022, 31.200000762939453, 1430, 68, 1.0399999618530273, 10.399999618530273, '2024-01-11'),
(1062, 30.940000534057617, 1450, 69, 2.059999942779541, 8, '2024-03-07'),
(1266, 30.729999542236328, 870, 70, 1.6299999952316284, 8.3999996185302734, '2024-01-30'),
(1044, 31.159999847412109, 1930, 68, 1.0199999809265137, 8.4499998092651367, '2023-06-15'),
(1068, 31.040000915527344, 1350, 69, 2.059999942779541, 8.0500001907348633, '2023-12-08'),
(1237, 33.860000610351562, 1450, 68, 1.3300000429153442, 8.5, '2024-05-26'),
(1102, 33.880001068115234, 1350, 68, 1.3300000429153442, 7.5, '2024-08-07'),
(1031, 31.239999771118164, 1440, 68, 1.0499999523162842, 10.449999809265137, '2023-05-27'),
(1109, 30.600000381469727, 860, 70, 1.6299999952316284, 8.3500003814697266, '2024-11-07'),
(1246, 31.190000534057617, 1940, 68, 1.0199999809265137, 8.5, '2024-02-29'),
(1199, 31.040000915527344, 1360, 70, 2.0699999332427979, 8.1000003814697266, '2023-07-12'),
(1171, 30.540000915527344, 1360, 79, 1.7100000381469727, 7.9499998092651367, '2024-12-03'),
(1230, 30.569999694824219, 1370, 79, 1.7100000381469727, 8, '2025-01-22'),
(1230, 30.569999694824219, 1380, 79, 1.7200000286102295, 8.0500001907348633, '2024-06-17'),
(1160, 30.600000381469727, 1390, 79, 1.7200000286102295, 8.1000003814697266, '2024-07-27'),
(1015, 30.729999542236328, 1400, 79, 1.7300000190734863, 8.1499996185302734, '2024-05-16'),
(1143, 30.889999389648438, 1410, 79, 1.7300000190734863, 8.1999998092651367, '2024-01-12'),
(1041, 27.799999237060547, 1400, 68, 0.85000002384185791, 7.8499999046325684, '2024-10-13'),
(1213, 31.239999771118164, 1450, 68, 1.0499999523162842, 10.5, '2024-02-14'),
(1048, 30.569999694824219, 850, 70, 1.6200000047683716, 8.3000001907348633, '2024-03-21'),
(1106, 31.200000762939453, 1950, 68, 1.0299999713897705, 7.5, '2024-09-02'),
(1010, 31.100000381469727, 1370, 70, 2.0699999332427979, 8.1499996185302734, '2023-09-30'),
(1061, 33.959999084472656, 1360, 68, 1.3400000333786011, 7.5500001907348633, '2024-07-02'),
(1222, 33.9900016784668, 1370, 68, 1.3400000333786011, 7.5999999046325684, '2024-07-14'),
(1221, 31.159999847412109, 1380, 70, 2.0799999237060547, 8.1999998092651367, '2024-03-09'),
(1081, 30.569999694824219, 840, 70, 1.6200000047683716, 8.25, '2025-01-10'),
(1133, 31.239999771118164, 1960, 68, 1.0299999713897705, 7.5500001907348633, '2024-10-13'),
(1120, 31.299999237060547, 1350, 69, 1.059999942779541, 10.550000190734863, '2024-04-24'),
(1225, 31.190000534057617, 1390, 70, 2.0799999237060547, 8.25, '2023-06-26'),
(1074, 27.649999618530273, 1390, 68, 0.8399999737739563, 7.8000001907348633, '2024-07-05'),
(1096, 34.040000915527344, 1380, 68, 1.3500000238418579, 7.6500000953674316, '2024-01-21'),
(1160, 30.540000915527344, 830, 69, 1.6100000143051148, 8.1999998092651367, '2023-08-22'),
(1099, 31.239999771118164, 1970, 68, 1.0399999618530273, 7.5999999046325684, '2024-01-21'),
(1068, 31.3799991607666, 1360, 69, 1.059999942779541, 10.600000381469727, '2024-04-30'),
(1154, 30.889999389648438, 1400, 58, 1.6499999761581421, 7.9000000953674316, '2024-02-05'),
(1156, 30.940000534057617, 1410, 58, 1.6599999666213989, 7.9499998092651367, '2023-10-26'),
(1230, 31.040000915527344, 1420, 58, 1.6599999666213989, 8, '2023-12-31'),
(1173, 31.200000762939453, 1400, 68, 2.0899999141693115, 8.3000001907348633, '2023-12-21'),
(1223, 27.6200008392334, 1380, 70, 0.8399999737739563, 7.75, '2024-01-21'),
(1071, 34.080001831054688, 1390, 68, 1.3500000238418579, 7.6999998092651367, '2023-09-24'),
(1075, 34.090000152587891, 1400, 68, 1.3600000143051148, 7.75, '2024-02-20'),
(1212, 30.510000228881836, 820, 69, 1.6100000143051148, 8.1499996185302734, '2024-06-15'),
(1192, 31.299999237060547, 1980, 68, 1.0399999618530273, 7.6500000953674316, '2024-10-13'),
(1059, 31.239999771118164, 1410, 68, 2.0899999141693115, 8, '2024-01-02'),
(1001, 30.340000152587891, 1370, 69, 1.0700000524520874, 10.649999618530273, '2024-01-09'),
(1243, 34.139999389648438, 1410, 69, 1.3600000143051148, 7.8000001907348633, '2024-03-07'),
(1009, 31.239999771118164, 1420, 68, 2.0999999046325684, 8.0500001907348633, '2024-01-18'),
(1179, 30.479999542236328, 810, 69, 1.6000000238418579, 8.1000003814697266, '2023-06-15'),
(1021, 31.3799991607666, 1990, 68, 1.0499999523162842, 7.6999998092651367, '2024-11-19'),
(1169, 30.479999542236328, 1380, 70, 1.0700000524520874, 10.699999809265137, '2023-10-21'),
(1110, 27.530000686645508, 1370, 70, 0.82999998331069946, 7.6999998092651367, '2025-01-20'),
(1201, 30.940000534057617, 1420, 80, 1.7400000095367432, 8.25, '2024-12-11'),
(1126, 31.040000915527344, 1430, 80, 1.7400000095367432, 8.3000001907348633, '2024-01-04'),
(1174, 31.040000915527344, 1440, 80, 1.6499999761581421, 8.3500003814697266, '2024-11-03'),
(1050, 31.100000381469727, 1450, 80, 1.6599999666213989, 8.3999996185302734, '2024-06-24'),
(1199, 31.159999847412109, 1350, 80, 1.6599999666213989, 8.4499998092651367, '2024-09-22'),
(1062, 30.340000152587891, 800, 68, 1.6000000238418579, 8.0500001907348633, '2023-11-25'),
(1079, 30.940000534057617, 2000, 68, 1.0499999523162842, 7.75, '2023-10-22'),
(1117, 30.510000228881836, 1390, 70, 1.0800000429153442, 10.75, '2024-03-02'),
(1154, 31.040000915527344, 2010, 69, 1.059999942779541, 7.8000001907348633, '2023-12-08'),
(1020, 27.389999389648438, 1360, 70, 0.82999998331069946, 7.6500000953674316, '2024-10-20'),
(1008, 34.279998779296875, 1420, 69, 1.3700000047683716, 7.8499999046325684, '2024-05-31'),
(1007, 30.540000915527344, 1400, 70, 1.0800000429153442, 10.800000190734863, '2023-10-16'),
(1122, 31.040000915527344, 2020, 69, 1.059999942779541, 7.8499999046325684, '2025-03-12'),
(1044, 27.329999923706055, 1440, 69, 0.81000000238418579, 7.5, '2024-04-14'),
(1074, 27.340000152587891, 1450, 69, 0.81999999284744263, 7.5500001907348633, '2024-03-26'),
(1060, 27.340000152587891, 1350, 70, 0.81999999284744263, 7.5999999046325684, '2024-12-17'),
(1095, 30.569999694824219, 1360, 57, 1.6299999952316284, 7.6999998092651367, '2024-07-10'),
(1173, 30.569999694824219, 1370, 57, 1.6399999856948853, 7.75, '2024-06-11'),
(1238, 30.600000381469727, 1380, 57, 1.6399999856948853, 7.8000001907348633, '2024-02-29'),
(1228, 30.729999542236328, 1390, 57, 1.6499999761581421, 7.8499999046325684, '2024-08-28'),
(1128, 30.569999694824219, 1410, 70, 1.0900000333786011, 10.850000381469727, '2023-11-28'),
(1258, 31.100000381469727, 2030, 69, 1.0700000524520874, 7.9000000953674316, '2024-01-21'),
(1128, 27.270000457763672, 1420, 68, 0.800000011920929, 8.4499998092651367, '2024-05-03'),
(1247, 27.309999465942383, 1430, 69, 0.81000000238418579, 8.5, '2024-05-06'),
(1076, 30.569999694824219, 1420, 68, 1.0900000333786011, 10.899999618530273, '2024-03-28'),
(1223, 31.159999847412109, 2040, 70, 1.0700000524520874, 7.9499998092651367, '2024-10-17'),
(1214, 27.239999771118164, 1410, 68, 0.800000011920929, 8.3999996185302734, '2023-09-10'),
(1090, 30.600000381469727, 1430, 68, 1.1000000238418579, 10.949999809265137, '2024-01-16'),
(1039, 31.190000534057617, 2050, 70, 1.0800000429153442, 8, '2024-08-13'),
(1142, 34.520000457763672, 1430, 69, 1.3700000047683716, 7.9000000953674316, '2024-04-02'),
(1024, 31.190000534057617, 1360, 81, 1.6699999570846558, 8.5, '2024-04-10'),
(1060, 31.200000762939453, 1370, 81, 1.6699999570846558, 7.5, '2024-12-12'),
(1100, 31.239999771118164, 1380, 81, 1.6799999475479126, 7.5500001907348633, '2024-06-24'),
(1086, 30.729999542236328, 1440, 68, 1.1000000238418579, 11, '2023-11-15'),
(1163, 31.200000762939453, 2060, 70, 1.0800000429153442, 8.0500001907348633, '2024-09-23'),
(1216, 27.110000610351562, 1380, 68, 0.77999997138977051, 8.25, '2023-11-27'),
(1134, 27.139999389648438, 1390, 68, 0.79000002145767212, 8.3000001907348633, '2024-11-23'),
(1141, 27.149999618530273, 1400, 68, 0.79000002145767212, 8.3500003814697266, '2024-12-20'),
(1145, 34.569999694824219, 1440, 70, 1.3799999952316284, 7.9499998092651367, '2024-03-16'),
(1234, 31.239999771118164, 2070, 70, 1.0900000333786011, 8.1000003814697266, '2024-02-19'),
(1247, 30.889999389648438, 1450, 68, 1.1100000143051148, 11.050000190734863, '2024-01-17'),
(1197, 27.049999237060547, 1370, 68, 0.77999997138977051, 8.1999998092651367, '2024-09-08'),
(1079, 34.630001068115234, 1450, 70, 1.3799999952316284, 8, '2024-12-07'),
(1186, 31.239999771118164, 1390, 56, 1.7400000095367432, 8.3500003814697266, '2024-05-03'),
(1040, 31.239999771118164, 1400, 56, 1.7400000095367432, 8.3999996185302734, '2024-02-23'),
(1056, 31.299999237060547, 1410, 56, 1.6000000238418579, 8.4499998092651367, '2024-12-17'),
(1239, 31.3799991607666, 1420, 56, 1.6100000143051148, 8.5, '2025-01-15'),
(1208, 30.340000152587891, 1430, 56, 1.6100000143051148, 7.5, '2024-07-12'),
(1246, 30.479999542236328, 1440, 56, 1.6200000047683716, 7.5500001907348633, '2024-10-11'),
(1164, 30.510000228881836, 1450, 56, 1.6200000047683716, 7.5999999046325684, '2024-03-11'),
(1214, 30.540000915527344, 1350, 56, 1.6299999952316284, 7.6500000953674316, '2024-03-12'),
(1199, 31.239999771118164, 2080, 68, 1.0900000333786011, 8.1499996185302734, '2024-11-20'),
(1035, 34.659999847412109, 1440, 70, 1.3899999856948853, 8.0500001907348633, '2024-05-17'),
(1181, 34.700000762939453, 1450, 70, 1.3899999856948853, 8.1000003814697266, '2024-07-28'),
(1038, 30.940000534057617, 1350, 68, 1.1100000143051148, 11.100000381469727, '2024-01-29'),
(1123, 31.299999237060547, 2090, 68, 1.1000000238418579, 8.1999998092651367, '2024-12-31'),
(1065, 34.720001220703125, 1350, 68, 1.3999999761581421, 8.1499996185302734, '2024-09-27'),
(1233, 31.040000915527344, 1360, 68, 1.1200000047683716, 11.149999618530273, '2023-11-17'),
(1201, 26.930000305175781, 1360, 68, 0.76999998092651367, 8.1499996185302734, '2024-03-04'),
(1099, 31.3799991607666, 2100, 70, 1.1000000238418579, 8.25, '2023-09-28'),
(1065, 31.040000915527344, 1370, 68, 1.1200000047683716, 11.199999809265137, '2024-01-01'),
(1152, 31.239999771118164, 1390, 82, 1.6799999475479126, 7.5999999046325684, '2023-11-17'),
(1111, 31.299999237060547, 1400, 82, 1.690000057220459, 7.6500000953674316, '2024-08-05'),
(1167, 31.3799991607666, 1410, 82, 1.690000057220459, 7.6999998092651367, '2024-05-25'),
(1017, 30.340000152587891, 2110, 70, 1.1100000143051148, 8.3000001907348633, '2024-03-12'),
(1177, 31.100000381469727, 1380, 68, 1.1299999952316284, 11.25, '2024-03-26'),
(1079, 26.790000915527344, 1440, 70, 0.75999999046325684, 8, '2024-05-05'),
(1054, 26.799999237060547, 1450, 68, 0.75999999046325684, 8.0500001907348633, '2025-01-02'),
(1221, 26.809999465942383, 1350, 68, 0.76999998092651367, 8.1000003814697266, '2024-05-08'),
(1193, 34.909999847412109, 1360, 68, 1.3999999761581421, 8.1999998092651367, '2024-06-10'),
(1086, 34.919998168945312, 1370, 68, 1.4099999666213989, 8.25, '2025-03-15'),
(1192, 30.479999542236328, 2120, 70, 1.1100000143051148, 8.3500003814697266, '2023-09-19'),
(1152, 31.159999847412109, 1390, 68, 1.1299999952316284, 11.300000190734863, '2023-08-08'),
(1164, 26.739999771118164, 1420, 70, 0.75, 7.9000000953674316, '2024-12-26'),
(1034, 26.760000228881836, 1430, 70, 0.75, 7.9499998092651367, '2023-11-13'),
(1069, 30.510000228881836, 2130, 68, 1.1200000047683716, 8.3999996185302734, '2024-03-21'),
(1087, 30.600000381469727, 1400, 55, 1.690000057220459, 7.8499999046325684, '2023-12-25'),
(1150, 30.729999542236328, 1410, 55, 1.690000057220459, 7.9000000953674316, '2024-09-01'),
(1157, 30.889999389648438, 1420, 55, 1.7000000476837158, 7.9499998092651367, '2024-07-12'),
(1076, 30.940000534057617, 1430, 55, 1.7000000476837158, 8, '2023-10-26'),
(1157, 31.040000915527344, 1440, 55, 1.7100000381469727, 8.0500001907348633, '2024-12-06'),
(1114, 31.040000915527344, 1450, 55, 1.7100000381469727, 8.1000003814697266, '2024-06-06'),
(1213, 31.100000381469727, 1350, 55, 1.7200000286102295, 8.1499996185302734, '2024-06-09'),
(1026, 31.159999847412109, 1360, 55, 1.7200000286102295, 8.1999998092651367, '2023-12-17'),
(1236, 31.190000534057617, 1370, 55, 1.7300000190734863, 8.25, '2024-10-08'),
(1083, 31.200000762939453, 1380, 55, 1.7300000190734863, 8.3000001907348633, '2024-04-18'),
(1219, 31.190000534057617, 1400, 69, 1.1399999856948853, 11.350000381469727, '2023-11-30'),
(1164, 26.719999313354492, 1410, 70, 0.74000000953674316, 7.8499999046325684, '2024-09-07'),
(1101, 30.540000915527344, 2140, 68, 1.1200000047683716, 8.4499998092651367, '2023-12-01'),
(1081, 31.200000762939453, 1410, 69, 1.1399999856948853, 11.399999618530273, '2023-09-08'),
(1173, 35.040000915527344, 1380, 68, 1.4099999666213989, 8.3000001907348633, '2025-01-17'),
(1118, 35.049999237060547, 1390, 68, 1.4199999570846558, 8.3500003814697266, '2024-04-01'),
(1242, 35.060001373291016, 1400, 68, 1.4199999570846558, 8.3999996185302734, '2024-08-13'),
(1195, 35.060001373291016, 1410, 68, 1.4299999475479126, 8.4499998092651367, '2025-01-01'),
(1085, 35.069999694824219, 1420, 68, 1.4299999475479126, 8.5, '2023-11-30'),
(1066, 35.069999694824219, 1430, 68, 1.440000057220459, 7.5, '2024-06-16'),
(1127, 30.569999694824219, 2150, 68, 1.1299999952316284, 8.5, '2023-07-14'),
(1126, 31.239999771118164, 1420, 69, 1.1499999761581421, 11.449999809265137, '2024-01-15'),
(1210, 31.239999771118164, 1430, 70, 1.1499999761581421, 11.5, '2023-07-13'),
(1051, 31.299999237060547, 1440, 70, 1.1599999666213989, 11.550000190734863, '2023-06-03'),
(1040, 31.3799991607666, 1450, 70, 1.1599999666213989, 11.600000381469727, '2023-08-25'),
(1193, 30.940000534057617, 1350, 70, 1.1699999570846558, 11.649999618530273, '2023-07-27'),
(1110, 31.040000915527344, 1360, 68, 1.1699999570846558, 11.699999809265137, '2024-03-11'),
(1232, 31.040000915527344, 1370, 68, 1.1799999475479126, 11.75, '2024-02-27'),
(1003, 31.100000381469727, 1380, 68, 1.1799999475479126, 11.800000190734863, '2024-03-05'),
(1257, 31.159999847412109, 1390, 68, 1.190000057220459, 11.850000381469727, '2023-07-26'),
(1219, 31.190000534057617, 1400, 68, 1.190000057220459, 11.899999618530273, '2024-03-16'),
(1228, 31.200000762939453, 1410, 68, 1.2000000476837158, 11.949999809265137, '2023-09-22'),
(1070, 31.239999771118164, 1420, 68, 1.2000000476837158, 12, '2023-11-25'),
(1048, 31.239999771118164, 1430, 68, 1.2100000381469727, 12.050000190734863, '2024-04-20'),
(1044, 31.299999237060547, 1440, 68, 1.2100000381469727, 12.100000381469727, '2023-06-14'),
(1154, 31.3799991607666, 1450, 69, 1.2200000286102295, 12.149999618530273, '2023-12-06'),
(1085, 30.340000152587891, 1350, 69, 1.2200000286102295, 12.199999809265137, '2023-08-01'),
(1146, 30.479999542236328, 1360, 69, 1.2300000190734863, 12.25, '2024-01-19'),
(1178, 30.510000228881836, 1370, 70, 1.2300000190734863, 12.300000190734863, '2023-12-16'),
(1255, 30.540000915527344, 1380, 70, 1.2400000095367432, 12.350000381469727, '2023-12-18'),
(1058, 30.569999694824219, 1390, 70, 1.2400000095367432, 12.399999618530273, '2023-11-16'),
(1049, 30.569999694824219, 1400, 70, 1.2400000095367432, 12.449999809265137, '2023-05-29'),
(1194, 30.600000381469727, 1410, 68, 1.25, 12.5, '2023-12-18'),
(1030, 30.729999542236328, 1420, 68, 1.25, 12.550000190734863, '2023-11-29'),
(1257, 30.889999389648438, 1430, 68, 1.2599999904632568, 12.600000381469727, '2023-07-04'),
(1222, 30.940000534057617, 1440, 68, 1.2599999904632568, 12.649999618530273, '2023-11-18'),
(1025, 31.040000915527344, 1450, 68, 1.2699999809265137, 12.699999809265137, '2024-01-07'),
(1147, 31.040000915527344, 1350, 68, 1.2699999809265137, 12.75, '2023-09-12'),
(1162, 31.100000381469727, 1360, 68, 1.2799999713897705, 12.800000190734863, '2023-07-25'),
(1101, 31.159999847412109, 1370, 68, 1.2799999713897705, 12.850000381469727, '2023-12-25'),
(1030, 31.190000534057617, 1380, 68, 1.2899999618530273, 12.899999618530273, '2023-07-30'),
(1108, 31.200000762939453, 1390, 69, 1.2899999618530273, 12.949999809265137, '2023-10-06'),
(1055, 31.239999771118164, 1400, 69, 1.2999999523162842, 13, '2024-03-08'),
(1140, 31.239999771118164, 1410, 69, 1.2999999523162842, 13.050000190734863, '2023-07-13'),
(1100, 31.299999237060547, 1420, 70, 1.309999942779541, 13.100000381469727, '2023-06-14'),
(1234, 31.3799991607666, 1430, 70, 1.309999942779541, 13.149999618530273, '2023-05-31'),
(1183, 30.340000152587891, 1440, 70, 1.3200000524520874, 13.199999809265137, '2023-07-05'),
(1009, 30.479999542236328, 1450, 70, 1.3200000524520874, 13.25, '2024-01-31'),
(1041, 30.510000228881836, 1350, 68, 1.3300000429153442, 13.300000190734863, '2024-04-26'),
(1121, 30.540000915527344, 1360, 68, 1.3300000429153442, 13.350000381469727, '2023-09-17'),
(1193, 30.569999694824219, 1370, 68, 1.3400000333786011, 13.399999618530273, '2024-04-02'),
(1135, 30.569999694824219, 1380, 68, 1.3400000333786011, 13.449999809265137, '2024-04-15'),
(1219, 30.600000381469727, 1390, 68, 1.3500000238418579, 13.5, '2024-03-31'),
(1103, 30.729999542236328, 1400, 68, 1.3500000238418579, 13.550000190734863, '2023-11-03'),
(1171, 30.889999389648438, 1410, 68, 1.3600000143051148, 13.600000381469727, '2024-03-26'),
(1132, 30.940000534057617, 1420, 68, 1.3600000143051148, 13.649999618530273, '2024-01-29'),
(1073, 31.040000915527344, 1430, 68, 1.3700000047683716, 13.699999809265137, '2023-11-26'),
(1023, 31.040000915527344, 1440, 69, 1.3700000047683716, 13.75, '2023-12-28'),
(1100, 31.100000381469727, 1450, 69, 1.3799999952316284, 13.800000190734863, '2024-01-04'),
(1235, 31.159999847412109, 1350, 69, 1.3799999952316284, 13.850000381469727, '2023-10-18'),
(1056, 31.190000534057617, 1360, 70, 1.3899999856948853, 13.899999618530273, '2024-01-27'),
(1034, 31.200000762939453, 1370, 70, 1.3899999856948853, 13.949999809265137, '2023-11-05'),
(1085, 31.239999771118164, 1380, 70, 1.3999999761581421, 14, '2023-09-29'),
(1144, 31.239999771118164, 1390, 70, 1.3999999761581421, 14.050000190734863, '2024-02-13'),
(1095, 31.299999237060547, 1400, 68, 1.4099999666213989, 14.100000381469727, '2024-04-26'),
(1258, 31.3799991607666, 1410, 68, 1.4099999666213989, 14.149999618530273, '2023-08-05'),
(1082, 30.340000152587891, 1420, 68, 1.4199999570846558, 14.199999809265137, '2023-07-04'),
(1085, 30.479999542236328, 1430, 68, 1.4199999570846558, 14.25, '2023-08-16'),
(1162, 30.510000228881836, 1440, 68, 1.4299999475479126, 14.300000190734863, '2023-08-06'),
(1107, 30.540000915527344, 1450, 68, 1.4299999475479126, 14.350000381469727, '2023-06-19'),
(1234, 30.569999694824219, 1350, 68, 1.440000057220459, 14.399999618530273, '2023-09-23'),
(1235, 30.569999694824219, 1360, 68, 1.440000057220459, 14.449999809265137, '2024-01-08'),
(1010, 30.600000381469727, 1370, 68, 1.4500000476837158, 14.5, '2024-02-12'),
(1090, 30.729999542236328, 1380, 68, 1.4500000476837158, 14.550000190734863, '2023-09-01'),
(1009, 30.889999389648438, 1390, 68, 1.4600000381469727, 14.600000381469727, '2023-09-20'),
(1003, 30.940000534057617, 1400, 68, 1.4600000381469727, 14.649999618530273, '2023-12-06'),
(1260, 31.040000915527344, 1410, 68, 1.4700000286102295, 14.699999809265137, '2023-07-10'),
(1205, 31.040000915527344, 1420, 68, 1.4700000286102295, 14.75, '2024-04-25'),
(1224, 31.100000381469727, 1430, 69, 1.4800000190734863, 14.800000190734863, '2024-02-22'),
(1049, 31.159999847412109, 1440, 69, 1.4800000190734863, 14.850000381469727, '2023-08-15'),
(1131, 31.190000534057617, 1450, 69, 1.4900000095367432, 14.899999618530273, '2024-01-13'),
(1208, 31.200000762939453, 1350, 70, 1.4900000095367432, 14.949999809265137, '2024-05-06'),
(1073, 31.239999771118164, 1360, 70, 1.5, 15, '2023-05-28'),
(1194, 31.239999771118164, 1370, 70, 1.5, 15.050000190734863, '2023-12-26'),
(1054, 31.299999237060547, 1380, 70, 1.5099999904632568, 15.100000381469727, '2023-07-24'),
(1086, 31.3799991607666, 1390, 68, 1.5099999904632568, 15.149999618530273, '2023-06-24'),
(1001, 30.340000152587891, 1400, 68, 1.5199999809265137, 15.199999809265137, '2023-06-02'),
(1249, 30.479999542236328, 1410, 68, 1.5199999809265137, 15.25, '2023-09-19'),
(1158, 30.510000228881836, 1420, 68, 1.5299999713897705, 15.300000190734863, '2024-03-11'),
(1208, 30.540000915527344, 1430, 68, 1.5299999713897705, 15.350000381469727, '2024-03-25'),
(1173, 30.569999694824219, 1440, 68, 1.5399999618530273, 15.399999618530273, '2024-01-27'),
(1160, 30.569999694824219, 1450, 68, 1.5399999618530273, 15.449999809265137, '2024-05-04'),
(1077, 30.600000381469727, 1350, 68, 1.5499999523162842, 15.5, '2024-02-14'),
(1095, 30.729999542236328, 1360, 68, 1.5499999523162842, 15.550000190734863, '2023-08-09'),
(1194, 30.889999389648438, 1370, 69, 1.559999942779541, 15.600000381469727, '2023-12-10'),
(1150, 30.940000534057617, 1380, 69, 1.559999942779541, 15.649999618530273, '2023-10-08'),
(1051, 31.040000915527344, 1390, 69, 1.5700000524520874, 15.699999809265137, '2024-01-26'),
(1080, 31.040000915527344, 1400, 70, 1.5700000524520874, 15.75, '2024-03-05'),
(1095, 31.100000381469727, 1410, 70, 1.5800000429153442, 15.800000190734863, '2023-09-22'),
(1222, 31.159999847412109, 1420, 70, 1.5800000429153442, 15.850000381469727, '2023-07-26'),
(1105, 31.190000534057617, 1430, 70, 1.5900000333786011, 15.899999618530273, '2024-02-12'),
(1242, 31.200000762939453, 1440, 68, 1.5900000333786011, 15.949999809265137, '2023-10-04'),
(1024, 31.239999771118164, 1450, 68, 1.6000000238418579, 16, '2023-11-14'),
(1204, 26.590000152587891, 1400, 69, 0.74000000953674316, 7.8000001907348633, '2024-05-24'),
(1204, 35.119998931884766, 1440, 69, 1.440000057220459, 7.5500001907348633, '2024-06-06'),
(1079, 30.940000534057617, 1420, 83, 1.7000000476837158, 7.75, '2024-01-19'),
(1090, 31.040000915527344, 1430, 83, 1.7000000476837158, 7.8000001907348633, '2024-02-08'),
(1127, 30.569999694824219, 2160, 68, 1.1299999952316284, 7.5, '2024-05-29'),
(1050, 26.549999237060547, 1390, 69, 0.73000001907348633, 7.75, '2025-02-26'),
(1248, 35.189998626708984, 1450, 69, 1.4500000476837158, 7.5999999046325684, '2024-01-20'),
(1050, 30.600000381469727, 2170, 68, 1.1399999856948853, 7.5500001907348633, '2023-08-14'),
(1047, 35.209999084472656, 1440, 69, 1.4500000476837158, 7.6500000953674316, '2023-06-07'),
(1169, 35.220001220703125, 1450, 70, 1.4600000381469727, 7.6999998092651367, '2023-12-06'),
(1104, 30.729999542236328, 2180, 68, 1.1399999856948853, 7.5999999046325684, '2024-11-02'),
(1133, 30.540000915527344, 1370, 54, 1.6699999570846558, 7.6999998092651367, '2024-12-09'),
(1051, 30.569999694824219, 1380, 54, 1.6799999475479126, 7.75, '2024-05-17'),
(1015, 30.569999694824219, 1390, 54, 1.6799999475479126, 7.8000001907348633, '2024-07-04'),
(1256, 26.399999618530273, 1380, 69, 0.73000001907348633, 7.6999998092651367, '2024-07-06'),
(1014, 30.889999389648438, 2190, 68, 1.1499999761581421, 7.6500000953674316, '2024-12-03'),
(1166, 26.350000381469727, 1370, 68, 0.72000002861022949, 7.6500000953674316, '2024-04-27'),
(1024, 35.349998474121094, 1350, 70, 1.4600000381469727, 7.75, '2024-06-11'),
(1144, 30.940000534057617, 2200, 68, 1.1499999761581421, 7.6999998092651367, '2025-01-22'),
(1154, 26.299999237060547, 1360, 68, 0.72000002861022949, 7.5999999046325684, '2023-10-15'),
(1124, 31.040000915527344, 2210, 68, 1.1599999666213989, 7.75, '2024-06-17'),
(1020, 31.040000915527344, 1440, 84, 1.7100000381469727, 7.8499999046325684, '2024-12-23'),
(1027, 31.100000381469727, 1450, 84, 1.7100000381469727, 7.9000000953674316, '2023-11-19'),
(1253, 31.159999847412109, 1350, 84, 1.7200000286102295, 7.9499998092651367, '2024-01-25'),
(1189, 31.190000534057617, 1360, 84, 1.7200000286102295, 8, '2024-03-19'),
(1118, 31.200000762939453, 1370, 84, 1.7300000190734863, 8.0500001907348633, '2023-12-01'),
(1080, 31.239999771118164, 1380, 84, 1.7300000190734863, 8.1000003814697266, '2024-09-01'),
(1099, 31.239999771118164, 1390, 84, 1.7400000095367432, 8.1499996185302734, '2024-06-28'),
(1188, 26.25, 1350, 68, 0.70999997854232788, 7.5500001907348633, '2024-04-10'),
(1128, 35.459999084472656, 1360, 70, 1.4700000286102295, 7.8000001907348633, '2024-03-29'),
(1152, 31.040000915527344, 2220, 69, 1.1599999666213989, 7.8000001907348633, '2024-07-27'),
(1046, 35.520000457763672, 1370, 70, 1.4700000286102295, 7.8499999046325684, '2024-02-15'),
(1137, 31.100000381469727, 2230, 69, 1.1699999570846558, 7.8499999046325684, '2024-05-16'),
(1129, 26.139999389648438, 1450, 68, 0.70999997854232788, 7.5, '2024-04-16'),
(1028, 35.590000152587891, 1380, 68, 1.4800000190734863, 7.9000000953674316, '2025-02-10'),
(1195, 31.239999771118164, 1420, 53, 1.6399999856948853, 8.4499998092651367, '2024-06-15'),
(1029, 31.299999237060547, 1430, 53, 1.6499999761581421, 8.5, '2023-08-22'),
(1133, 31.3799991607666, 1440, 53, 1.6499999761581421, 7.5, '2025-01-10'),
(1151, 30.340000152587891, 1450, 53, 1.6599999666213989, 7.5500001907348633, '2024-03-21'),
(1003, 30.479999542236328, 1350, 53, 1.6599999666213989, 7.5999999046325684, '2024-11-07'),
(1164, 30.510000228881836, 1360, 53, 1.6699999570846558, 7.6500000953674316, '2024-01-30'),
(1053, 31.159999847412109, 2240, 69, 1.1699999570846558, 7.9000000953674316, '2024-01-12'),
(1040, 26.069999694824219, 1440, 68, 0.699999988079071, 8.5, '2025-03-23'),
(1202, 35.639999389648438, 1390, 68, 1.4800000190734863, 7.9499998092651367, '2024-11-28'),
(1178, 31.190000534057617, 2250, 70, 1.1799999475479126, 7.9499998092651367, '2024-12-11'),
(1159, 35.700000762939453, 1400, 68, 1.4900000095367432, 8, '2023-11-12'),
(1061, 35.720001220703125, 1410, 68, 1.4900000095367432, 8.0500001907348633, '2024-06-12'),
(1258, 31.200000762939453, 2260, 70, 1.1799999475479126, 8, '2024-01-04'),
(1100, 31.299999237060547, 1400, 85, 1.7400000095367432, 8.1999998092651367, '2024-01-20'),
(1067, 31.3799991607666, 1410, 85, 1.690000057220459, 8.25, '2023-07-13'),
(1206, 30.340000152587891, 1420, 85, 1.6499999761581421, 8.3000001907348633, '2024-02-18'),
(1142, 30.479999542236328, 1430, 85, 1.6599999666213989, 8.3500003814697266, '2024-05-19'),
(1110, 30.510000228881836, 1440, 85, 1.6599999666213989, 8.3999996185302734, '2024-02-23'),
(1072, 30.540000915527344, 1450, 85, 1.6699999570846558, 8.4499998092651367, '2024-09-22'),
(1161, 30.569999694824219, 1350, 85, 1.6699999570846558, 8.5, '2024-06-15'),
(1086, 25.950000762939453, 1410, 68, 0.68999999761581421, 8.3500003814697266, '2024-05-07'),
(1109, 25.959999084472656, 1420, 68, 0.68999999761581421, 8.3999996185302734, '2024-04-05'),
(1163, 25.959999084472656, 1430, 68, 0.699999988079071, 8.4499998092651367, '2025-02-15'),
(1169, 31.239999771118164, 2270, 70, 1.190000057220459, 8.0500001907348633, '2024-11-03'),
(1103, 31.239999771118164, 2280, 70, 1.190000057220459, 8.1000003814697266, '2024-06-24'),
(1073, 25.899999618530273, 1400, 68, 0.68000000715255737, 8.3000001907348633, '2024-06-27'),
(1104, 35.819999694824219, 1420, 68, 1.5, 8.1000003814697266, '2024-03-04'),
(1130, 35.830001831054688, 1430, 68, 1.5, 8.1499996185302734, '2024-07-29'),
(1016, 31.299999237060547, 2290, 68, 1.2000000476837158, 8.1499996185302734, '2024-09-22'),
(1220, 35.860000610351562, 1440, 68, 1.5099999904632568, 8.1999998092651367, '2024-03-07'),
(1212, 35.869998931884766, 1450, 68, 1.5099999904632568, 8.25, '2024-07-17'),
(1179, 30.940000534057617, 1450, 52, 1.6000000238418579, 8.0500001907348633, '2024-10-06'),
(1018, 31.040000915527344, 1350, 52, 1.6100000143051148, 8.1000003814697266, '2024-08-26'),
(1205, 31.040000915527344, 1360, 52, 1.6100000143051148, 8.1499996185302734, '2024-08-07'),
(1251, 31.100000381469727, 1370, 52, 1.6200000047683716, 8.1999998092651367, '2024-07-04'),
(1213, 31.159999847412109, 1380, 52, 1.6200000047683716, 8.25, '2023-08-25'),
(1244, 31.190000534057617, 1390, 52, 1.6299999952316284, 8.3000001907348633, '2024-05-16'),
(1255, 31.200000762939453, 1400, 52, 1.6299999952316284, 8.3500003814697266, '2023-11-25'),
(1099, 31.239999771118164, 1410, 52, 1.6399999856948853, 8.3999996185302734, '2023-06-15'),
(1057, 31.3799991607666, 2300, 68, 1.2000000476837158, 8.1999998092651367, '2024-04-10');

INSERT environment_data
(
    crop_cycle,
    temperature_c,
    rainfall_irrigation_mm,
    humidity_perc,
    wind_speed_m_s,
    sunlight_exposure_h_day,
    update_date
)
VALUES
(1221, 35.909999847412109, 1440, 68, 1.5199999809265137, 8.3000001907348633, '2024-06-03'),
(1208, 35.909999847412109, 1450, 69, 1.5199999809265137, 8.3500003814697266, '2024-10-29'),
(1098, 30.340000152587891, 2310, 70, 1.2100000381469727, 8.25, '2024-12-12'),
(1050, 25.739999771118164, 1390, 70, 0.68000000715255737, 8.25, '2024-10-31'),
(1006, 30.569999694824219, 1360, 86, 1.6799999475479126, 7.5, '2024-10-21'),
(1166, 30.479999542236328, 2320, 70, 1.2100000381469727, 8.3000001907348633, '2024-06-24'),
(1093, 36.060001373291016, 1350, 69, 1.5299999713897705, 8.3999996185302734, '2024-02-18'),
(1227, 30.510000228881836, 2330, 70, 1.2200000286102295, 8.3500003814697266, '2023-11-17'),
(1145, 25.569999694824219, 1370, 70, 0.67000001668930054, 8.1499996185302734, '2024-08-17'),
(1215, 25.610000610351562, 1380, 70, 0.67000001668930054, 8.1999998092651367, '2024-04-20'),
(1165, 30.540000915527344, 2340, 68, 1.2200000286102295, 8.3999996185302734, '2024-08-05'),
(1158, 30.569999694824219, 1400, 51, 1.5800000429153442, 7.8000001907348633, '2024-10-28'),
(1062, 30.569999694824219, 1410, 51, 1.5800000429153442, 7.8499999046325684, '2024-09-19'),
(1020, 30.600000381469727, 1420, 51, 1.5900000333786011, 7.9000000953674316, '2024-11-05'),
(1169, 30.729999542236328, 1430, 51, 1.5900000333786011, 7.9499998092651367, '2024-08-10'),
(1237, 30.889999389648438, 1440, 51, 1.6000000238418579, 8, '2024-01-28'),
(1196, 36.159999847412109, 1360, 69, 1.5299999713897705, 8.4499998092651367, '2024-04-03'),
(1142, 36.200000762939453, 1370, 70, 1.5399999618530273, 8.5, '2024-02-18'),
(1029, 36.200000762939453, 1380, 70, 1.5399999618530273, 7.5, '2024-10-28'),
(1024, 30.569999694824219, 2350, 68, 1.2300000190734863, 8.4499998092651367, '2024-05-25'),
(1102, 30.569999694824219, 2360, 68, 1.2300000190734863, 8.5, '2024-01-19'),
(1231, 30.600000381469727, 2370, 68, 1.2400000095367432, 7.5, '2024-02-08'),
(1163, 36.290000915527344, 1390, 70, 1.5499999523162842, 7.5500001907348633, '2024-09-19'),
(1256, 36.340000152587891, 1400, 70, 1.5499999523162842, 7.5999999046325684, '2024-11-05'),
(1140, 30.600000381469727, 1370, 87, 1.6799999475479126, 7.5500001907348633, '2024-07-09'),
(1024, 30.729999542236328, 1380, 87, 1.690000057220459, 7.5999999046325684, '2024-11-20'),
(1196, 30.889999389648438, 1390, 87, 1.690000057220459, 7.6500000953674316, '2024-08-12'),
(1241, 30.940000534057617, 1400, 87, 1.7000000476837158, 7.6999998092651367, '2024-06-14'),
(1168, 31.040000915527344, 1410, 87, 1.7000000476837158, 7.75, '2025-01-10'),
(1064, 31.040000915527344, 1420, 87, 1.7100000381469727, 7.8000001907348633, '2024-04-12'),
(1194, 31.100000381469727, 1430, 87, 1.7100000381469727, 7.8499999046325684, '2024-01-24'),
(1179, 31.159999847412109, 1440, 87, 1.7200000286102295, 7.9000000953674316, '2024-11-11'),
(1134, 31.190000534057617, 1450, 87, 1.7200000286102295, 7.9499998092651367, '2024-03-12'),
(1090, 31.200000762939453, 1350, 87, 1.7300000190734863, 8, '2024-09-04'),
(1132, 31.239999771118164, 1360, 87, 1.7300000190734863, 8.0500001907348633, '2024-05-26'),
(1219, 31.239999771118164, 1370, 87, 1.7400000095367432, 8.1000003814697266, '2024-08-07'),
(1101, 30.729999542236328, 2380, 68, 1.2400000095367432, 7.5500001907348633, '2024-12-23'),
(1205, 36.360000610351562, 1410, 68, 1.559999942779541, 7.6500000953674316, '2024-08-10'),
(1140, 36.360000610351562, 1420, 68, 1.559999942779541, 7.6999998092651367, '2024-01-28'),
(1057, 30.889999389648438, 2390, 68, 1.2400000095367432, 7.5999999046325684, '2023-11-19'),
(1224, 25.229999542236328, 1360, 70, 0.6600000262260437, 8.1000003814697266, '2024-07-10'),
(1250, 31.3799991607666, 1350, 50, 1.5499999523162842, 7.5500001907348633, '2024-06-03'),
(1222, 30.340000152587891, 1360, 50, 1.559999942779541, 7.5999999046325684, '2024-10-29'),
(1044, 30.479999542236328, 1370, 50, 1.559999942779541, 7.6500000953674316, '2024-02-18'),
(1004, 30.510000228881836, 1380, 50, 1.5700000524520874, 7.6999998092651367, '2024-04-03'),
(1095, 30.540000915527344, 1390, 50, 1.5700000524520874, 7.75, '2024-02-18'),
(1085, 30.940000534057617, 2400, 68, 1.25, 7.6500000953674316, '2024-01-25'),
(1231, 36.560001373291016, 1430, 68, 1.5700000524520874, 7.75, '2024-10-06'),
(1176, 31.040000915527344, 2410, 68, 1.25, 7.6999998092651367, '2024-03-19'),
(1058, 31.040000915527344, 2420, 68, 1.2599999904632568, 7.75, '2023-12-01'),
(1064, 31.299999237060547, 1380, 88, 1.7400000095367432, 8.1499996185302734, '2024-07-02'),
(1121, 31.3799991607666, 1390, 88, 1.5099999904632568, 8.1999998092651367, '2024-07-14'),
(1057, 30.340000152587891, 1400, 88, 1.5199999809265137, 8.25, '2024-01-21'),
(1063, 30.479999542236328, 1410, 88, 1.5199999809265137, 8.3000001907348633, '2023-09-24'),
(1191, 30.510000228881836, 1420, 88, 1.5299999713897705, 8.3500003814697266, '2024-02-20'),
(1247, 31.100000381469727, 2430, 69, 1.2599999904632568, 7.8000001907348633, '2024-09-01'),
(1266, 31.159999847412109, 2440, 69, 1.2699999809265137, 7.8499999046325684, '2024-06-28'),
(1019, 24.979999542236328, 1350, 69, 0.6600000262260437, 8.0500001907348633, '2024-05-11'),
(1096, 36.709999084472656, 1440, 68, 1.5700000524520874, 7.8000001907348633, '2024-08-26'),
(1265, 36.720001220703125, 1450, 68, 1.5800000429153442, 7.8499999046325684, '2024-08-07'),
(1210, 36.729999542236328, 1400, 68, 1.5800000429153442, 7.9000000953674316, '2024-07-04'),
(1173, 36.770000457763672, 1410, 68, 1.5900000333786011, 7.9499998092651367, '2023-08-25'),
(1120, 31.190000534057617, 2450, 69, 1.2699999809265137, 7.9000000953674316, '2024-01-20'),
(1137, 31.200000762939453, 2460, 70, 1.2799999713897705, 7.9499998092651367, '2023-07-13'),
(1073, 24.899999618530273, 1450, 69, 0.64999997615814209, 8, '2024-05-11'),
(1035, 36.840000152587891, 1420, 68, 1.5900000333786011, 8, '2024-05-16'),
(1017, 31.239999771118164, 2470, 70, 1.2799999713897705, 8, '2024-02-18'),
(1221, 24.840000152587891, 1440, 69, 0.64999997615814209, 7.9499998092651367, '2023-08-20'),
(1253, 30.540000915527344, 1430, 89, 1.5299999713897705, 7.5, '2024-03-07'),
(1013, 30.569999694824219, 1440, 89, 1.5399999618530273, 7.5500001907348633, '2024-05-31'),
(1025, 30.569999694824219, 1450, 89, 1.5399999618530273, 7.5999999046325684, '2024-04-02'),
(1196, 30.600000381469727, 1350, 89, 1.5499999523162842, 7.6500000953674316, '2024-03-16'),
(1047, 30.729999542236328, 1360, 89, 1.5499999523162842, 7.6999998092651367, '2024-12-07'),
(1052, 31.239999771118164, 2480, 70, 1.2899999618530273, 8.0500001907348633, '2024-05-19'),
(1060, 24.680000305175781, 1430, 68, 0.63999998569488525, 7.9000000953674316, '2024-12-21'),
(1015, 31.299999237060547, 2490, 70, 1.2899999618530273, 8.1000003814697266, '2024-02-23'),
(1054, 31.3799991607666, 2500, 68, 1.2999999523162842, 8.1499996185302734, '2024-09-22'),
(1243, 24.6200008392334, 1420, 68, 0.63999998569488525, 7.8499999046325684, '2023-12-15'),
(1150, 30.340000152587891, 2510, 68, 1.2999999523162842, 8.1999998092651367, '2024-06-15'),
(1157, 30.479999542236328, 2520, 70, 1.309999942779541, 8.25, '2024-10-21'),
(1232, 30.510000228881836, 2530, 70, 1.309999942779541, 8.3000001907348633, '2024-07-09'),
(1089, 30.889999389648438, 1370, 90, 1.559999942779541, 7.75, '2024-05-17'),
(1148, 30.940000534057617, 1380, 90, 1.559999942779541, 7.8000001907348633, '2024-07-28'),
(1007, 24.430000305175781, 1390, 68, 0.62000000476837158, 7.6999998092651367, '2024-11-11'),
(1212, 24.450000762939453, 1400, 68, 0.62999999523162842, 7.75, '2024-03-18'),
(1195, 24.469999313354492, 1410, 68, 0.62999999523162842, 7.8000001907348633, '2024-07-28'),
(1045, 30.540000915527344, 2540, 68, 1.3200000524520874, 8.3500003814697266, '2024-11-20'),
(1033, 30.569999694824219, 2550, 68, 1.3200000524520874, 8.3999996185302734, '2024-08-12'),
(1111, 30.569999694824219, 2560, 70, 1.3300000429153442, 8.4499998092651367, '2024-06-14'),
(1218, 24.309999465942383, 1370, 68, 0.61000001430511475, 7.5999999046325684, '2025-01-01'),
(1173, 24.309999465942383, 1380, 68, 0.62000000476837158, 7.6500000953674316, '2023-08-27'),
(1010, 30.600000381469727, 2570, 70, 1.3300000429153442, 8.5, '2025-01-10'),
(1007, 30.729999542236328, 2580, 70, 1.3400000333786011, 7.5, '2024-04-12'),
(1139, 24.209999084472656, 1360, 68, 0.61000001430511475, 7.5500001907348633, '2023-12-27'),
(1028, 30.889999389648438, 2590, 68, 1.3400000333786011, 7.5500001907348633, '2024-01-24'),
(1094, 30.940000534057617, 2600, 68, 1.3500000238418579, 7.5999999046325684, '2024-11-11'),
(1081, 24.1299991607666, 1350, 68, 0.60000002384185791, 7.5, '2024-08-13'),
(1007, 31.040000915527344, 2610, 68, 1.3500000238418579, 7.6500000953674316, '2024-03-12'),
(1036, 31.040000915527344, 2620, 68, 1.3600000143051148, 7.6999998092651367, '2024-09-04'),
(1020, 31.100000381469727, 2630, 68, 1.3600000143051148, 7.75, '2024-05-26'),
(1065, 31.159999847412109, 2640, 68, 1.3700000047683716, 7.8000001907348633, '2024-08-07'),
(1064, 31.190000534057617, 2650, 68, 1.3700000047683716, 7.8499999046325684, '2024-07-02'),
(1089, 31.200000762939453, 2660, 68, 1.3799999952316284, 7.9000000953674316, '2024-07-14'),
(1046, 31.239999771118164, 2670, 68, 1.3799999952316284, 7.9499998092651367, '2024-01-21'),
(1178, 31.239999771118164, 2680, 69, 1.3899999856948853, 8, '2023-09-24'),
(1159, 31.299999237060547, 2690, 69, 1.3899999856948853, 8.0500001907348633, '2024-02-20'),
(1133, 31.3799991607666, 2700, 69, 1.3999999761581421, 8.1000003814697266, '2024-03-07'),
(1055, 30.340000152587891, 2710, 70, 1.3999999761581421, 8.1499996185302734, '2024-05-31'),
(1185, 30.479999542236328, 2720, 70, 1.4099999666213989, 8.1999998092651367, '2024-04-02'),
(1115, 30.510000228881836, 2730, 70, 1.4099999666213989, 8.25, '2024-03-16'),
(1117, 30.540000915527344, 2740, 70, 1.4199999570846558, 8.3000001907348633, '2024-12-07'),
(1266, 30.569999694824219, 2750, 68, 1.4199999570846558, 8.3500003814697266, '2024-05-17'),
(1041, 30.569999694824219, 2760, 68, 1.4299999475479126, 8.3999996185302734, '2024-07-28'),
(1211, 30.600000381469727, 2770, 68, 1.4299999475479126, 8.4499998092651367, '2024-09-27'),
(1080, 30.729999542236328, 2780, 68, 1.440000057220459, 8.5, '2024-06-10'),
(1154, 30.889999389648438, 2790, 68, 1.440000057220459, 7.5, '2025-03-15'),
(1252, 30.940000534057617, 2800, 68, 1.4500000476837158, 7.5500001907348633, '2025-01-17'),
(1197, 31.040000915527344, 2810, 69, 1.4500000476837158, 7.5999999046325684, '2024-04-01'),
(1126, 31.040000915527344, 2820, 69, 1.4600000381469727, 7.6500000953674316, '2024-08-13'),
(1141, 31.100000381469727, 2830, 69, 1.4600000381469727, 7.6999998092651367, '2025-01-01'),
(1075, 31.159999847412109, 2840, 70, 1.4700000286102295, 7.75, '2023-11-30'),
(1224, 31.190000534057617, 2850, 70, 1.4700000286102295, 7.8000001907348633, '2024-06-16'),
(1259, 31.200000762939453, 2860, 68, 1.4800000190734863, 7.8499999046325684, '2024-06-06'),
(1218, 31.239999771118164, 2870, 68, 1.4800000190734863, 7.9000000953674316, '2024-01-20'),
(1138, 31.239999771118164, 2880, 68, 1.4900000095367432, 7.9499998092651367, '2023-06-07'),
(1183, 31.299999237060547, 2890, 68, 1.4900000095367432, 8, '2023-12-06'),
(1079, 31.3799991607666, 2900, 69, 1.5, 8.0500001907348633, '2024-06-11'),
(1043, 30.940000534057617, 2910, 69, 1.5, 8.1000003814697266, '2024-03-29'),
(1029, 31.040000915527344, 2920, 69, 1.5099999904632568, 8.1499996185302734, '2024-02-15'),
(1131, 31.040000915527344, 2930, 70, 1.5099999904632568, 8.1999998092651367, '2025-02-10'),
(1257, 31.100000381469727, 2940, 70, 1.5199999809265137, 8.25, '2024-11-28'),
(1248, 31.159999847412109, 2950, 68, 1.5199999809265137, 8.3000001907348633, '2023-11-12'),
(1237, 31.190000534057617, 2960, 68, 1.5299999713897705, 8.3500003814697266, '2024-06-12'),
(1057, 31.200000762939453, 2970, 68, 1.5299999713897705, 8.3999996185302734, '2024-03-04'),
(1023, 31.239999771118164, 2980, 68, 1.5399999618530273, 8.4499998092651367, '2024-07-29'),
(1154, 31.239999771118164, 2990, 68, 1.5399999618530273, 8.5, '2024-03-07'),
(1150, 31.299999237060547, 3000, 68, 1.5499999523162842, 7.5, '2024-07-17'),
(1082, 30.479999542236328, 1380, 69, 1.690000057220459, 7.9499998092651367, '2024-03-17'),
(1067, 30.510000228881836, 1390, 69, 1.690000057220459, 8, '2023-10-15'),
(1005, 30.540000915527344, 1400, 69, 1.7000000476837158, 8.0500001907348633, '2024-09-24'),
(1171, 30.729999542236328, 1390, 69, 0.800000011920929, 8, '2023-09-04'),
(1075, 30.729999542236328, 1360, 68, 1.1000000238418579, 8.3000001907348633, '2023-08-14'),
(1174, 30.889999389648438, 1370, 68, 1.1100000143051148, 8.3500003814697266, '2024-11-02'),
(1148, 30.940000534057617, 1380, 68, 1.1100000143051148, 8.3999996185302734, '2024-12-03'),
(1130, 31.040000915527344, 1390, 68, 1.1200000047683716, 8.4499998092651367, '2025-01-22'),
(1102, 31.040000915527344, 1400, 68, 1.1200000047683716, 8.5, '2024-06-17'),
(1192, 31.040000915527344, 1390, 68, 0.60000002384185791, 7.8499999046325684, '2024-09-27'),
(1262, 31.040000915527344, 1400, 68, 0.61000001430511475, 7.9000000953674316, '2024-06-10'),
(1081, 31.100000381469727, 1410, 68, 0.61000001430511475, 7.9499998092651367, '2025-03-15'),
(1099, 31.159999847412109, 1420, 68, 0.62000000476837158, 8, '2025-01-17'),
(1026, 31.190000534057617, 1430, 68, 0.62000000476837158, 8.0500001907348633, '2024-04-01'),
(1203, 31.200000762939453, 1440, 68, 0.62999999523162842, 8.1000003814697266, '2024-08-13'),
(1035, 31.239999771118164, 1450, 68, 0.62999999523162842, 8.1499996185302734, '2025-01-01'),
(1008, 31.239999771118164, 1350, 68, 0.63999998569488525, 8.1999998092651367, '2023-11-30'),
(1035, 31.299999237060547, 1360, 68, 0.63999998569488525, 8.25, '2024-06-16'),
(1149, 31.3799991607666, 1370, 69, 0.64999997615814209, 8.3000001907348633, '2024-06-06'),
(1138, 30.340000152587891, 1380, 69, 0.64999997615814209, 8.3500003814697266, '2024-01-20'),
(1255, 30.479999542236328, 1390, 69, 0.6600000262260437, 8.3999996185302734, '2023-06-07'),
(1092, 30.510000228881836, 1400, 70, 0.6600000262260437, 8.4499998092651367, '2023-12-06'),
(1151, 30.540000915527344, 1410, 70, 0.67000001668930054, 8.5, '2024-06-11'),
(1255, 30.569999694824219, 1420, 70, 0.67000001668930054, 7.5, '2024-03-29'),
(1213, 30.569999694824219, 1430, 70, 0.68000000715255737, 7.5500001907348633, '2024-02-15'),
(1122, 30.600000381469727, 1440, 68, 0.68000000715255737, 7.5999999046325684, '2025-02-10'),
(1125, 30.729999542236328, 1450, 68, 0.68999999761581421, 7.6500000953674316, '2024-11-28'),
(1064, 30.889999389648438, 1350, 68, 0.68999999761581421, 7.6999998092651367, '2023-11-12'),
(1107, 30.940000534057617, 1360, 68, 0.699999988079071, 7.75, '2024-06-12'),
(1142, 31.040000915527344, 1370, 68, 0.699999988079071, 7.8000001907348633, '2024-03-04'),
(1067, 31.040000915527344, 1380, 68, 0.70999997854232788, 7.8499999046325684, '2024-07-29'),
(1047, 31.100000381469727, 1390, 68, 0.70999997854232788, 7.9000000953674316, '2024-03-07'),
(1176, 31.159999847412109, 1400, 68, 0.72000002861022949, 7.9499998092651367, '2024-07-17'),
(1098, 31.190000534057617, 1410, 68, 0.72000002861022949, 8, '2024-06-03'),
(1248, 31.200000762939453, 1420, 69, 0.73000001907348633, 8.0500001907348633, '2024-10-29'),
(1256, 31.239999771118164, 1430, 69, 0.73000001907348633, 8.1000003814697266, '2024-02-18'),
(1033, 31.239999771118164, 1440, 69, 0.74000000953674316, 8.1499996185302734, '2024-04-03'),
(1164, 31.299999237060547, 1450, 70, 0.74000000953674316, 8.1999998092651367, '2024-02-18'),
(1260, 31.3799991607666, 1350, 70, 0.75, 8.25, '2024-10-28'),
(1211, 30.340000152587891, 1360, 70, 0.75, 8.3000001907348633, '2024-09-19'),
(1050, 30.479999542236328, 1370, 70, 0.75999999046325684, 8.3500003814697266, '2024-11-05'),
(1168, 30.510000228881836, 1380, 68, 0.75999999046325684, 8.3999996185302734, '2024-08-10'),
(1012, 30.540000915527344, 1390, 68, 0.76999998092651367, 8.4499998092651367, '2024-01-28'),
(1118, 30.569999694824219, 1400, 68, 0.76999998092651367, 8.5, '2024-10-06'),
(1188, 30.569999694824219, 1410, 68, 0.77999997138977051, 7.5, '2024-08-26'),
(1250, 30.600000381469727, 1420, 68, 0.77999997138977051, 7.5500001907348633, '2024-08-07'),
(1257, 30.729999542236328, 1430, 68, 0.79000002145767212, 7.5999999046325684, '2024-07-04'),
(1129, 30.889999389648438, 1440, 68, 0.79000002145767212, 7.6500000953674316, '2023-08-25'),
(1047, 30.940000534057617, 1450, 68, 0.800000011920929, 7.6999998092651367, '2024-05-16'),
(1223, 31.040000915527344, 1350, 68, 0.800000011920929, 7.75, '2023-11-25'),
(1022, 31.040000915527344, 1360, 69, 0.81000000238418579, 7.8000001907348633, '2023-06-15'),
(1199, 31.100000381469727, 1370, 69, 0.81000000238418579, 7.8499999046325684, '2024-06-15'),
(1215, 31.159999847412109, 1380, 69, 0.81999999284744263, 7.9000000953674316, '2023-08-22'),
(1250, 31.190000534057617, 1390, 70, 0.81999999284744263, 7.9499998092651367, '2025-01-10'),
(1216, 31.200000762939453, 1400, 70, 0.82999998331069946, 8, '2024-03-21'),
(1122, 31.239999771118164, 1410, 70, 0.82999998331069946, 8.0500001907348633, '2024-11-07'),
(1007, 31.239999771118164, 1420, 70, 0.8399999737739563, 8.1000003814697266, '2024-01-30'),
(1219, 31.299999237060547, 1430, 68, 0.8399999737739563, 8.1499996185302734, '2024-12-09'),
(1213, 31.3799991607666, 1440, 68, 0.85000002384185791, 8.1999998092651367, '2024-05-17'),
(1262, 30.940000534057617, 1450, 68, 0.85000002384185791, 8.25, '2024-07-04'),
(1215, 31.040000915527344, 1350, 68, 0.86000001430511475, 8.3000001907348633, '2023-12-25'),
(1203, 31.040000915527344, 1360, 68, 0.86000001430511475, 8.3500003814697266, '2024-09-01'),
(1068, 31.100000381469727, 1370, 68, 0.87000000476837158, 8.3999996185302734, '2024-07-12'),
(1111, 31.159999847412109, 1380, 68, 0.87000000476837158, 8.4499998092651367, '2023-10-26'),
(1093, 31.190000534057617, 1390, 68, 0.87999999523162842, 8.5, '2024-12-06'),
(1135, 31.200000762939453, 1400, 68, 0.87999999523162842, 7.5, '2024-06-06'),
(1084, 31.239999771118164, 1410, 69, 0.88999998569488525, 7.5500001907348633, '2024-06-09'),
(1125, 31.239999771118164, 1420, 69, 0.88999998569488525, 7.5999999046325684, '2023-12-17'),
(1230, 31.299999237060547, 1430, 69, 0.89999997615814209, 7.6500000953674316, '2024-10-08'),
(1120, 31.3799991607666, 1440, 70, 0.89999997615814209, 7.6999998092651367, '2024-04-18'),
(1246, 30.340000152587891, 1450, 70, 0.9100000262260437, 7.75, '2024-05-03'),
(1029, 30.479999542236328, 1350, 70, 0.9100000262260437, 7.8000001907348633, '2024-02-23'),
(1226, 30.510000228881836, 1360, 70, 0.92000001668930054, 7.8499999046325684, '2024-12-17'),
(1035, 30.540000915527344, 1370, 68, 0.92000001668930054, 7.9000000953674316, '2025-01-15'),
(1243, 30.569999694824219, 1380, 68, 0.93000000715255737, 7.9499998092651367, '2024-07-12'),
(1222, 30.569999694824219, 1390, 68, 0.93000000715255737, 8, '2024-10-11'),
(1011, 30.600000381469727, 1400, 68, 0.93999999761581421, 8.0500001907348633, '2024-03-11'),
(1138, 30.729999542236328, 1410, 68, 0.93999999761581421, 8.1000003814697266, '2024-03-12'),
(1197, 30.889999389648438, 1420, 68, 0.949999988079071, 8.1499996185302734, '2024-07-10'),
(1201, 30.940000534057617, 1430, 68, 0.949999988079071, 8.1999998092651367, '2024-06-11'),
(1132, 31.040000915527344, 1440, 68, 0.95999997854232788, 8.25, '2024-02-29'),
(1075, 31.040000915527344, 1450, 68, 0.95999997854232788, 8.3000001907348633, '2024-08-28'),
(1059, 31.100000381469727, 1350, 69, 0.97000002861022949, 8.3500003814697266, '2024-02-05'),
(1190, 31.159999847412109, 1360, 69, 0.97000002861022949, 8.3999996185302734, '2023-10-26'),
(1046, 31.190000534057617, 1370, 69, 0.98000001907348633, 8.4499998092651367, '2023-12-31'),
(1181, 31.200000762939453, 1380, 70, 0.98000001907348633, 8.5, '2024-02-05'),
(1191, 31.239999771118164, 1390, 70, 0.99000000953674316, 7.5, '2024-03-16'),
(1114, 31.239999771118164, 1400, 70, 0.99000000953674316, 7.5500001907348633, '2023-09-28'),
(1078, 31.299999237060547, 1410, 70, 1, 7.5999999046325684, '2024-01-21'),
(1215, 31.3799991607666, 1420, 68, 1, 7.6500000953674316, '2023-07-15'),
(1180, 30.340000152587891, 1430, 68, 1.0099999904632568, 7.6999998092651367, '2024-01-29'),
(1195, 30.479999542236328, 1440, 68, 1.0099999904632568, 7.75, '2023-06-12'),
(1078, 30.510000228881836, 1450, 68, 1.0199999809265137, 7.8000001907348633, '2023-09-08'),
(1144, 30.540000915527344, 1350, 68, 1.0199999809265137, 7.8499999046325684, '2023-08-29'),
(1068, 30.569999694824219, 1360, 68, 1.0299999713897705, 7.9000000953674316, '2024-01-28'),
(1085, 30.569999694824219, 1370, 68, 1.0299999713897705, 7.9499998092651367, '2023-08-06'),
(1105, 30.600000381469727, 1380, 68, 1.0399999618530273, 8, '2024-04-10'),
(1022, 30.729999542236328, 1390, 68, 1.0399999618530273, 8.0500001907348633, '2023-10-21'),
(1176, 30.889999389648438, 1400, 69, 1.0499999523162842, 8.1000003814697266, '2024-01-31'),
(1189, 30.940000534057617, 1410, 69, 1.0499999523162842, 8.1499996185302734, '2023-12-05'),
(1078, 31.040000915527344, 1420, 69, 1.059999942779541, 8.1999998092651367, '2024-01-21'),
(1143, 31.040000915527344, 1430, 70, 1.059999942779541, 8.25, '2024-03-02'),
(1047, 31.100000381469727, 1440, 70, 1.0700000524520874, 8.3000001907348633, '2024-02-10'),
(1154, 31.159999847412109, 1450, 70, 1.0700000524520874, 8.3500003814697266, '2024-04-30'),
(1230, 31.190000534057617, 1350, 70, 1.0800000429153442, 8.3999996185302734, '2023-10-24'),
(1050, 31.200000762939453, 1360, 68, 1.0800000429153442, 8.4499998092651367, '2024-03-26'),
(1043, 31.239999771118164, 1370, 68, 1.0900000333786011, 8.5, '2024-04-05'),
(1096, 31.239999771118164, 1380, 68, 1.0900000333786011, 7.5, '2023-08-20'),
(1051, 31.299999237060547, 1390, 68, 1.1000000238418579, 7.5500001907348633, '2023-08-05'),
(1018, 31.3799991607666, 1400, 68, 1.1000000238418579, 7.5999999046325684, '2023-06-10'),
(1170, 30.340000152587891, 1410, 68, 1.1100000143051148, 7.6500000953674316, '2023-07-11'),
(1065, 30.479999542236328, 1420, 68, 1.1100000143051148, 7.6999998092651367, '2024-05-16'),
(1031, 30.510000228881836, 1430, 68, 1.1200000047683716, 7.75, '2024-05-14'),
(1219, 30.540000915527344, 1440, 68, 1.1200000047683716, 7.8000001907348633, '2023-09-04'),
(1075, 30.569999694824219, 1450, 69, 1.1299999952316284, 7.8499999046325684, '2023-11-12'),
(1228, 30.569999694824219, 1350, 69, 1.1299999952316284, 7.9000000953674316, '2023-12-30'),
(1039, 30.600000381469727, 1360, 69, 1.1399999856948853, 7.9499998092651367, '2023-08-11'),
(1167, 30.729999542236328, 1370, 70, 1.1399999856948853, 8, '2023-11-19'),
(1223, 30.889999389648438, 1380, 70, 1.1499999761581421, 8.0500001907348633, '2024-02-18'),
(1154, 30.940000534057617, 1390, 70, 1.1499999761581421, 8.1000003814697266, '2023-06-07'),
(1260, 31.040000915527344, 1400, 70, 1.1599999666213989, 8.1499996185302734, '2023-09-12'),
(1091, 31.040000915527344, 1410, 68, 1.1599999666213989, 8.1999998092651367, '2024-02-05'),
(1021, 31.100000381469727, 1420, 68, 1.1699999570846558, 8.25, '2023-10-29'),
(1061, 31.159999847412109, 1430, 68, 1.1699999570846558, 8.3000001907348633, '2024-05-01'),
(1183, 31.190000534057617, 1440, 68, 1.1799999475479126, 8.3500003814697266, '2023-12-26'),
(1060, 31.200000762939453, 1450, 68, 1.1799999475479126, 8.3999996185302734, '2023-05-26'),
(1076, 31.239999771118164, 1350, 68, 1.190000057220459, 8.4499998092651367, '2024-04-15'),
(1227, 31.239999771118164, 1360, 68, 1.190000057220459, 8.5, '2023-10-18'),
(1026, 31.299999237060547, 1370, 68, 1.2000000476837158, 7.5, '2023-08-07'),
(1256, 31.3799991607666, 1380, 68, 1.2000000476837158, 7.5500001907348633, '2023-10-20'),
(1196, 30.340000152587891, 1390, 68, 1.2100000381469727, 7.5999999046325684, '2024-04-23'),
(1086, 30.479999542236328, 1400, 68, 1.2100000381469727, 7.6500000953674316, '2023-11-28'),
(1109, 30.510000228881836, 1410, 68, 1.2200000286102295, 7.6999998092651367, '2024-04-28'),
(1089, 30.540000915527344, 1420, 68, 1.2200000286102295, 7.75, '2023-10-22'),
(1108, 30.569999694824219, 1430, 68, 1.2300000190734863, 7.8000001907348633, '2024-03-27'),
(1065, 30.569999694824219, 1440, 69, 1.2300000190734863, 7.8499999046325684, '2024-04-24'),
(1077, 30.600000381469727, 1450, 69, 1.2400000095367432, 7.9000000953674316, '2023-12-02'),
(1063, 30.729999542236328, 1350, 69, 1.2400000095367432, 7.9499998092651367, '2024-02-17'),
(1073, 30.889999389648438, 1360, 70, 1.2400000095367432, 8, '2024-02-13'),
(1237, 30.940000534057617, 1370, 70, 1.25, 8.0500001907348633, '2023-08-16'),
(1198, 31.040000915527344, 1380, 70, 1.25, 8.1000003814697266, '2024-01-05'),
(1155, 31.040000915527344, 1390, 70, 1.2599999904632568, 8.1499996185302734, '2023-09-24'),
(1157, 31.100000381469727, 1400, 68, 1.2599999904632568, 8.1999998092651367, '2023-08-26'),
(1191, 31.159999847412109, 1410, 68, 1.2699999809265137, 8.25, '2023-12-21'),
(1093, 31.190000534057617, 1420, 68, 1.2699999809265137, 8.3000001907348633, '2023-09-18'),
(1050, 31.200000762939453, 1430, 68, 1.2799999713897705, 8.3500003814697266, '2024-03-28');
